id,category,value
1,C,430.2514342384954
2,A,449.7793292030935
3,C,473.88687836660523
4,C,204.7691162870876
5,A,116.39879797845921
6,A,193.08400104868227
7,C,173.1269271533876
8,B,96.31541712640143
9,C,307.5606683497291
10,C,243.54583864922816
11,C,434.1934862387618
12,C,25.733694436208545
13,A,325.4952845020119
14,C,383.84495047066497
15,B,382.14841890227046
16,A,444.1762438768073
17,B,367.22653398645207
18,B,464.6269302073712
19,B,173.00173391223683
20,B,256.57261420825614
21,A,16.89903500861643
22,A,13.409217778612694
23,B,127.66204402124474
24,B,59.395526598151775
25,A,137.50357028851926
26,A,96.75121431891472
27,A,23.97481217093764
28,C,455.5590317389642
29,C,14.029334380556847
30,C,370.68025072517185
31,B,84.5524645905631
32,C,456.992514779804
33,B,447.47001039904404
34,B,330.4115617209361
35,C,339.39473340229654
36,B,12.616179565147387
37,C,492.58706739566503
38,C,440.13797575214903
39,A,448.60205060774507
40,C,333.02982315492727
41,A,178.9455950407229
42,C,447.8878380543356
43,C,152.84329479408424
44,A,285.7286562376794
45,A,58.868176448502375
46,C,461.7582587650476
47,B,78.97752430789453
48,A,120.19943480789956
49,B,283.48573748282536
50,B,384.40557010436095
51,B,313.4821399087865
52,A,123.74561727207652
53,B,10.462090838470264
54,A,381.0037843506452
55,B,492.75158969643593
56,C,406.8574289499843
57,C,235.50124289674153
58,A,452.84595808556224
59,C,210.82535982799152
60,C,267.2177012792991
61,B,243.79358602388479
62,A,229.33569760610723
63,B,389.8434769540138
64,B,268.11676456205106
65,B,165.19138979235586
66,B,136.49750215265436
67,B,28.49618531404236
68,B,295.7656293226925
69,B,122.68109354650676
70,A,82.58562178802771
71,C,330.3766822755621
72,B,343.79253633255894
73,B,378.5558972062563
74,B,256.7526792059098
75,B,448.0867565499044
76,B,468.8079491651316
77,B,405.6117604983198
78,C,321.44080618401176
79,C,158.82326725968244
80,B,491.6430115939084
81,C,144.3267219240498
82,A,109.30189177531122
83,B,226.65551575542554
84,A,37.85187964907034
85,A,489.4622876891775
86,B,298.3324426440482
87,C,282.90652491544586
88,A,331.34017715086276
89,B,253.54158741083126
90,A,25.711123376325375
91,A,310.0325315317944
92,A,360.925199708651
93,A,214.20703970578603
94,C,381.07483031488454
95,A,121.2306366758261
96,A,118.42552962243018
97,A,89.09432396691123
98,C,192.2774322966893
99,A,425.03589734065093
100,A,415.6769104530415
101,C,197.58386190211687
102,C,298.66818063031593
103,C,363.19999507270865
104,A,128.19131956773126
105,C,92.38913208842607
106,C,486.3270366740324
107,A,312.6030834727131
108,C,490.8937036984953
109,A,175.50043369479226
110,B,354.48553298732446
111,C,119.07578190520648
112,B,137.98808392421734
113,A,260.8320394221157
114,C,166.6128814989549
115,A,92.13456628188639
116,B,138.81154397476973
117,A,27.516713288273674
118,C,355.1675745239684
119,C,251.1371619720722
120,B,56.179102538217556
121,A,94.13005663296069
122,C,60.241923675195565
123,B,310.17047605517945
124,C,56.16307817012196
125,C,379.59834318725586
126,A,20.050350466991674
127,C,132.1941361179871
128,A,446.4266711870345
129,C,362.08034587990056
130,B,45.75448313358698
131,C,412.35179119773807
132,A,251.58720955470034
133,A,424.9236833127263
134,B,304.3624894806928
135,C,344.09818569610076
136,C,496.815764593897
137,B,123.8444175027689
138,C,315.7333316330803
139,C,235.5574811281252
140,A,29.331456932118805
141,C,17.090614336403867
142,C,68.42200313075075
143,B,328.05495286388856
144,B,287.9099130775622
145,A,281.1804849702264
146,C,25.60981363884744
147,C,239.95846821640345
148,C,463.065180742839
149,A,204.82001596221684
150,A,316.2120101963436
151,B,392.1111510553403
152,A,394.12338677952494
153,C,264.447240373683
154,C,430.3964532471448
155,A,201.77526574823602
156,C,445.4596752445512
157,C,127.7113115338172
158,A,147.30603942537982
159,A,36.02910585751054
160,C,399.8350999057186
161,C,214.35706575402574
162,C,122.26714081658552
163,B,123.57723603212403
164,B,451.68597120232425
165,B,418.61913422590806
166,A,281.23013382501983
167,B,311.89429220370334
168,A,242.4195295696426
169,A,201.91660601061633
170,B,458.5836717969824
171,B,71.55022472494801
172,B,215.0389269609517
173,C,178.8353349140589
174,B,254.0938529230627
175,C,234.23961852713578
176,A,264.25587050902993
177,C,78.56029884122711
178,B,261.4393357415058
179,A,128.78521880473335
180,A,100.32236100421372
181,A,41.7687672052337
182,C,383.699753790509
183,B,219.4465412197144
184,A,317.0554048227616
185,A,366.52073821932424
186,A,342.8651660036412
187,C,240.5453523539443
188,C,200.07027918634762
189,B,194.22035572392522
190,C,323.6239104957276
191,A,252.44923392151796
192,B,426.0748015143702
193,A,438.60397232008893
194,A,93.57458522319405
195,C,76.75448925740557
196,B,318.89645375763973
197,C,157.60061655051692
198,C,19.09965219489844
199,B,445.434907987848
200,A,121.18137594946604
201,A,465.34751932604644
202,B,361.54288093034427
203,A,383.7002100566273
204,B,108.7161329386486
205,B,124.75526855223833
206,C,265.4211993737922
207,B,94.32892779843246
208,C,159.66152941468582
209,A,167.5166141944242
210,A,88.21866729385441
211,A,110.53958836362877
212,A,396.3904025840457
213,C,91.92596872816151
214,A,23.94412200352202
215,B,318.3839218881798
216,B,488.2317285023005
217,B,172.29476916532948
218,C,68.14129456616362
219,A,289.48978943009007
220,A,454.1135634368666
221,A,394.1902721159546
222,C,315.03277552223085
223,B,164.3776833377237
224,B,275.5212849053478
225,A,54.709972239085126
226,B,342.6832578975283
227,B,365.2970492598489
228,C,482.86549522586023
229,C,137.5947057850851
230,C,19.043645331081095
231,C,277.3481475693038
232,A,356.3273471544391
233,C,397.2996631826641
234,B,104.9320771821572
235,A,138.2589058281416
236,B,261.16955338097523
237,B,171.99439688530092
238,B,431.65062842784806
239,C,242.14247533197292
240,C,401.79353560998146
241,A,294.50368263635335
242,A,388.8141693923849
243,C,173.00976339985868
244,B,417.3941447458525
245,A,144.54043462000058
246,C,277.58841592161247
247,C,114.86348545519837
248,C,243.00799559683475
249,B,165.90585265926455
250,C,140.684681012235
251,C,483.8226588337384
252,C,88.43631168849801
253,C,395.78966035412367
254,A,492.2408301467753
255,A,19.751727032638136
256,C,352.52343288062656
257,B,133.9267847225807
258,A,29.839033920869177
259,C,207.4158936887491
260,A,468.25672698372875
261,A,15.764896239828866
262,B,298.063989045593
263,C,255.6842745117089
264,C,437.95824054181327
265,B,51.16084011510657
266,B,343.94775464445866
267,C,343.2537522323059
268,C,337.8492082625188
269,B,471.7439025181681
270,A,413.3128892133714
271,A,30.566635859317945
272,B,240.83059684521146
273,A,204.9969975386534
274,B,161.972138334493
275,A,231.15499532550766
276,A,198.25515061372894
277,C,221.843610940546
278,C,489.8383141482348
279,A,53.43015762729458
280,A,461.8931262209776
281,C,245.31598960080308
282,C,315.63370029477517
283,C,416.78965364267
284,B,186.6268842831352
285,A,220.90673496310376
286,C,210.66405533656985
287,A,193.61820104252232
288,B,463.5093676069785
289,B,416.1756466845759
290,C,63.40999503285829
291,B,62.98044271377706
292,A,219.65606227796567
293,C,58.34211459907644
294,A,313.3556166828486
295,A,80.40888755824962
296,B,265.9628993437325
297,B,13.537774031821698
298,B,165.1322107221969
299,B,341.8234545996012
300,B,247.17908071164572
301,C,489.3520481395042
302,A,438.3108600724433
303,A,185.9446817311441
304,A,32.28840532141456
305,A,424.3568870563592
306,B,456.50481205418896
307,A,412.107422775328
308,C,72.69547105068477
309,C,498.978415862021
310,A,136.70626856085917
311,A,364.86040727610134
312,C,454.9370894045036
313,C,125.48668602204762
314,B,455.0466917917624
315,C,161.6459738054848
316,B,488.4424789681875
317,B,147.81740998643255
318,B,477.18355413133924
319,B,36.23687893741071
320,B,357.5432857182084
321,A,270.7344555801318
322,C,244.159767790138
323,B,119.5122139853616
324,C,355.74193699048107
325,C,103.49665080869048
326,B,280.8924800325364
327,A,134.09022788972288
328,B,478.2544760928645
329,A,24.029284979469885
330,C,107.86685725450592
331,A,128.7321971298494
332,A,212.89323462623005
333,A,124.03781851632623
334,C,250.76105423170478
335,C,437.5081063966841
336,A,358.91107649049366
337,A,294.1813704622044
338,B,53.61155721151303
339,A,350.05613311074507
340,B,91.54299931236052
341,A,395.320019121232
342,B,132.52781166997505
343,C,214.35387687724145
344,A,181.73039913578467
345,A,430.81881819067985
346,A,72.00678476956999
347,A,287.1659923685464
348,B,79.6101886271005
349,A,355.34995970477144
350,C,453.4882826192958
351,C,222.9577503949542
352,A,249.16520752983817
353,C,464.4371898765535
354,A,265.285780438185
355,A,248.92323464428486
356,C,293.38126032510905
357,A,347.7225708178464
358,C,62.37285379264538
359,B,412.34415859334285
360,A,223.39746345209704
361,B,45.450769849767916
362,C,395.2295079071244
363,B,194.7054861262733
364,B,59.18007259657643
365,C,320.5517293761928
366,B,441.26436318248443
367,B,444.9992196128533
368,C,479.25510265639684
369,B,435.17567528567713
370,C,11.04905047928286
371,B,196.3181715425612
372,C,411.0858641536965
373,C,189.46397293925236
374,B,304.758768126056
375,B,307.0953042135207
376,B,188.86239897902328
377,A,453.19222436783093
378,A,256.5818892391976
379,A,237.74426090937538
380,C,498.781735374329
381,B,251.81517839558217
382,C,97.41514344500472
383,A,261.40401720308466
384,B,408.86820040476573
385,C,390.6615601801579
386,B,396.4050649031508
387,C,356.93165415897676
388,B,134.56673624267722
389,A,432.4212020617134
390,A,447.7872980343699
391,B,105.13482134308904
392,C,73.92326191018302
393,A,488.0464346086649
394,A,435.47874218868026
395,A,447.6857121328739
396,B,444.32442846595364
397,B,275.4265437765269
398,C,326.73685096624183
399,C,277.2277975454844
400,C,35.09111110326124
401,B,375.2965118228586
402,B,257.6126963345813
403,C,327.3774466472126
404,C,256.2935044380123
405,B,250.98754793800342
406,C,94.17666364410574
407,A,146.569720419163
408,B,87.83781905253834
409,C,105.87648485641779
410,B,486.7589164059494
411,A,85.02558842837723
412,B,141.94250790955175
413,B,299.38893229190666
414,B,308.9875023559545
415,B,85.44732357447624
416,A,398.92153863475403
417,B,394.74940527728427
418,B,126.28567505990664
419,C,151.4464883109756
420,B,469.6140540751535
421,C,414.57900852994425
422,A,351.9205462006367
423,A,50.294278540194256
424,A,214.9493996422621
425,A,284.05791731764526
426,C,101.8315311120507
427,B,229.63102523303002
428,A,304.5026799694581
429,B,170.41457325654562
430,C,392.66296128573873
431,C,421.8202950030147
432,C,168.56864002269467
433,A,420.942005701304
434,B,60.75251739047736
435,B,420.4872583251016
436,B,84.84771151713213
437,C,50.63430472976576
438,A,324.4699481760955
439,C,241.24930922009423
440,C,454.86639420228806
441,B,187.9627060845161
442,C,150.70460908443806
443,B,255.36010401065718
444,A,233.41363102664403
445,B,178.76974264642226
446,A,349.933236362181
447,B,382.1852986178151
448,C,427.96214482476694
449,C,486.699736308068
450,A,140.6615341449272
451,A,360.88580642008117
452,A,203.18653539291518
453,B,341.77016625604296
454,B,243.23102827111796
455,A,496.9488203562865
456,C,367.16204653746746
457,B,476.720737212819
458,B,419.135079245781
459,B,452.4214954700518
460,A,409.0654066351907
461,A,234.98797388419658
462,A,133.37634213997336
463,A,191.45688597075588
464,A,19.91575399357572
465,C,266.7566520576869
466,C,257.47832213250024
467,A,267.37272776693925
468,B,487.2753002363113
469,A,456.61246169287125
470,C,89.23926138175293
471,C,190.7524355623857
472,B,217.73852793699834
473,C,186.6611297473074
474,A,401.2630221659174
475,B,266.77845823511757
476,A,290.32891031609626
477,A,427.9766439040835
478,B,404.9047951735257
479,A,74.78364618194685
480,C,359.8181462009808
481,A,223.36370316199742
482,B,154.37796250062522
483,B,34.50922224207131
484,B,248.75228456927098
485,A,184.1639735550204
486,B,133.2413894414364
487,B,350.3891475025092
488,A,387.04783978463763
489,C,129.94686432441816
490,A,34.229243972880155
491,B,425.8888232769651
492,B,14.880273190108626
493,A,469.1851220215213
494,C,317.5337382515259
495,B,167.70485124864695
496,B,130.77417569260075
497,B,14.41277548959287
498,A,125.3809943353298
499,B,77.48686774339915
500,C,309.9614481543414
501,B,91.60733841096264
502,B,269.0286203929435
503,C,299.1570469487907
504,B,156.0404321899881
505,A,27.181825019172166
506,A,28.25440150095609
507,A,22.910192775019627
508,C,372.17108689690764
509,B,165.82475535900608
510,A,400.1870911241552
511,C,221.5490836829961
512,B,231.96906940668228
513,C,261.31247522969113
514,A,359.3854136238009
515,A,144.01640425655646
516,A,69.57780127142817
517,C,282.46809424381615
518,C,170.21903538894225
519,A,226.82074369733832
520,C,327.00388708527964
521,A,252.1216131592226
522,A,313.936620379413
523,B,276.65800103567767
524,C,372.5002222486886
525,A,355.9089426786938
526,A,271.7530469862234
527,C,342.6624802212564
528,B,438.04420511358023
529,B,221.8129310162026
530,A,212.2539056469089
531,C,384.4803542176663
532,B,295.45138015057705
533,C,44.79332230906839
534,C,447.1348876886299
535,A,25.083720096443667
536,B,376.71421454277413
537,A,381.8091299251133
538,B,477.02443178814593
539,B,36.52586011713717
540,B,302.4598617844006
541,B,219.64187960725593
542,B,172.01014788117558
543,C,54.25609454654579
544,A,285.7005186389415
545,C,244.7299555805607
546,B,61.23168449400189
547,A,310.11985847757086
548,B,371.59702892393983
549,A,385.9663675162876
550,C,453.63286224858945
551,A,210.64066352550083
552,A,477.0056566248471
553,A,434.0604084905162
554,A,155.28576980173014
555,A,88.04868830123465
556,B,223.34080410272657
557,A,206.93036689842364
558,A,292.1024596122901
559,C,295.8592538405965
560,A,377.49362234618786
561,C,259.846074620749
562,B,61.363094060975115
563,A,430.56275442102196
564,C,161.78464576074165
565,C,485.9357555502301
566,B,67.75145325308736
567,A,479.5430743939266
568,A,54.59578537243332
569,C,123.20770759405913
570,A,32.82417162240538
571,C,355.5054418531075
572,A,426.646380920178
573,C,222.69483008983042
574,A,464.9758167707905
575,B,299.2465451602438
576,A,318.7034963687964
577,A,424.25540883337726
578,B,155.43210047540106
579,A,183.59020345053665
580,B,453.91644040537574
581,A,451.47211305899424
582,C,488.47656033842674
583,C,451.90077505641887
584,A,72.41229765634684
585,A,413.6249002071238
586,A,210.8208542737011
587,C,495.49266441350954
588,A,241.41767252111254
589,C,281.3796804260881
590,B,269.5897084758313
591,C,167.6511446305561
592,C,46.7608235575299
593,B,448.8691028969401
594,C,403.31114813788054
595,A,78.36812247423795
596,A,390.6164529615357
597,C,316.6648663647989
598,A,210.48045607963493
599,C,134.47036305682573
600,A,431.2671039160939
601,A,353.092247054086
602,C,278.39255563987706
603,A,308.6885816102474
604,C,54.62242922026868
605,A,242.22068284648404
606,A,104.91314346499398
607,B,112.10800271432443
608,B,334.0389415205647
609,C,456.51551439880114
610,B,207.84073913438982
611,C,111.79714377597328
612,B,327.8859992459606
613,A,436.8816527116557
614,C,376.6762125500205
615,C,435.6910429629277
616,A,272.91178879529167
617,C,378.41935974090353
618,C,78.63163408587887
619,B,180.65456152796384
620,C,200.879090595946
621,A,260.534915660557
622,B,465.2474165258436
623,B,438.4053145088654
624,A,75.91749122170042
625,A,94.66692942240697
626,B,185.24386929856655
627,C,152.4644942864302
628,B,311.23776704656854
629,A,452.360263404627
630,B,481.5228554195675
631,A,330.26544674226096
632,B,420.6980086865325
633,C,267.34907811309057
634,B,112.08020396141946
635,B,267.0973219258039
636,A,281.990474704449
637,A,373.80420646464273
638,A,117.74266495660106
639,B,190.47208722249854
640,C,188.3734599151375
641,A,480.1254019131708
642,A,227.53303056009227
643,B,379.99604397609176
644,A,377.89757687347515
645,C,140.11665055358827
646,C,290.2161477921487
647,A,448.20841772613755
648,A,242.84688253390522
649,B,473.1075785978476
650,C,115.08453236883918
651,C,46.33796182927506
652,A,446.8123978409272
653,B,425.3637870014862
654,C,496.3690392075839
655,C,342.90280917508875
656,B,468.9770840669033
657,B,415.20502229121433
658,C,423.76890322884253
659,C,288.87936952259145
660,B,197.35865297918832
661,C,467.9334555462081
662,A,221.7374160517883
663,A,274.02148995233784
664,B,228.59601049134199
665,B,286.7609738404966
666,B,240.54748870624033
667,A,33.50410370394318
668,C,442.2036111437723
669,A,227.7529712687272
670,C,298.5823877686009
671,A,78.20202335141364
672,C,11.660045511493177
673,A,130.19214588538506
674,B,355.2471557453416
675,A,58.60531975531051
676,C,455.3548457893692
677,A,115.36105898453044
678,A,110.25087100297014
679,A,98.9389011945328
680,B,16.851039355968727
681,A,388.18467955433493
682,B,438.76692031017666
683,B,310.93972428193746
684,A,102.21799102313253
685,A,149.78621850103107
686,A,243.204081708832
687,C,477.62951629541743
688,A,131.20217219069397
689,B,368.50649292074513
690,A,225.32962941353097
691,C,155.9452006964107
692,A,233.39880914083574
693,C,44.89129159520394
694,C,401.35681175587763
695,A,129.2179447116539
696,B,365.4519403645555
697,C,43.49070200961541
698,A,477.99829252118616
699,A,104.57734284879233
700,B,442.5436173414694
701,C,406.6418727115629
702,C,484.2513627998938
703,A,244.16642386341732
704,A,366.42467398451623
705,B,191.6482219485142
706,B,100.34043662964997
707,C,227.10720713738993
708,C,91.2170175403429
709,A,491.2018651653281
710,C,57.160780658951026
711,B,298.713744491784
712,B,316.9672890744874
713,A,273.6589760082866
714,B,334.47108399879846
715,B,66.92857975582656
716,B,281.95907686059263
717,B,150.73415985240715
718,A,470.68627101751775
719,A,383.4151101854656
720,C,486.5320962582739
721,B,28.402474172692877
722,C,149.71525583854725
723,A,105.757067452791
724,A,15.465747782796946
725,A,128.7396078206975
726,A,342.6002319250102
727,A,123.23357184593858
728,A,259.4116882864829
729,A,445.03087633284935
730,B,349.94138097104684
731,C,203.36824425395565
732,A,192.50978006693308
733,B,233.3105488641575
734,B,96.75030611935412
735,C,320.66037603383415
736,A,188.43488136125669
737,C,427.6590211384014
738,A,380.71080342833
739,B,309.1514504051584
740,B,188.45908909826287
741,B,112.86659752000735
742,B,390.3144134117552
743,C,248.3404585056324
744,A,120.12751870690518
745,A,105.63556136960304
746,C,91.04644320566592
747,A,390.8089861407415
748,B,122.20372079715274
749,A,268.05470912734677
750,B,231.25771687679767
751,C,294.0093406218591
752,A,439.8059011818852
753,C,435.196221140048
754,A,231.02727519418121
755,B,17.52946286001442
756,C,218.95746480000855
757,A,307.0348333378288
758,B,283.3047319580503
759,C,329.1546918421007
760,C,85.49710891181091
761,A,326.80219840255893
762,A,99.49929318444839
763,A,377.756750541407
764,B,176.1529304987132
765,A,357.84876235691223
766,C,33.45414346399247
767,C,209.85141253954757
768,A,355.46691590903305
769,A,121.16655300243212
770,C,399.69065195063905
771,B,319.08206922141665
772,A,297.9052683534012
773,A,183.2389385601252
774,C,246.4012204867476
775,A,302.70115747914804
776,B,241.50643581829632
777,C,352.17352873087447
778,A,222.51149722241018
779,C,109.11385905359487
780,A,114.82755357251315
781,A,12.843846733041136
782,A,157.4692806237495
783,B,376.9696438344746
784,B,399.1397273304287
785,C,109.2090956269175
786,A,479.93155846698977
787,A,256.17736880526206
788,B,459.31958701906626
789,A,356.3149881121993
790,B,363.9923772809824
791,A,51.671374439974855
792,C,117.79565217949603
793,A,14.319268314291591
794,A,360.9025438336014
795,B,178.7747613299699
796,A,395.4597328774099
797,A,176.07874776914286
798,B,411.47353862644195
799,C,74.04214433667337
800,C,94.95284681117901
801,B,177.02950439612889
802,B,210.15882055231393
803,B,180.8643773130594
804,B,384.18704593637773
805,B,57.506182387090206
806,C,182.09633962285915
807,C,420.2475997625751
808,B,42.730567858464276
809,A,471.7483187589651
810,B,493.2952527132863
811,A,53.398405174289245
812,B,152.7235359053111
813,B,192.47632635732452
814,C,390.43177063983575
815,A,302.0041379371996
816,A,325.739193241358
817,C,381.1798131810679
818,C,67.8097097241426
819,C,418.2726338860286
820,C,355.75370404827055
821,A,292.89744534622145
822,A,445.9703140436978
823,B,353.1501134030655
824,B,108.83298168920246
825,C,220.57523672707669
826,C,252.08100479850933
827,C,37.05663710769876
828,B,477.7723815464273
829,B,73.00285779047046
830,B,351.75602094109615
831,B,258.0532076845313
832,B,22.55980244336707
833,B,463.1262631735372
834,B,427.40003632127724
835,C,266.8863846728794
836,C,122.18174470832818
837,C,69.59521643324618
838,C,188.06231492174203
839,B,135.15985771258434
840,A,258.2786884930864
841,B,483.5405551004802
842,A,291.7272116825243
843,C,446.06621738614797
844,B,328.93063037293086
845,C,242.87079802772823
846,B,428.75770573935193
847,C,240.97037398476877
848,A,435.6278035500769
849,A,152.87261709212498
850,A,73.11840614386418
851,B,429.1040875378398
852,A,297.83343025840674
853,B,445.65527514199044
854,A,469.53533142626776
855,A,36.277911282010095
856,B,255.4749579108455
857,B,193.73262904651932
858,A,316.6706145643574
859,B,398.85968662913854
860,A,147.4892058274408
861,B,282.8312083428541
862,C,357.2770041534008
863,C,75.87123058950966
864,C,408.8927839161208
865,C,306.9937039279568
866,C,475.2733441856894
867,A,176.3691703740397
868,C,62.99151174522734
869,C,258.18558850809336
870,C,52.047278137625035
871,C,485.0679964287633
872,B,28.955629546023854
873,A,379.21691154258093
874,C,267.30017508969956
875,C,190.62411972416146
876,C,42.26266060924078
877,A,314.8617928450678
878,B,296.7579614015681
879,A,147.63280380312386
880,B,456.0086336910529
881,C,159.01390359799007
882,C,230.365451190132
883,A,276.4436034001413
884,A,59.113620306380184
885,B,466.7592424146798
886,B,193.52271470101013
887,A,49.58181479842837
888,B,199.77267510091167
889,A,304.0992480753645
890,B,261.6898091924515
891,A,350.32556727826426
892,A,37.18713161327621
893,A,149.4248990333075
894,B,411.4229826516501
895,B,49.14790701776682
896,B,429.1881178010192
897,A,55.02908511778206
898,B,418.88256529693115
899,B,186.78631652857607
900,A,309.98244099603573
901,C,84.9146866675191
902,A,42.42267364533861
903,B,115.8097199698662
904,A,72.64837077526082
905,C,163.07888986301958
906,A,262.04779079039986
907,B,298.49213714685465
908,C,397.035372616074
909,B,331.55754769169573
910,C,308.29157931348095
911,C,211.77319346802958
912,A,242.16613313046795
913,A,213.11520640118874
914,B,422.66135473007773
915,A,122.70022174871592
916,A,12.803256455562666
917,C,329.14674964085725
918,A,109.20646998302739
919,C,446.1564167918066
920,C,430.93270155626146
921,C,47.59641224482088
922,B,62.1303186528979
923,B,252.6340802008665
924,B,308.5191047569838
925,C,144.70508536629796
926,B,361.23088118269163
927,B,301.50885025024706
928,A,169.1638137767918
929,B,22.43202914073464
930,B,377.5736378362737
931,C,115.22929625429053
932,C,418.8921342966879
933,C,215.94222742658505
934,C,292.76794688956505
935,C,437.7448779004109
936,C,433.17527045077713
937,B,192.0445918693509
938,C,112.35555743027312
939,C,389.8215780870114
940,A,222.20929976504428
941,B,104.10057684391201
942,B,453.1684177354036
943,B,107.07105517813282
944,C,22.64551241370323
945,C,19.937187146035782
946,C,314.9345246625895
947,A,334.2207797515899
948,C,162.4104354779221
949,A,166.80538473106105
950,B,176.35201837937194
951,C,343.27768791185053
952,A,38.485557603146006
953,A,465.26701281874955
954,C,119.03531164694876
955,B,499.8398705686252
956,B,94.04611995572162
957,B,388.05776408306497
958,A,119.47214701551627
959,A,49.61493280519445
960,A,438.7173289318179
961,A,430.788117003537
962,B,207.74949230030467
963,C,354.17410984480915
964,A,282.9623070151194
965,A,427.9484957001369
966,B,164.37742496614067
967,C,266.5994759995027
968,C,247.83246189022972
969,B,183.41385486586077
970,B,446.8129816326224
971,C,91.28018308464239
972,A,83.25923336514111
973,C,292.6856723081482
974,B,332.1721726926216
975,A,105.36343461903694
976,A,201.45154670476583
977,B,473.8162830595844
978,B,130.84253711843024
979,B,337.4967440375231
980,C,372.6732029118195
981,C,229.58306273792817
982,A,469.38773351219567
983,B,370.96180025720736
984,A,234.38304413183994
985,A,288.97424887028603
986,A,349.38058727829934
987,A,300.1731884103169
988,B,440.5618160747772
989,A,184.87544451739657
990,B,156.94401262734442
991,B,114.78105585267951
992,C,28.513654351651617
993,B,31.076842546227116
994,C,436.3270446235486
995,B,342.4126417388946
996,B,333.6608835638782
997,B,311.17498127809415
998,C,426.11738090011136
999,C,245.33079357615745
1000,A,436.50130599356714
1001,C,186.1280628292972
1002,C,464.08667712615437
1003,C,352.3419202398077
1004,C,136.01679665196934
1005,A,286.4016116274263
1006,C,271.18497512924523
1007,B,77.57042264786364
1008,B,299.7090238178009
1009,C,164.2449556213094
1010,C,35.650895736705195
1011,B,474.8415172762168
1012,B,324.330280841501
1013,A,439.69027661671504
1014,B,341.26744245649405
1015,B,184.92200914865535
1016,C,261.2171554411176
1017,B,341.1159125701168
1018,A,480.5236393487044
1019,B,134.29803496963126
1020,C,438.73875872581766
1021,C,462.798124594192
1022,B,338.5036021828887
1023,C,466.3206474266555
1024,A,204.96050786391055
1025,A,476.97792625981697
1026,B,354.3636098113277
1027,B,30.58282603521783
1028,B,454.3676875913359
1029,C,247.39167642626435
1030,A,235.5602225411381
1031,A,287.5686369300208
1032,C,83.19842791790168
1033,A,239.89136379802534
1034,B,417.2523361916954
1035,B,17.586404977382514
1036,B,143.72940855894194
1037,A,11.202747357483668
1038,B,213.69854148342569
1039,C,366.87460014193
1040,C,401.398196266168
1041,A,473.14298295223324
1042,C,308.1672603556854
1043,C,134.76716465991876
1044,A,462.83249507698247
1045,B,389.9047194013843
1046,B,291.46995667154084
1047,B,350.86370570227865
1048,A,462.91501395364025
1049,C,359.0730739517316
1050,B,190.50350871651966
1051,B,359.3838191216574
1052,A,29.736299740340055
1053,B,199.3436252969848
1054,A,209.09828560433385
1055,C,91.75073486620899
1056,A,21.311885470367386
1057,A,75.35680595249399
1058,A,330.764532940557
1059,A,403.1215200182069
1060,C,494.2197114362173
1061,C,179.7181165231622
1062,B,303.69581890793984
1063,C,469.20103373940975
1064,C,91.85047285569479
1065,B,361.6463373079439
1066,C,379.93957924308995
1067,A,53.5980125759758
1068,A,432.0121987397019
1069,B,408.4214730843135
1070,B,26.367473222942877
1071,B,54.63136329122523
1072,A,34.072178007007636
1073,C,174.02433058168748
1074,A,259.5516054331638
1075,B,270.8503866977681
1076,C,141.1567122870269
1077,C,456.68247441453434
1078,A,190.44876703723747
1079,B,32.319576423022724
1080,A,157.11128465527932
1081,C,270.2436170466362
1082,A,210.0286930682337
1083,A,144.182834358637
1084,B,74.34839238451553
1085,B,411.3906050471526
1086,C,498.11116864085403
1087,A,171.47564542670221
1088,A,196.99431164653592
1089,A,312.83838709170897
1090,C,362.03632262041526
1091,C,202.09447205375972
1092,B,453.4154633210895
1093,B,284.40195472217
1094,B,230.6911374389062
1095,A,326.8696490483535
1096,A,476.8738856420949
1097,B,399.3306242666357
1098,A,29.60643396221093
1099,B,172.83185626258023
1100,C,240.56689562609913
1101,B,164.1136103824616
1102,C,353.0919048069237
1103,A,414.87188343266473
1104,B,368.3590966407831
1105,A,494.7733105458549
1106,C,143.54834746758425
1107,C,438.7448525619665
1108,C,385.64510593549824
1109,A,187.4675912034916
1110,A,369.7210263919146
1111,A,60.997218644941015
1112,A,396.7734063468707
1113,C,270.84199526768026
1114,C,153.22218462753406
1115,B,331.33087787424824
1116,B,324.39379937006044
1117,A,112.64824913260387
1118,C,24.894733257647808
1119,C,222.4750675818202
1120,C,289.0608159787664
1121,B,439.53658640159324
1122,B,464.8262298673213
1123,C,269.11455689681554
1124,C,379.363707046587
1125,C,225.2586034407185
1126,B,375.58025672071756
1127,C,110.35274722019179
1128,C,191.8217200537304
1129,A,320.77171941867124
1130,A,18.897403147468626
1131,B,364.00604206608745
1132,C,419.41239562140174
1133,C,205.57941393603622
1134,A,229.4917844168105
1135,B,427.1282839861002
1136,A,390.07077130975637
1137,A,151.19324962635375
1138,A,168.7482922151541
1139,A,342.6503338713924
1140,C,285.96706529959897
1141,C,89.4924898372835
1142,A,161.86565552229155
1143,B,450.9918056705405
1144,B,347.2054739939091
1145,B,493.12741566590455
1146,B,385.836139690577
1147,A,471.56747175035923
1148,C,115.93240119653295
1149,B,388.0275886602936
1150,A,19.90658487242074
1151,B,338.6724106386516
1152,B,239.94831627891827
1153,A,179.91243524083364
1154,C,432.57813262361367
1155,C,428.59116940219
1156,A,20.927835400335354
1157,C,308.6575100002212
1158,A,190.23778991726863
1159,A,213.67389073522008
1160,A,417.6999622172002
1161,C,161.82148804856234
1162,A,472.0939172124339
1163,B,98.02057492234897
1164,C,334.7339874504071
1165,C,339.3314828367447
1166,C,133.57562909967993
1167,C,169.12779839392897
1168,B,419.0512613641708
1169,C,383.2845749279267
1170,C,171.25698135423218
1171,A,271.6387079981176
1172,C,40.22334516401678
1173,B,112.28548237532833
1174,B,248.05207384159556
1175,B,52.12713028681368
1176,B,423.2328538970494
1177,C,361.82304295274747
1178,C,472.38049861776244
1179,B,349.79878392237333
1180,B,470.79667240847095
1181,C,281.71115228857286
1182,B,304.107119420365
1183,A,488.7158167668678
1184,B,324.6432819634876
1185,B,25.085418741765835
1186,A,364.6633605489564
1187,A,453.67965914733367
1188,C,399.83432239922007
1189,C,296.0783035864571
1190,A,338.938721415823
1191,A,495.1939767333191
1192,C,54.42442336957578
1193,B,336.9499660302874
1194,A,148.86487033959096
1195,C,323.64429432722335
1196,B,307.73555218313
1197,A,85.19384773299942
1198,B,111.30585641271719
1199,C,314.5984932411746
1200,A,72.83267417884932
1201,B,139.9386288138582
1202,A,419.2703183916212
1203,B,170.2748379408029
1204,C,249.14947657213483
1205,C,471.15876422146175
1206,A,121.30305353010368
1207,B,200.9167485054251
1208,A,307.16431001633737
1209,A,380.11607545694636
1210,B,451.8101594892255
1211,B,458.5817639110224
1212,B,390.55363644258523
1213,C,121.88210993072211
1214,A,22.156571720857244
1215,A,198.04922587425565
1216,C,79.35893698403343
1217,B,358.08994724476605
1218,C,333.9539875446012
1219,C,31.54610439451287
1220,C,419.93095177416603
1221,A,131.88420048267932
1222,C,221.7912669906107
1223,A,337.28753037331376
1224,A,220.41520555760414
1225,A,226.23102337197227
1226,B,42.157717714512785
1227,A,206.70733913740187
1228,A,384.7754676777919
1229,B,458.4364052214329
1230,A,212.61359716105216
1231,C,217.55705517074864
1232,C,354.2872820985895
1233,A,471.9582805415855
1234,B,140.85986071728652
1235,C,225.67066120358905
1236,B,400.0268893406276
1237,B,308.7498489932789
1238,C,64.18730854233782
1239,B,317.5890404255102
1240,C,101.50567945269017
1241,B,260.00580769841804
1242,C,269.26060115361486
1243,A,439.33964749024256
1244,C,236.62219426609468
1245,C,146.92678689558818
1246,C,123.17351062585547
1247,C,438.3834195753247
1248,B,93.79531866493191
1249,A,218.67559483274042
1250,C,101.71482631420403
1251,B,388.9189796560439
1252,A,242.4425935875633
1253,A,182.0604083728379
1254,A,186.93882390696874
1255,A,427.5849612942599
1256,C,281.34923760427466
1257,C,361.75524705431917
1258,B,449.54887296283545
1259,B,451.8534212599146
1260,B,170.96943662555293
1261,A,476.7011189417288
1262,A,22.189182187156668
1263,C,194.64942489792116
1264,A,448.9414401793324
1265,A,144.57207111032164
1266,A,143.809910657446
1267,B,158.28491969012546
1268,B,310.0335585749919
1269,C,224.78306005103337
1270,A,366.10006981313785
1271,A,448.50621485668626
1272,C,340.3576937220017
1273,A,110.188692896812
1274,A,467.0141321566461
1275,B,139.60150794026447
1276,C,83.44820471079748
1277,C,54.08396664187084
1278,C,286.05803292642116
1279,C,65.74360661551938
1280,B,78.00018321518907
1281,B,157.01493549179335
1282,A,148.00997474538727
1283,A,306.07736006274973
1284,A,410.20518694161393
1285,A,383.06133153941727
1286,B,138.6173828110736
1287,C,130.20214401313018
1288,B,483.23784975241415
1289,A,14.03575838006046
1290,B,441.06306119950574
1291,C,107.86697436997844
1292,C,474.16931831398625
1293,B,177.73056956548464
1294,B,225.77236920769363
1295,B,356.48910083274666
1296,A,297.95783522189754
1297,B,165.79027155634319
1298,B,281.37714877523354
1299,B,368.04637333781426
1300,C,30.744123492221124
1301,C,15.487659575295018
1302,A,234.45280014571674
1303,A,74.59994272372195
1304,C,335.52870281771004
1305,C,114.88570355144275
1306,C,222.09704232987878
1307,B,106.85875906839179
1308,B,278.756957017071
1309,C,66.86619509843877
1310,B,21.322357865865328
1311,B,35.05450267228162
1312,A,477.58663634250183
1313,C,79.72024711935855
1314,C,357.15434403704927
1315,B,43.28384006918486
1316,C,62.99857259523926
1317,A,259.34936319057397
1318,A,237.7867557756284
1319,A,476.2743516255361
1320,C,472.9693719801613
1321,C,392.0082348458079
1322,C,305.0298967624014
1323,C,232.9305555225754
1324,C,184.5274818209263
1325,A,474.07289801802216
1326,B,305.42531759809594
1327,A,293.74553856613727
1328,C,123.63154966676828
1329,A,32.881930763705405
1330,C,473.14240408217677
1331,C,163.73027683388042
1332,A,226.86862142898477
1333,C,66.17357235699635
1334,B,420.0929216555531
1335,C,23.539598099406007
1336,B,418.6554734285573
1337,B,78.73965626610372
1338,C,444.4164151892645
1339,A,367.5885922947171
1340,B,90.6884286285795
1341,A,287.25081650113935
1342,B,163.20159403405754
1343,C,97.33421846667589
1344,C,430.99927771144314
1345,B,207.7261555885424
1346,C,205.2864200390374
1347,B,93.2444706552438
1348,C,197.70218128203155
1349,A,437.0922547011366
1350,C,187.9330681399216
1351,A,476.28574562489615
1352,C,473.69136061210986
1353,A,81.00034306059955
1354,C,96.88251422609599
1355,A,432.71029446262565
1356,B,202.4528502731124
1357,B,12.143251318674576
1358,A,144.1971916556318
1359,C,302.8382066658244
1360,A,401.6403233203843
1361,C,75.36042237569718
1362,B,64.16526856420032
1363,C,461.8254002504425
1364,B,378.0627002330655
1365,C,298.9920043812584
1366,C,386.90152709800475
1367,C,220.13863704025283
1368,A,381.643316181472
1369,A,192.1834657245225
1370,B,129.60634052137516
1371,B,367.2165764335546
1372,A,215.6394231570615
1373,B,490.87478111983546
1374,A,181.2477393309695
1375,C,461.6464360602223
1376,B,467.151648797869
1377,B,128.5079440617256
1378,A,401.12837897812653
1379,B,222.2065075208369
1380,B,459.58711634287056
1381,C,230.56089359126702
1382,B,374.7088214953094
1383,C,238.81403049026096
1384,A,121.62237029929953
1385,B,107.68156318289628
1386,C,218.46128518560934
1387,A,380.1923819369653
1388,B,306.48502773857575
1389,A,347.4283520512662
1390,B,148.33991185865182
1391,A,245.9033195192267
1392,A,31.753679834970228
1393,C,410.59088381947913
1394,A,495.0471594975386
1395,B,209.37074068608874
1396,B,15.372190034456242
1397,C,93.19839337996422
1398,B,329.7381700977052
1399,B,309.918865919891
1400,B,396.0537125969165
1401,A,134.4031653709234
1402,A,384.1796386180957
1403,B,347.1121705465982
1404,C,168.1791038797832
1405,A,277.2891925479114
1406,C,82.16416616418009
1407,B,231.75660668343548
1408,B,441.78669638226404
1409,A,216.38377611444147
1410,B,421.38768617295676
1411,A,299.22414897725025
1412,B,104.01958942015482
1413,B,294.74205990196924
1414,A,257.9318312869611
1415,A,205.33425424622817
1416,A,68.61891536287446
1417,B,214.1872452851426
1418,B,45.65356435741729
1419,C,58.39683518538811
1420,A,213.79910113703085
1421,B,159.63692616454722
1422,B,463.5167196724895
1423,A,194.09584463633257
1424,C,381.35047981532904
1425,A,269.82128791945894
1426,C,355.0019776347444
1427,B,137.4568316775456
1428,C,471.53343669078123
1429,B,269.74336348806776
1430,A,417.34879492977234
1431,A,188.87238980329562
1432,A,59.10356103475702
1433,C,340.1187073832159
1434,B,13.802227685337998
1435,A,242.89355851709905
1436,A,104.47293230656503
1437,B,317.41399717332746
1438,A,489.91573783754757
1439,B,237.55742409711652
1440,B,410.5741456975767
1441,B,258.8142516060493
1442,B,252.9616152409718
1443,B,465.9075116576011
1444,C,446.08327568587396
1445,A,395.04222794210744
1446,C,155.16531912522422
1447,A,277.05412370473084
1448,C,119.70964431978565
1449,B,227.5191820428045
1450,A,247.2644022222974
1451,A,417.50361968297216
1452,C,449.0538990092466
1453,C,213.16383057427416
1454,A,18.67517808588623
1455,C,432.26918149678374
1456,C,95.39655246566674
1457,C,314.72216230629283
1458,B,22.235741212724285
1459,B,205.7581728776765
1460,C,493.1205480365214
1461,C,59.339864540863516
1462,B,217.60964447982474
1463,B,160.50347559307656
1464,A,453.4931804602495
1465,A,435.97665287460404
1466,B,126.47239255005212
1467,C,49.78201565471127
1468,C,317.29781308994757
1469,C,174.82066882301777
1470,C,339.3213513969709
1471,A,25.738680473229095
1472,B,75.36562523696982
1473,C,346.32239405859525
1474,A,114.06162109822391
1475,C,430.2179611235768
1476,B,38.70953497796636
1477,A,115.58617156493156
1478,B,499.29452175768364
1479,B,222.20729026752838
1480,A,354.4531751368753
1481,A,99.50489393993671
1482,A,308.8356801429135
1483,A,365.79197350101504
1484,A,164.09355157459015
1485,A,416.1595848681801
1486,A,305.6746134514188
1487,C,200.6702747113648
1488,B,283.2447727381477
1489,A,292.6128152436029
1490,C,91.11229341999434
1491,C,207.3388612348134
1492,C,178.28098812955162
1493,B,206.44233406377177
1494,A,382.9441883577764
1495,C,246.4438196586696
1496,B,470.7549150872395
1497,B,153.90144254563373
1498,B,213.6947533596152
1499,C,395.6088371347303
1500,A,277.5520507271676
1501,C,278.0437917479794
1502,C,36.13667987253992
1503,A,205.31383473204335
1504,A,142.65952888664893
1505,A,499.6742101872465
1506,B,161.09398460983203
1507,A,443.4033020489931
1508,C,341.35453016983394
1509,A,177.04904050412432
1510,C,276.3318454033206
1511,B,421.86258117510494
1512,C,442.85046603514684
1513,C,88.59299875301116
1514,A,176.3908391920031
1515,A,174.2593583046501
1516,C,30.601950077212898
1517,A,303.1365023274293
1518,B,428.8618259661721
1519,B,196.9714500345037
1520,A,372.6176130422467
1521,B,317.57320266436255
1522,A,194.0678803915704
1523,C,79.11930175122556
1524,C,357.568687860224
1525,B,428.7369327812078
1526,A,346.068701276731
1527,A,18.76045717706085
1528,B,115.95411825158571
1529,C,44.04519259293063
1530,B,289.4891887923511
1531,C,380.6740626318021
1532,A,64.18380166364312
1533,C,420.78553209075875
1534,B,282.19939941378675
1535,A,348.0848159494452
1536,B,485.98690581823666
1537,B,51.00368424137169
1538,C,451.5997712591167
1539,B,71.79032103383057
1540,C,202.5498152519743
1541,A,427.204961202246
1542,C,454.0645760015554
1543,A,258.12212003712125
1544,C,301.11127275495835
1545,B,356.992193953293
1546,C,418.05174754182997
1547,C,69.54047307345641
1548,A,406.9339610323215
1549,B,245.8253137506922
1550,C,230.80547830300281
1551,B,217.71087847852914
1552,C,259.5136767705609
1553,C,473.0747711633557
1554,B,278.6198486681543
1555,C,477.0569937489382
1556,B,98.34216400166389
1557,C,364.82662962799026
1558,A,407.99737391828614
1559,B,342.7731273540823
1560,C,307.39191731100476
1561,C,286.7582627322293
1562,A,431.855936463561
1563,B,412.606832610605
1564,C,69.92147337849377
1565,A,425.8079519451303
1566,C,212.89362352581682
1567,B,134.31144669794728
1568,C,436.1865983268237
1569,C,221.6921518205334
1570,C,406.09869818664015
1571,C,139.06776985836382
1572,A,11.925367496886723
1573,A,252.77500452244274
1574,B,59.11184575501329
1575,A,379.6442182072057
1576,A,145.2768166740111
1577,B,227.38636683570456
1578,A,52.646446894861576
1579,A,150.4630317391538
1580,B,392.93021919670025
1581,B,84.27807683213653
1582,B,327.1081849522091
1583,C,459.5386678742056
1584,C,343.1200122812829
1585,B,407.40062775319115
1586,B,63.39609835891874
1587,B,132.8585947410067
1588,C,448.3240375978896
1589,C,360.4017506728637
1590,A,323.3813749248825
1591,A,335.245700699633
1592,B,212.95827160927527
1593,C,31.832749492650077
1594,C,394.3763556146572
1595,C,342.56948574552337
1596,B,241.6741874152351
1597,A,450.88221153044617
1598,B,174.71823584269845
1599,A,154.2176546733056
1600,A,437.670199288927
1601,B,400.5239508319029
1602,A,262.3401072176889
1603,A,74.06002233434648
1604,C,115.3850210178757
1605,A,331.55171530031527
1606,B,198.67020654180172
1607,B,419.8718639163259
1608,A,475.47795457278
1609,C,404.76209338470994
1610,C,194.99725726782302
1611,A,396.45635032339777
1612,A,182.2064200006349
1613,B,91.87904300516061
1614,A,26.362670384270125
1615,C,199.00118925289982
1616,A,452.74405881166814
1617,B,127.10342800028148
1618,B,111.19145081559417
1619,B,485.21218476810975
1620,B,22.25201529679014
1621,B,395.03325369293964
1622,A,167.47127831302646
1623,A,28.369098866133072
1624,A,459.723244702696
1625,A,78.42474180269596
1626,B,280.37184902559073
1627,C,144.28656164047842
1628,A,41.9444730704986
1629,C,34.46201797505576
1630,A,66.62278242980601
1631,A,44.96983680579623
1632,C,382.67347660476224
1633,B,247.9274391188803
1634,A,178.01712476100005
1635,A,215.00076596468352
1636,A,465.1839004305854
1637,C,456.26838824169215
1638,B,360.68147526006265
1639,C,443.494364936627
1640,C,166.62753351793614
1641,B,196.7435697440586
1642,C,310.71896910857174
1643,B,315.57671417565945
1644,A,246.03292062604706
1645,B,206.3223457345971
1646,A,493.2283526882606
1647,C,412.35057679768494
1648,C,223.14029696514214
1649,A,366.37331384738854
1650,C,142.08522969370514
1651,B,59.08296985629164
1652,A,182.69120252084292
1653,C,207.45667206046315
1654,A,18.103191034728695
1655,B,409.2480808015891
1656,B,186.00476717069895
1657,C,294.40490123227204
1658,B,46.241961762768426
1659,A,95.74844608778615
1660,B,445.94992541050436
1661,A,308.2568886625724
1662,A,475.63918458353794
1663,B,499.3875168517453
1664,C,192.21145651321623
1665,B,156.41350140080456
1666,A,430.5944670279574
1667,A,499.3195992483526
1668,B,318.5242047739041
1669,C,399.61895403064597
1670,C,393.05547081948447
1671,A,184.116457027578
1672,A,291.39248632597275
1673,C,418.19790121946465
1674,B,347.1757993679172
1675,A,20.370268851198748
1676,A,174.9857777597914
1677,C,80.79309133135662
1678,B,124.15638391823916
1679,C,453.68984397074956
1680,B,28.077711566276395
1681,B,117.70234886134263
1682,B,161.6889825967334
1683,A,312.27319526353347
1684,C,271.7098281420741
1685,C,116.95204659815919
1686,B,90.47812293934568
1687,A,126.03103695209822
1688,A,256.2395170838112
1689,C,142.87711499848967
1690,A,474.3252257877839
1691,A,237.29395850013532
1692,B,38.81004810687216
1693,A,367.34053885995036
1694,B,171.13419122240492
1695,C,330.2095767085413
1696,A,147.0012415563837
1697,C,289.66443344932674
1698,C,388.3547273556577
1699,A,464.72428346953143
1700,A,137.95230077220776
1701,C,174.07990598950076
1702,A,237.49054594011045
1703,B,464.31567049063455
1704,B,451.679559837222
1705,A,54.040357249312635
1706,C,74.64561461936732
1707,A,252.79949689201274
1708,A,62.24344367465751
1709,C,179.33462794086176
1710,C,82.70883532656406
1711,B,321.6597740146241
1712,C,475.25276155218927
1713,B,498.39954744424693
1714,C,193.86815492348825
1715,A,303.51619218616
1716,B,429.57115022679983
1717,B,67.55641567022815
1718,B,347.88656141546284
1719,A,210.33339424528344
1720,A,111.0116185372804
1721,A,207.34927318624656
1722,A,47.22054061280926
1723,A,350.7495028087598
1724,B,133.843907686742
1725,A,162.58876607199022
1726,B,69.32983613831675
1727,A,433.6829658060469
1728,C,251.7876968485419
1729,B,290.35197011533614
1730,C,289.02201471647874
1731,B,211.14162612525746
1732,C,104.33965856468834
1733,A,375.11504676421595
1734,A,72.25757002526043
1735,A,60.898157236617145
1736,B,357.97106842228663
1737,C,112.33014002147208
1738,A,160.31864816288785
1739,C,242.8614588308527
1740,C,230.18214519747764
1741,A,357.2037712818496
1742,A,315.48157878724686
1743,C,325.7541195181142
1744,A,359.8866220211741
1745,A,153.380236437498
1746,A,167.9433227822321
1747,B,224.61889646882153
1748,C,160.6564647864278
1749,C,492.6195557957231
1750,B,408.8854439465005
1751,C,90.6807972454545
1752,A,12.74113638211606
1753,C,30.96380144116125
1754,A,129.59109101103337
1755,B,66.00273006005972
1756,A,271.33567629736035
1757,C,430.41765913640575
1758,C,371.0076082474814
1759,C,115.64844091027331
1760,B,205.65663545263507
1761,B,258.868162670326
1762,C,407.0008662566344
1763,A,421.1695855220207
1764,B,455.76197283481025
1765,C,259.5301727464088
1766,C,350.19462575357284
1767,B,64.7821819046292
1768,B,286.99159037745125
1769,B,131.8589866408562
1770,A,221.54127366303945
1771,A,320.6847490702925
1772,C,135.92310954835273
1773,B,35.57067832041293
1774,A,15.014589640291181
1775,B,20.858172416815556
1776,C,14.091371381747134
1777,A,64.07397771335899
1778,A,127.34947013936365
1779,A,118.3985419493266
1780,C,493.5303311481494
1781,B,159.94299155238218
1782,A,72.43618384610556
1783,C,277.3256466422014
1784,B,430.39915314477906
1785,C,342.24958462596084
1786,B,155.08022367637065
1787,C,285.19191829781295
1788,B,360.27942735820045
1789,A,366.7712012601937
1790,B,336.60384309586755
1791,C,436.6971081400528
1792,C,436.35167458861116
1793,B,293.6789141094316
1794,A,220.62962086449403
1795,A,324.3694448268989
1796,B,410.92388067152694
1797,B,12.769531372180515
1798,C,496.07853441727707
1799,A,99.61794844130762
1800,B,240.42200297338835
1801,A,437.2945700730047
1802,B,120.26979553165769
1803,B,243.62965971118777
1804,A,74.96526828877779
1805,B,203.58739944021437
1806,B,96.79637284857124
1807,C,188.17759689786692
1808,B,192.99746622843378
1809,B,496.65368690318303
1810,B,497.4583843588484
1811,C,66.24527654370009
1812,A,365.72470187089016
1813,C,35.35528503785956
1814,C,24.79408751522243
1815,A,61.613608180032514
1816,C,483.0879719338877
1817,A,471.0231384684017
1818,C,105.02463193753343
1819,A,89.21944442131864
1820,B,127.86219239281404
1821,C,262.6180270968197
1822,C,289.15526969735083
1823,C,118.5807809153292
1824,C,380.74516616407317
1825,B,161.68105300729889
1826,C,461.8443495094111
1827,B,331.794126163798
1828,B,223.81208520876973
1829,B,397.05688083439424
1830,B,410.77816676286574
1831,A,152.3359867483824
1832,A,176.46012647968132
1833,C,468.61802532701563
1834,A,90.72310879800324
1835,A,30.653704311837757
1836,C,232.48710807867909
1837,C,402.59285111937817
1838,C,388.11737209226544
1839,A,460.57000816728794
1840,A,271.2683255408297
1841,C,59.03168906760133
1842,B,298.4575974246479
1843,C,391.4138510330737
1844,B,55.73077893221493
1845,B,94.60212653781898
1846,C,16.02242396627874
1847,C,300.8897639289371
1848,C,444.49985205349316
1849,A,338.62502484102873
1850,B,491.1996429195812
1851,A,40.88648972488316
1852,A,452.4705317242332
1853,C,408.89346081947355
1854,A,163.97834504475742
1855,C,487.0280104002534
1856,B,151.08949660399338
1857,C,445.75931467582706
1858,A,441.5668027663528
1859,A,381.2522321354565
1860,C,286.10053216829743
1861,C,68.80134731227514
1862,A,270.6661499032841
1863,B,184.83016527091795
1864,B,398.18634624612235
1865,C,381.483311183454
1866,B,456.2001286125766
1867,A,17.266779591536856
1868,C,406.46057624329256
1869,A,469.8464060310877
1870,A,396.75722006299355
1871,B,73.79528533647968
1872,C,49.826761372034994
1873,C,20.214167505773396
1874,B,318.0851606557548
1875,A,318.5395994113448
1876,A,493.587719966924
1877,A,205.04115531100692
1878,A,172.6340795997734
1879,C,315.96821432035233
1880,C,414.54824952872104
1881,B,469.0192352662709
1882,B,403.5308414277289
1883,C,219.07025050174434
1884,C,321.1079753029114
1885,A,429.5866700908973
1886,A,250.39874727275233
1887,B,116.17645541564242
1888,C,93.16448547645776
1889,B,10.077294843247797
1890,C,361.9366175408293
1891,A,64.43763233453535
1892,B,129.4811588510108
1893,B,155.95940244616875
1894,C,284.58613146701646
1895,A,204.99906587492694
1896,B,340.59025609134926
1897,A,37.26294307106433
1898,B,70.73020518957533
1899,A,254.6136367313007
1900,C,175.11274604494662
1901,B,154.94854774816628
1902,B,42.843758728386135
1903,A,448.90239562652073
1904,A,348.9911072012749
1905,B,69.5928968416282
1906,C,41.8725192911989
1907,A,487.6875413813091
1908,A,343.7745497153574
1909,A,214.55347483593334
1910,B,353.84820997033455
1911,B,380.602575375278
1912,B,392.18147917050186
1913,B,244.15987976999824
1914,C,220.64255148117553
1915,C,15.403761291761167
1916,B,464.01298641950063
1917,C,305.6208604105821
1918,A,109.54542922308437
1919,A,460.60567551650394
1920,A,458.3166318674452
1921,B,494.700240539387
1922,A,438.2877159380996
1923,C,498.9143500318317
1924,B,129.89623218040356
1925,C,422.7022967476247
1926,A,413.2838713099246
1927,A,123.16077601815954
1928,A,58.23439901048548
1929,B,489.9160517020238
1930,C,155.05203024509908
1931,B,436.736977329225
1932,B,12.022305790555908
1933,A,20.30215553760508
1934,B,238.27694126122051
1935,B,126.97019512818115
1936,A,348.0222288836225
1937,B,287.12651952829765
1938,A,47.968040750740805
1939,A,89.68786519470136
1940,A,200.144142328623
1941,A,100.94599133816224
1942,B,398.188950149525
1943,A,213.87441542110722
1944,A,55.78161475282464
1945,B,247.32802211334118
1946,B,54.51070872009294
1947,C,73.17927965571042
1948,B,127.4088176938206
1949,B,431.16857557126997
1950,C,463.06014084315626
1951,B,414.8662873727138
1952,B,173.69783653474514
1953,B,143.4987561433275
1954,B,279.0862884872172
1955,C,363.70804866122506
1956,B,496.75266619848566
1957,B,74.46964882067384
1958,C,34.15307952166417
1959,A,350.2343856076828
1960,C,417.7906339169137
1961,A,424.7109021345474
1962,C,342.4471390478087
1963,C,477.4677440184017
1964,B,260.3923341368476
1965,A,457.7692511847441
1966,B,484.2279471258463
1967,A,425.1071539315228
1968,C,161.7816959967241
1969,C,106.14566907344468
1970,A,278.578831841091
1971,B,231.97722768629234
1972,B,440.10158767443914
1973,B,59.01551882290532
1974,B,136.29263004264413
1975,C,378.3814828141672
1976,C,56.543456038882944
1977,C,167.17456287063308
1978,C,199.70614308645173
1979,C,315.0709603157181
1980,B,87.48499640248865
1981,B,431.69620027135767
1982,B,229.2956953784744
1983,B,459.3406388214727
1984,C,239.25625768062648
1985,C,144.76972688095935
1986,C,79.49612605696069
1987,A,11.835096408529559
1988,B,270.75716764256947
1989,B,62.506781494192474
1990,C,201.94660417927733
1991,B,298.7431630061725
1992,B,145.08608948232313
1993,C,95.85990325939648
1994,A,389.6135950785774
1995,A,473.92767441799407
1996,A,59.21580475236334
1997,C,86.23925894865386
1998,B,480.40620205383215
1999,C,28.514268688000676
2000,C,489.03984490973136
2001,B,12.275796711644498
2002,A,438.09764126915235
2003,A,160.58933868399725
2004,C,469.9085405068753
2005,A,165.3031914314369
2006,C,330.61009755168743
2007,C,49.215959185308954
2008,B,128.7416076123321
2009,B,389.10287977483284
2010,B,269.05606830262167
2011,C,464.7048402756519
2012,B,220.0881900872636
2013,A,436.2080592488223
2014,A,229.98816436433637
2015,C,489.8316565639728
2016,C,480.3188468854496
2017,B,171.27698572247937
2018,C,444.1025985042336
2019,C,425.3295733656681
2020,A,113.23339469050579
2021,A,315.90229638380214
2022,B,45.61433463900928
2023,C,419.9882530858962
2024,C,95.5274829167133
2025,A,44.69920367902461
2026,C,206.1073568140175
2027,A,292.6918479138253
2028,B,428.9093096942878
2029,A,487.3788375056509
2030,C,225.35133115923318
2031,B,39.618992262782406
2032,A,377.0666337226766
2033,A,286.93489554972933
2034,B,229.46675897378694
2035,B,161.54175060817295
2036,A,256.1752786433325
2037,C,175.95300618394515
2038,A,380.93581519620653
2039,B,276.5079112813941
2040,A,439.6554093355149
2041,B,276.33651817822664
2042,B,126.74858253656572
2043,C,427.0350222937508
2044,B,283.0373320157215
2045,B,111.35210869034502
2046,C,315.51882687854885
2047,B,185.2812148217895
2048,C,423.7587500231122
2049,C,232.11687193680598
2050,B,365.9562654726342
2051,B,56.812741741756206
2052,A,204.0519296881496
2053,C,491.78830387147536
2054,A,406.1455418438027
2055,B,88.37099315979503
2056,A,146.10438424385498
2057,C,171.60974633961692
2058,A,328.6791246427684
2059,C,380.92743214993124
2060,B,377.2680383158758
2061,B,259.8382875901374
2062,C,407.3020635406941
2063,B,224.16826055116277
2064,B,70.70147699482533
2065,B,286.5765024103685
2066,B,476.62767845454226
2067,C,398.56688918233056
2068,A,293.5633173691988
2069,A,326.9347735710575
2070,B,465.9753932474306
2071,A,219.88796927313064
2072,A,172.3831280818923
2073,B,488.84836685022003
2074,B,433.08713542006336
2075,A,168.29135646311516
2076,C,237.25249270685217
2077,B,213.38828321382155
2078,C,83.05688254900262
2079,A,479.33146866849694
2080,B,208.11309129768182
2081,C,438.91125049257494
2082,B,102.78455156352588
2083,A,278.45669721223766
2084,C,21.74107871089221
2085,A,384.4680370827312
2086,A,294.6478101406764
2087,B,316.53889590017883
2088,C,35.343232451780196
2089,A,113.40878180222154
2090,A,46.42212745325428
2091,C,151.56801474386776
2092,A,317.44511376425396
2093,A,287.4311323155139
2094,C,309.95341259056124
2095,C,279.1331229751682
2096,C,143.78410988117108
2097,C,129.80867369876836
2098,B,77.15924493292482
2099,C,426.0447287027111
2100,B,312.0748856852098
2101,B,101.39039612698929
2102,B,96.83259611240736
2103,A,437.787444747807
2104,B,373.9381232440265
2105,B,333.10554915363196
2106,A,209.3634126942569
2107,A,138.3680264964736
2108,A,489.93087392528366
2109,C,400.6473917611721
2110,A,157.87181933677547
2111,A,425.3067501764624
2112,B,381.87665482119394
2113,A,155.5694694402192
2114,C,219.01089857840344
2115,A,101.11718824160306
2116,C,64.41569774527358
2117,A,364.1533960914514
2118,A,141.08081010339464
2119,A,411.8290892156643
2120,A,497.8482686420688
2121,C,47.54370882552785
2122,C,241.78721129101314
2123,B,403.0106540622935
2124,C,396.5859393052044
2125,A,382.3986075821746
2126,B,181.00751829793637
2127,B,232.38809528567563
2128,B,301.5344950973204
2129,A,487.23088595089604
2130,C,170.49816275986151
2131,A,462.34050498126027
2132,B,141.9848899084421
2133,A,494.64648808211524
2134,A,338.42920654551995
2135,C,237.12062537568997
2136,C,310.5613097511664
2137,B,143.54027282970134
2138,A,144.34519018061863
2139,A,65.64172648331197
2140,C,65.88464587564539
2141,A,180.35915331976656
2142,A,383.7991841692221
2143,A,307.90587212309964
2144,C,60.266434562200196
2145,B,427.59589723819636
2146,B,304.6701372251325
2147,A,480.81923262454205
2148,B,338.3908790314917
2149,C,95.83568321504869
2150,C,242.1538475308329
2151,B,327.76382279813004
2152,B,23.849703514489068
2153,A,17.30602943585587
2154,B,73.40747029329827
2155,A,133.31557317228066
2156,A,220.47907052513102
2157,C,248.8458321422963
2158,C,77.63352837956943
2159,C,339.9618737667571
2160,C,302.10765023130205
2161,B,154.2874084321685
2162,C,16.693342883293084
2163,B,48.04747852311246
2164,C,201.9304400003113
2165,B,85.44743207118512
2166,A,194.64160701250572
2167,B,317.809476210074
2168,B,278.1463396608489
2169,C,123.27618273732317
2170,B,178.47302071678868
2171,A,310.8752872398388
2172,A,431.81896374128985
2173,C,379.0745849820498
2174,A,281.16601314837334
2175,B,187.52356917507825
2176,A,188.87512599548467
2177,C,440.91448202955405
2178,B,29.22935225986774
2179,C,494.1114957659279
2180,B,335.5439513172655
2181,A,343.75747254547133
2182,C,28.618940279323656
2183,C,306.70934469672335
2184,B,247.54124944431902
2185,C,61.831664378092825
2186,B,146.18178527698595
2187,B,446.2540835446891
2188,B,279.4943237743169
2189,B,212.57412183521527
2190,A,45.61425636199736
2191,B,359.91954842712977
2192,C,354.3969034640559
2193,A,310.88136741655615
2194,C,260.0286966481181
2195,A,222.5543570816126
2196,B,300.70283556411624
2197,A,124.36377134691928
2198,A,471.21694144704736
2199,C,298.5093192983125
2200,C,162.4842977336445
2201,B,230.34312693372706
2202,A,404.78554654967724
2203,A,89.19186975784575
2204,A,153.4894550055276
2205,B,342.95893114091217
2206,B,164.5897111762897
2207,B,398.3258241121183
2208,B,73.92220871690681
2209,B,383.7162235227582
2210,C,43.492340276777455
2211,A,16.170380207072444
2212,A,450.1295242277594
2213,A,294.85621629682635
2214,A,182.39517957253761
2215,A,123.9713721122867
2216,A,312.2740337977999
2217,A,259.4110699330017
2218,A,495.88291000969275
2219,C,491.77583346033543
2220,A,321.16203740938874
2221,C,227.00654799188635
2222,B,250.65907487598443
2223,A,344.41474245606236
2224,B,59.77152667533687
2225,B,170.8925161672519
2226,B,46.88339809176589
2227,C,45.94677216329058
2228,B,105.96122852817453
2229,B,247.77409475068117
2230,B,394.5394173697668
2231,A,247.89298667127755
2232,A,174.38353917482618
2233,C,50.352965265011484
2234,C,279.6448063597335
2235,A,142.9216073767566
2236,C,311.31774717940226
2237,A,488.82199217488494
2238,B,64.54401752399957
2239,B,113.94144537375055
2240,C,241.81632366869363
2241,A,484.6207695195055
2242,A,388.1867903722978
2243,C,450.13230464978676
2244,A,173.52027575313852
2245,B,496.0988521515113
2246,C,60.38807987143712
2247,C,35.95672396258941
2248,A,429.2452872564738
2249,C,464.35978640142326
2250,A,54.38682519758986
2251,A,65.57943910546234
2252,A,26.25533730032917
2253,A,61.20870569493481
2254,A,112.61571023213763
2255,C,485.3375432659005
2256,B,337.25150889744344
2257,B,391.49098250408565
2258,C,390.3083078088458
2259,C,272.1861373918152
2260,B,400.7695990793784
2261,B,301.9456908710851
2262,B,164.12758782564524
2263,B,284.9439532965164
2264,B,271.4192072059116
2265,A,413.4919963420671
2266,C,491.04633651701295
2267,A,211.41085705625596
2268,B,384.0614324362662
2269,B,58.883871978685434
2270,B,390.6473710296614
2271,A,191.99428687668373
2272,A,29.301179815946465
2273,B,187.99062749546684
2274,A,309.21494795160595
2275,A,68.43258216391862
2276,B,462.77690129082475
2277,A,48.0594825036909
2278,C,465.7032927182514
2279,C,356.4973837884864
2280,C,171.55896595295977
2281,C,201.46767037745568
2282,B,372.99658871904467
2283,B,304.7208394317916
2284,B,339.1050315129231
2285,C,200.6906620916052
2286,C,249.0286060857235
2287,A,495.0350671785678
2288,A,114.82220654486167
2289,C,214.7495313958444
2290,C,152.99336191124397
2291,C,384.90464011552643
2292,C,384.3661865762031
2293,A,153.298275888724
2294,C,49.88125515016162
2295,A,15.602011569379982
2296,C,219.4507612888179
2297,C,211.06542122452774
2298,C,494.31104053353283
2299,A,240.20301709186302
2300,A,135.64500109195612
2301,B,446.702426105419
2302,C,250.62329533025346
2303,B,303.5960612531831
2304,B,56.877668109824214
2305,A,197.62903959158928
2306,A,472.6696004921555
2307,B,298.85763824595847
2308,C,178.80590901980622
2309,A,316.5769185094806
2310,C,456.1014338932769
2311,C,144.2553942315691
2312,B,257.50719205063047
2313,B,479.75842041676015
2314,B,94.4741102162418
2315,B,362.6353235423887
2316,A,311.09569401946135
2317,A,343.04081425891104
2318,B,182.09761902710915
2319,A,163.8008930070448
2320,B,345.26273858830154
2321,C,115.61620970122722
2322,C,215.6308249809125
2323,C,102.20557656592982
2324,B,14.069372150431574
2325,C,485.328106418654
2326,A,221.53445954164533
2327,C,484.98131106571435
2328,C,78.75852468623478
2329,C,297.8097219341682
2330,A,108.47727606770741
2331,B,397.13632221200464
2332,A,394.01446449287783
2333,B,65.17750302926278
2334,B,456.9115819094307
2335,C,105.36852712958006
2336,B,310.3588973787866
2337,A,492.960473842975
2338,A,442.37430203551827
2339,B,478.7163249949728
2340,C,177.87339789687852
2341,C,61.73206468753705
2342,A,102.28996791183054
2343,C,255.24249858754078
2344,B,398.68254235392783
2345,B,83.57528565009886
2346,A,333.268450807771
2347,B,168.5530259793608
2348,A,177.1890154721552
2349,B,334.3396877773839
2350,A,238.82971557127792
2351,C,407.89631358273704
2352,B,86.40006973478526
2353,B,397.07465218584883
2354,A,41.47527154813623
2355,A,105.08640132034644
2356,B,331.51336010655103
2357,A,428.9135716904249
2358,B,133.81301759228103
2359,C,170.32388685616735
2360,A,273.18916666050256
2361,B,113.67067517975813
2362,C,407.4665681778778
2363,C,389.08195605282276
2364,B,81.192938863233
2365,A,237.27656859014974
2366,B,389.66560566076447
2367,C,175.29147024067325
2368,B,320.2223431316885
2369,A,34.604429514210636
2370,C,308.2574926593658
2371,B,84.79996020029743
2372,A,416.98582930608114
2373,C,184.17023715443446
2374,A,147.9613927368159
2375,C,422.03559858862764
2376,B,34.570571305187
2377,A,204.33831167382894
2378,C,191.30173488176538
2379,A,149.5521833822799
2380,A,456.75962268072374
2381,B,377.9549128231939
2382,A,41.322350454049996
2383,C,360.1968502231275
2384,C,268.376575233109
2385,C,451.4252682567738
2386,C,163.34335250069566
2387,B,291.33937980869564
2388,A,255.37008462308316
2389,B,249.8848440515268
2390,A,233.49164576343418
2391,A,110.75844301081783
2392,A,380.29786202127246
2393,B,231.15465604225145
2394,A,479.6729747512768
2395,B,137.7961293244604
2396,C,344.54448141725015
2397,C,470.9513690231631
2398,A,335.0945782778853
2399,B,436.92372473252334
2400,C,415.46567028093295
2401,B,186.45768058961187
2402,B,304.0607305703533
2403,A,86.56805650756424
2404,C,272.40768252084376
2405,A,122.90676618902523
2406,A,374.43103932669834
2407,C,268.7486267271411
2408,C,211.50140768951363
2409,B,141.710577121819
2410,C,499.36225610223056
2411,B,45.13815523361701
2412,B,31.344733480485807
2413,B,116.45612624199363
2414,C,485.82550472763165
2415,A,489.8267024767924
2416,B,330.9145900383466
2417,A,441.2522669311383
2418,A,114.84124811198974
2419,C,486.30062614654554
2420,A,79.96457656838668
2421,A,59.55134220901255
2422,C,64.98365423116371
2423,B,290.8326824035567
2424,A,392.67745635184565
2425,C,189.66691715857021
2426,A,489.169034015202
2427,A,222.86586767798144
2428,B,83.71978987887599
2429,A,238.32370661120697
2430,C,342.7282110569955
2431,A,417.7906324471455
2432,B,234.7964620787305
2433,B,300.8673447640921
2434,C,140.99890895783815
2435,B,326.4990979387019
2436,A,493.1262525356684
2437,B,34.03625056801899
2438,C,444.4000286455322
2439,B,285.51842635608614
2440,B,133.52834318552698
2441,B,477.8959579045364
2442,C,246.84360849886048
2443,B,172.52822331995895
2444,B,98.93383785271216
2445,A,129.7815830257644
2446,C,418.09603037980685
2447,B,311.06090456541125
2448,C,457.49035354927486
2449,B,123.66454155731506
2450,B,69.35790118596172
2451,B,12.982890178039103
2452,A,258.85239843183695
2453,A,499.1703958871742
2454,A,350.53298172113307
2455,C,161.11335006292157
2456,C,439.66070568282413
2457,A,393.04391033410025
2458,C,17.553431377504236
2459,B,410.261635465101
2460,B,157.25811104686304
2461,B,83.33999764596453
2462,A,120.90211147116653
2463,C,239.60410414381812
2464,A,218.1852842633254
2465,C,151.5547766933711
2466,B,94.38697788144603
2467,A,383.493086924663
2468,C,495.1537940301094
2469,C,391.1178744056483
2470,B,155.0091141590552
2471,A,129.95639109194536
2472,A,116.65627927230973
2473,A,76.98058649962778
2474,B,280.1519693492276
2475,A,306.64618225713866
2476,B,355.69630372493725
2477,B,343.3045517574973
2478,B,153.24332252885742
2479,C,171.8523926444548
2480,A,343.94212236674554
2481,A,181.22934398397788
2482,B,114.1853629134634
2483,B,193.4247153114024
2484,A,143.32123721320906
2485,B,53.27323339710313
2486,A,416.7680621155602
2487,C,428.0245806869478
2488,B,117.67764708177094
2489,A,41.73837776734885
2490,B,372.025444302078
2491,A,113.64902667307271
2492,A,202.78338982406152
2493,B,41.4262735963178
2494,C,120.87209653163323
2495,A,398.5221163815215
2496,A,404.15425898844893
2497,A,111.4715641949781
2498,C,174.59778410227787
2499,C,75.77682535593435
2500,B,46.344588839611966
2501,C,496.16414007972065
2502,B,331.2410361099712
2503,B,275.6272895071762
2504,C,385.09426519859676
2505,B,421.63780824698483
2506,C,405.2902363419165
2507,B,18.104330152039537
2508,C,101.53587011334426
2509,C,330.9035980377372
2510,B,194.12208042394184
2511,A,491.4164990199424
2512,B,336.04834839274446
2513,C,478.70896527731117
2514,A,108.70877600643897
2515,B,433.3389437763613
2516,B,167.46262984946043
2517,B,494.88675603652536
2518,A,87.26744931584217
2519,C,263.00651123078
2520,B,398.4938215801898
2521,B,221.99481549597758
2522,B,239.36118949194687
2523,B,493.3143397978131
2524,B,218.40099364756512
2525,C,305.99532929354115
2526,C,36.72443373082385
2527,B,422.6829393030274
2528,A,327.6023439999763
2529,C,207.96985040277863
2530,A,17.92307457771468
2531,C,299.91772209081694
2532,B,16.202335957239473
2533,C,10.589770815418776
2534,B,311.8882954531838
2535,C,102.61836299393158
2536,B,104.0248993618667
2537,B,330.1030672580444
2538,B,36.3116220902934
2539,B,163.5687251225326
2540,A,83.22163204958935
2541,B,294.2864212003016
2542,A,334.26492581642395
2543,A,363.35656826353136
2544,B,135.06329629009707
2545,A,53.73237830192616
2546,C,48.55499190152994
2547,B,218.81425874085465
2548,A,473.46376044073037
2549,B,116.68722678104206
2550,B,135.80338465735917
2551,B,59.435513031870876
2552,A,306.72943420802585
2553,C,343.1377082341157
2554,C,325.0362919987724
2555,A,431.9538190919428
2556,B,248.34865916277514
2557,A,75.88394997586157
2558,A,151.8085140451622
2559,A,334.5906869764624
2560,B,310.42976713336435
2561,A,270.1915335740516
2562,B,344.6525651574567
2563,A,322.3215166829167
2564,C,441.8491958378263
2565,A,297.14802496436533
2566,A,391.51466576327266
2567,C,131.86650642356926
2568,B,342.3094664486433
2569,B,452.0751180075111
2570,A,199.0088406709183
2571,C,391.76105179593685
2572,B,365.14675758576334
2573,A,39.16783646719301
2574,C,294.9390717157954
2575,B,73.79278110839317
2576,B,483.98639439298967
2577,C,407.58967632332156
2578,C,63.76466261108885
2579,C,69.65847884736243
2580,C,301.2921889071833
2581,A,178.99569534485983
2582,C,27.103870945823548
2583,B,275.404338838196
2584,B,200.044098846065
2585,A,59.5274812621539
2586,B,402.9409922054315
2587,B,458.38761498661495
2588,C,380.7310276669237
2589,B,412.9869319079759
2590,A,116.08037796039751
2591,C,139.1507459501145
2592,C,112.178494746602
2593,A,384.8810813691264
2594,C,474.47936867790355
2595,C,361.25023129961227
2596,A,441.91871479098245
2597,C,322.9625564927546
2598,A,199.95335127381153
2599,A,218.62319131584954
2600,B,46.90750176202837
2601,B,25.414025670552782
2602,C,350.78304605264793
2603,C,224.8301570854785
2604,A,280.5853833467685
2605,C,283.254011334984
2606,A,145.9141485333177
2607,A,243.18733030645043
2608,C,240.67250861717412
2609,A,200.32933840164992
2610,B,412.13093786652456
2611,C,231.070361806922
2612,B,305.78581700793404
2613,C,448.80485898660476
2614,A,434.454475200872
2615,C,446.30687985179094
2616,B,142.30244826785685
2617,A,27.141419270950788
2618,C,137.92273194871132
2619,C,146.56659935414723
2620,C,455.58656009523435
2621,B,328.1289390906056
2622,B,50.03494020509209
2623,C,76.33551204543956
2624,A,86.28130151556795
2625,A,318.90665660277233
2626,B,370.3528724984315
2627,A,431.2255161770441
2628,B,470.9119098950591
2629,C,108.83523311935647
2630,B,161.78851751478405
2631,B,127.75821156496703
2632,C,185.7931680584075
2633,A,458.1859026376372
2634,B,291.80515780028713
2635,B,371.7140296890046
2636,C,250.15842570212317
2637,A,24.14037753470102
2638,B,41.45578813892902
2639,C,273.582285321264
2640,B,362.2066270618126
2641,C,115.51195848907844
2642,A,363.73569125622896
2643,A,407.2262290069211
2644,A,211.8297643974345
2645,A,375.7454240936114
2646,B,207.97467566094534
2647,B,342.3918084329598
2648,A,384.3585541665761
2649,A,496.0440429709743
2650,A,179.24436441116208
2651,B,211.4099824815596
2652,A,91.15382911098395
2653,A,109.99579861688538
2654,A,349.7635512732051
2655,C,459.35233917569326
2656,A,203.35642631400788
2657,C,98.12377894941521
2658,C,149.69875469766708
2659,A,232.9753353559879
2660,C,152.41866138903052
2661,A,124.45375072971447
2662,B,370.63239949096896
2663,B,13.844011407905365
2664,B,274.22295839487674
2665,B,398.9457354445794
2666,C,140.4518602955594
2667,A,305.6128401998885
2668,A,337.76105175312273
2669,A,330.9621012384941
2670,B,228.46632075737168
2671,B,179.8232140591318
2672,A,419.6027957836286
2673,B,381.6385189299335
2674,A,167.41503497281712
2675,A,60.47940527668098
2676,A,45.1856972682799
2677,A,56.19522917047866
2678,A,295.605986984101
2679,A,35.314466156204944
2680,A,175.09416873237882
2681,B,379.06785393797236
2682,A,154.23060159253527
2683,A,384.02095781826364
2684,B,375.2788487214571
2685,B,130.455294990276
2686,B,367.12286824544526
2687,A,376.41055275332934
2688,C,204.75242357684317
2689,C,113.10603703334394
2690,B,265.4226953770159
2691,C,461.4848181200962
2692,B,323.4121988917104
2693,A,94.73202383735799
2694,C,344.55089311942476
2695,A,219.32948336809895
2696,C,299.8491107041328
2697,A,369.69137716132286
2698,C,262.32420224207794
2699,A,408.85214754092124
2700,A,363.8562338651476
2701,C,311.3859366090702
2702,A,83.88847975785222
2703,A,419.6150643466685
2704,A,468.59373680670984
2705,C,77.11291066655446
2706,C,249.23815342238098
2707,A,136.85548356554722
2708,A,379.71642063852664
2709,C,363.598521642303
2710,C,79.03370907949537
2711,A,439.7433629182022
2712,A,98.67680134922112
2713,A,400.6569225675727
2714,B,233.92037621772238
2715,C,170.8534238434941
2716,B,87.53723871036462
2717,C,92.13098551184841
2718,C,334.32637180344113
2719,C,279.71089009408905
2720,C,69.82185660910403
2721,C,65.22195161477934
2722,C,45.432181638667814
2723,C,374.4460002130366
2724,B,358.8222217623517
2725,A,38.63118551874182
2726,A,284.53233704251676
2727,B,51.49131606891805
2728,B,452.83542759838144
2729,B,454.4875353982649
2730,B,352.13416500843374
2731,C,463.83257150533046
2732,A,407.61198490270834
2733,C,415.9839022042542
2734,A,289.15684677926725
2735,A,159.9690071259262
2736,B,116.72156640704658
2737,C,170.3280107990753
2738,B,317.9627607436404
2739,C,94.60170255787547
2740,A,136.73371595228758
2741,B,239.34982276977757
2742,B,124.19454827706163
2743,A,298.4353981608702
2744,A,462.35625394360164
2745,A,376.563789194532
2746,B,336.5490409329674
2747,C,295.5335232320516
2748,B,249.0944755359618
2749,C,101.41629122098325
2750,B,448.4081231591641
2751,B,131.78264098628978
2752,A,54.74135001329877
2753,C,377.50743782206064
2754,B,96.05161182227152
2755,B,192.22903977517626
2756,A,23.859614862580067
2757,A,77.16329184481955
2758,C,94.86977907235692
2759,B,36.6609625975872
2760,C,331.76190874519415
2761,B,420.13381994352744
2762,C,192.92454911931108
2763,A,438.54247359191834
2764,B,114.53982153446199
2765,C,169.44130754500733
2766,A,83.86112658527252
2767,A,314.0740057553093
2768,C,215.73609952645035
2769,B,310.50883995253037
2770,B,383.22070364314993
2771,A,277.39447785614476
2772,B,317.53887390187606
2773,B,468.2726540532231
2774,B,156.54151170833313
2775,A,185.99032993063705
2776,C,361.6746472375751
2777,B,309.5397033571395
2778,A,97.48112322446026
2779,A,194.3121819051402
2780,C,239.24062643111034
2781,B,215.50102060451079
2782,B,97.35465607779999
2783,C,462.9707449742885
2784,C,383.5361932300482
2785,A,245.86435773284762
2786,A,343.2299038703499
2787,C,449.6685093464057
2788,B,76.7253297571699
2789,A,132.68279484641909
2790,A,275.9236111557561
2791,B,401.51508196265576
2792,A,27.764898766348416
2793,B,492.16889359621666
2794,B,232.9042354123746
2795,B,186.02325890464428
2796,C,153.4349745414882
2797,C,95.4347867489271
2798,C,397.8712153757137
2799,B,478.1529407255873
2800,B,212.68592987424512
2801,C,476.6861404291936
2802,A,413.6608315631667
2803,B,245.71505246339595
2804,A,340.27282777180505
2805,A,223.14224779352685
2806,B,283.7744700241507
2807,B,38.44270513906687
2808,A,351.1691028972612
2809,A,35.884075797226984
2810,C,410.3716239906283
2811,C,414.22399543567315
2812,B,126.16787090254516
2813,C,168.59476270754212
2814,C,245.8420854935637
2815,C,302.36482439691594
2816,C,150.8032942535784
2817,A,300.3183382696433
2818,B,155.91566588235645
2819,C,37.19045332481973
2820,A,11.238499417635385
2821,A,59.564018380030014
2822,A,398.20284308036895
2823,C,481.1013430678352
2824,C,219.21343764779743
2825,B,261.215137190472
2826,C,81.9556028459788
2827,C,280.0053628132769
2828,A,80.88090198341865
2829,B,309.4950222874267
2830,C,467.29674711461837
2831,C,105.8922842584894
2832,A,384.63622184798
2833,A,21.516187180978783
2834,C,193.99364824759428
2835,B,64.26676883694944
2836,B,182.71296638189273
2837,A,95.03309062305293
2838,A,192.91944516021485
2839,C,214.58617499268988
2840,A,157.28965016265
2841,C,331.7447552418333
2842,B,460.23750511686575
2843,B,206.29173331158344
2844,C,104.2481466727605
2845,A,142.65415151603185
2846,B,428.4604035132208
2847,A,290.1034644023725
2848,B,232.95540583040906
2849,C,83.32199353937409
2850,C,230.36638107865315
2851,C,146.46108164511946
2852,B,472.1499326481411
2853,A,443.1943536137083
2854,A,51.11224549581702
2855,A,263.16020973800903
2856,B,120.27858930218932
2857,B,211.2807738669024
2858,B,439.65551914321367
2859,B,268.482114745387
2860,B,173.76549375167232
2861,A,111.86529351144856
2862,B,402.1591811091797
2863,B,316.0138275285301
2864,A,239.35207560885328
2865,B,116.56733339285924
2866,A,173.78072333699436
2867,A,480.32327910187405
2868,C,264.8440694268588
2869,C,206.34264780919395
2870,C,265.49680075067874
2871,C,391.70436789080827
2872,B,176.6533788864057
2873,C,97.56599925697833
2874,A,296.61869798613344
2875,B,335.9500107057229
2876,C,359.2318214496893
2877,A,442.1739194754035
2878,B,191.8753191376654
2879,B,46.923899152156984
2880,C,479.5908059791617
2881,B,223.15584444436286
2882,A,315.39617973983434
2883,B,336.4896083328632
2884,A,277.7917172635897
2885,B,110.57618957077234
2886,C,380.0200945569093
2887,A,403.838467409
2888,B,280.9580371485455
2889,B,249.39496868657235
2890,B,65.82970973271281
2891,A,51.13631413489408
2892,A,176.38677432612909
2893,A,162.3146162035227
2894,C,477.2916609720029
2895,C,393.97514379728057
2896,A,333.36290467693937
2897,B,263.64756361862646
2898,C,92.01009005605916
2899,A,489.4437693702991
2900,B,193.7699421377029
2901,C,62.393545199149955
2902,B,251.96145890071557
2903,B,438.2590256904108
2904,B,444.7725908708914
2905,B,15.373298867659155
2906,C,444.28491492818586
2907,C,143.02726657493068
2908,C,29.096458344527306
2909,A,425.41723247780845
2910,C,433.29471043422205
2911,B,302.1532291227515
2912,C,291.4725410752156
2913,B,408.4289335844955
2914,A,395.2916808280371
2915,B,446.151681986925
2916,B,280.8462493223847
2917,B,484.1470754390763
2918,A,498.11194715733586
2919,C,67.10685889932996
2920,C,426.2764421815198
2921,A,254.91290629680861
2922,B,199.90750576691772
2923,C,310.40543184253033
2924,A,37.42312305838344
2925,C,258.16594819586913
2926,A,436.73637931306666
2927,B,114.5961429080947
2928,C,218.93104843701832
2929,A,470.345634980289
2930,C,219.99628052479167
2931,C,185.60013984287517
2932,C,225.86295758045534
2933,C,264.5318555936026
2934,A,319.67575862441976
2935,B,402.33947244919824
2936,A,231.530080824514
2937,A,410.56565819416875
2938,A,271.5231240625195
2939,B,175.85545008030905
2940,C,332.39590577851294
2941,C,361.6839048243108
2942,C,283.44399805844887
2943,B,37.74133683601447
2944,C,93.2426088288042
2945,B,149.7958832362118
2946,C,148.48654691623162
2947,C,339.9761921209666
2948,A,18.990844220079964
2949,B,380.28407075426475
2950,A,140.01781265539725
2951,A,161.91070464589018
2952,A,268.6758156925229
2953,B,115.80354446008919
2954,B,443.3909436520085
2955,C,51.83070187001699
2956,A,227.74735752752179
2957,C,426.21691203289606
2958,A,311.76350826640555
2959,B,153.2414627628904
2960,B,216.17250181046575
2961,B,356.28024636783215
2962,A,486.8977642483107
2963,B,447.6379720059224
2964,A,177.7920761073646
2965,C,499.1169608510502
2966,A,11.717285130218553
2967,C,23.538580346123396
2968,A,413.68185243388496
2969,C,107.73671654819549
2970,B,39.776941514158025
2971,C,126.20255588588608
2972,B,218.7890754506215
2973,B,367.97747251236837
2974,C,315.9244080100907
2975,A,126.43439660460601
2976,A,256.60251956928636
2977,A,463.8449116452987
2978,A,409.35381072204126
2979,A,168.36299456757877
2980,B,491.3096350642912
2981,A,357.22399621321415
2982,B,40.60018427672307
2983,B,27.22874951143295
2984,B,92.5198950149147
2985,C,366.6493753445719
2986,C,100.03207366278967
2987,B,260.62851691232845
2988,C,55.69745888860755
2989,A,461.2342173367956
2990,A,178.54070065594811
2991,B,454.9847077147091
2992,A,472.9890645361667
2993,B,13.003037183703587
2994,B,237.4262417273787
2995,A,22.081467296377514
2996,C,455.2594554884239
2997,A,264.01969691994213
2998,A,46.72256622226344
2999,B,64.03559685551777
3000,B,197.91942200144214
3001,B,470.71475450771584
3002,B,349.5254842683596
3003,C,435.13324443267487
3004,C,189.56375670659003
3005,C,31.174712779499178
3006,B,487.4156422301629
3007,B,18.41476542456108
3008,B,474.3493100097336
3009,C,190.6519376860809
3010,B,14.944298460721946
3011,A,347.68704354500903
3012,A,490.46474897536353
3013,B,483.15660419042035
3014,A,88.85913548918504
3015,A,98.81142497241594
3016,C,287.1140681636335
3017,B,322.279364949879
3018,B,372.3147776962742
3019,C,98.71467663135228
3020,A,479.9134725145729
3021,A,322.98223558172657
3022,B,425.0529902465719
3023,A,274.63220048924416
3024,C,212.99565531904247
3025,C,488.819624231548
3026,B,295.23947170171965
3027,C,434.7680555715977
3028,C,477.1132742194821
3029,B,340.92376723424303
3030,C,278.9799524741507
3031,C,11.720316946218803
3032,C,29.609623962112934
3033,A,108.417095865047
3034,B,101.14413160943768
3035,B,134.83180964792422
3036,B,159.4179724718538
3037,A,186.43209183985684
3038,A,216.0634681337495
3039,B,58.44450584344719
3040,A,30.7573466568632
3041,B,340.23278004578145
3042,A,273.2940641731081
3043,C,227.63065908785862
3044,C,320.87557117249264
3045,B,415.56290952973484
3046,A,219.56952546694026
3047,A,324.1485378754699
3048,C,477.2503896792278
3049,C,421.41600297216473
3050,A,218.74039714618064
3051,A,325.91125052922405
3052,A,96.76475173881049
3053,A,284.65587059859405
3054,A,490.85086265783696
3055,A,263.9744064492359
3056,B,464.5427666031722
3057,A,209.59411104659773
3058,C,499.43396532046927
3059,B,293.8178172615033
3060,A,30.71180717560793
3061,C,297.5098503787802
3062,B,144.54062088300236
3063,C,25.91584779758841
3064,A,412.218119300385
3065,A,145.1075221205704
3066,A,400.3087914827843
3067,A,151.2266156483748
3068,B,105.2199133981494
3069,B,487.22843131116946
3070,C,187.20621059995958
3071,A,304.6743436071486
3072,C,308.8909314790911
3073,B,284.6320062650159
3074,A,458.20091432539516
3075,A,340.4761249697656
3076,B,207.82917201141578
3077,B,432.56638841689426
3078,B,98.72082056682255
3079,B,276.6760112291046
3080,B,475.7696822524406
3081,A,316.4448386414022
3082,B,410.31454073268935
3083,A,330.2447555171445
3084,A,421.2917231335663
3085,B,472.7990611241694
3086,B,143.73164649104103
3087,A,93.13392981579224
3088,B,247.15546766294455
3089,B,353.9125891438658
3090,B,121.32371405928589
3091,C,12.009710710781867
3092,A,178.0382067599856
3093,C,484.74107437921634
3094,B,350.53405569686487
3095,C,206.64946753119972
3096,B,104.36228769995176
3097,C,184.48394013982602
3098,B,93.2213223176115
3099,C,62.08985244334619
3100,C,454.3037625605514
3101,C,498.84866580398204
3102,A,90.41607540193725
3103,C,36.71605385035707
3104,A,171.56824250164405
3105,B,236.2129985730935
3106,C,110.3624110671687
3107,B,157.69820678129364
3108,B,108.42666048891228
3109,C,389.38767853190114
3110,A,359.16319219115775
3111,C,321.12624272288105
3112,B,199.73674996881033
3113,B,455.4300612439756
3114,C,485.0709453521598
3115,A,95.08326318645187
3116,A,119.27619429182025
3117,B,267.55920372018113
3118,B,54.71277894830019
3119,A,223.85971542332527
3120,C,295.077719741078
3121,B,265.81604985729325
3122,A,172.14520570823277
3123,B,275.79844497783137
3124,C,479.81246758683545
3125,A,110.94852810277426
3126,B,330.8673656130618
3127,C,31.26438013646541
3128,B,42.54403819590312
3129,C,280.3958298695567
3130,C,61.42019836069524
3131,A,20.949926329160093
3132,C,94.04136884753088
3133,B,286.77609378979145
3134,C,354.6370677142769
3135,C,109.2144964292762
3136,A,337.4471242320055
3137,C,99.41340223862238
3138,C,310.59413904931597
3139,B,211.86024314894144
3140,A,330.3617595734722
3141,A,497.5758487148312
3142,A,469.53031296395534
3143,C,12.098061339690778
3144,A,443.8649945375298
3145,C,42.5804896356356
3146,C,476.992827218324
3147,B,148.0945827588455
3148,B,197.19706690152276
3149,B,54.90272053610665
3150,B,65.0136515811657
3151,B,366.1028769623666
3152,C,472.72279551666287
3153,C,309.26676252761166
3154,A,360.76650760813743
3155,C,383.3651748526052
3156,C,138.77899453094145
3157,B,32.16251915090531
3158,C,10.917644520392606
3159,B,181.81814864746914
3160,A,128.31747181761588
3161,A,40.53568527410097
3162,C,97.9688633218967
3163,A,71.00446015129442
3164,C,458.2904065025115
3165,A,78.73093459499277
3166,B,273.4477473539628
3167,B,300.62191800496066
3168,B,276.30983427723055
3169,B,58.53765276583411
3170,C,166.2111972577701
3171,A,35.1224629069451
3172,C,203.87825790719486
3173,B,102.41347632308008
3174,C,285.1999413093461
3175,A,349.47611298605926
3176,C,270.7387315003062
3177,A,222.77598133958392
3178,C,199.79337621977928
3179,A,422.4289663675318
3180,A,117.49035188198233
3181,B,369.76698636914574
3182,A,381.1663391226583
3183,B,215.4080035626599
3184,B,155.6772936205633
3185,B,240.56532816252786
3186,C,55.67482368742227
3187,C,32.505715792254094
3188,C,64.68556773142697
3189,C,101.70106541649082
3190,A,257.0466419656411
3191,A,426.07695171894983
3192,C,125.46474267984662
3193,A,468.2293852659213
3194,A,477.9048753781517
3195,B,479.8632563741506
3196,B,420.40573999139866
3197,B,188.27426999088308
3198,B,45.6151163912853
3199,A,288.7211785655825
3200,C,283.75390752924454
3201,A,426.4881258837018
3202,A,498.0356149635915
3203,A,258.9970802144723
3204,B,179.14997520949427
3205,B,101.09183866257084
3206,B,12.35191416051166
3207,C,259.4657093195508
3208,A,282.2041466842719
3209,C,414.21985511052475
3210,B,257.24271426747225
3211,C,459.0694908463677
3212,A,317.7609035200034
3213,A,421.7647567283307
3214,B,82.66785005579608
3215,B,429.1147038481342
3216,C,340.8204886774857
3217,B,93.41418589478197
3218,B,102.98414349154532
3219,A,463.98530333166843
3220,B,25.78552662068271
3221,B,236.64212221489598
3222,A,163.60289206770977
3223,A,335.88794559922974
3224,C,421.41839990880607
3225,B,186.58527956271908
3226,A,219.1820227881902
3227,C,491.139714405693
3228,C,394.11908974280936
3229,B,449.6300241565778
3230,B,224.99348811929858
3231,C,124.69733995221645
3232,A,211.81309803936134
3233,C,360.8850397374416
3234,B,63.62089836962987
3235,A,142.52986175208932
3236,A,32.85159122617929
3237,C,221.85039178568445
3238,B,415.44841063001047
3239,C,22.085207266025293
3240,C,340.90852813551135
3241,C,466.9229785117324
3242,A,126.09465214047931
3243,A,349.8810719565476
3244,B,487.79993153909817
3245,B,481.51624947470697
3246,C,125.11530458428021
3247,C,59.16221607391366
3248,C,82.65844356899882
3249,B,353.99747755624963
3250,A,365.621848972105
3251,A,340.3759151978175
3252,C,174.67840999369665
3253,C,93.19070048147985
3254,C,294.572935056604
3255,C,247.00341842135458
3256,B,367.1287320899287
3257,A,226.2664385559545
3258,C,175.9334503963695
3259,B,153.80450290591705
3260,C,113.6204568243758
3261,C,140.2157243314641
3262,A,56.466915033609666
3263,C,179.95993535515586
3264,A,27.919208057849517
3265,A,101.34278511150013
3266,A,375.91751786352023
3267,B,169.4798044515451
3268,B,337.4361383188985
3269,A,361.2732460426659
3270,C,294.78081793873565
3271,A,479.76189326904523
3272,C,20.505534645325497
3273,A,371.93979878818965
3274,C,479.8054555307999
3275,B,432.51314738294025
3276,C,92.26741898445653
3277,A,170.14195006334873
3278,B,94.50140153946805
3279,C,304.64109826920503
3280,C,358.97211116995123
3281,C,165.36614698789853
3282,C,274.35822125230476
3283,C,348.55107933488557
3284,B,216.4565101394137
3285,B,428.4676099231751
3286,B,388.0594682910304
3287,B,41.686116486779625
3288,A,314.3513965545062
3289,B,125.30951997027731
3290,C,283.18394968696487
3291,C,478.87533689015345
3292,B,440.74038223060256
3293,C,208.21303752641452
3294,B,152.84179058873318
3295,C,124.85881476004691
3296,A,270.93228618069486
3297,A,65.98174209644759
3298,B,279.1447539828418
3299,B,10.653483350488088
3300,B,168.68631906546398
3301,C,117.76781377698482
3302,B,485.8972070807832
3303,A,366.3487365892897
3304,C,181.33015642649647
3305,B,55.49409240000405
3306,C,263.2322913984058
3307,C,114.58946184976074
3308,B,272.8504774901953
3309,C,419.3275535476573
3310,A,311.7383505296788
3311,A,320.5563255770511
3312,C,275.10484164077764
3313,B,464.36015998939047
3314,C,466.6323153660956
3315,A,261.23436852604056
3316,C,159.82214870031717
3317,C,235.1976328809275
3318,A,101.41337697585169
3319,C,321.80871450586375
3320,C,255.04524453329427
3321,B,60.61723412850714
3322,B,106.84741274861152
3323,A,245.01965853776812
3324,A,444.91860545224057
3325,A,287.53145310923776
3326,B,343.9521501021507
3327,A,176.12398937451576
3328,A,289.9915825916748
3329,A,229.21611309265305
3330,B,332.9736571853487
3331,C,34.782027378715085
3332,A,251.71710595708998
3333,C,155.0363863205438
3334,A,169.83068002617554
3335,C,480.8495414634501
3336,B,99.52045822857755
3337,B,162.51017376351248
3338,A,259.8473621081272
3339,C,432.8832045933156
3340,B,214.1683407711215
3341,A,374.49398763520384
3342,A,429.6233081252532
3343,B,161.90801435270598
3344,B,202.44758993396786
3345,A,184.71254960729456
3346,C,418.0993462227813
3347,C,31.72996235726457
3348,C,161.1263335260532
3349,A,342.9101932216136
3350,B,287.0673147870179
3351,A,223.7817860539102
3352,B,274.57463133847835
3353,C,106.81644705587595
3354,C,221.05114458792508
3355,B,255.83446224641105
3356,B,451.5826697577548
3357,A,137.8092297739484
3358,C,435.23596606081696
3359,A,325.6782864047311
3360,A,19.967007223124483
3361,A,365.0693550807029
3362,C,27.420419999036994
3363,A,498.7167521387684
3364,A,437.59197696868694
3365,A,155.69843629462238
3366,A,136.13150279638566
3367,A,196.90613023174836
3368,A,184.52181300407707
3369,C,192.44553100883672
3370,A,165.9555075985454
3371,B,314.3553693556824
3372,A,90.48919522310574
3373,A,424.53083329854644
3374,C,408.0772171753445
3375,C,243.47677184908252
3376,B,427.83768298648835
3377,B,131.10108431484372
3378,C,18.607073294943802
3379,C,313.41188326461327
3380,A,234.37560941271053
3381,C,287.91062768497665
3382,B,450.6763104190175
3383,A,485.2635310473123
3384,B,320.88203848024546
3385,A,384.3872390276948
3386,C,51.066132408710494
3387,B,88.75063659683775
3388,A,369.27035442695853
3389,A,221.36907363012097
3390,C,228.5229824981588
3391,C,161.21776400136395
3392,C,307.60462790409446
3393,B,100.73087225393927
3394,A,317.1889768638088
3395,C,95.16143999626745
3396,B,41.27475700775966
3397,B,171.8752674625399
3398,B,123.25876758482536
3399,C,445.60590289260284
3400,C,36.92719239562703
3401,A,96.5407093613202
3402,A,278.8726067356942
3403,C,245.72292351526207
3404,B,32.46748900360376
3405,B,13.553689727420792
3406,B,494.15329156096345
3407,A,332.82900317583074
3408,B,189.04900414176285
3409,A,240.51180135498825
3410,A,140.6095590226006
3411,B,178.98815400967277
3412,B,328.03178896142487
3413,C,442.5777814450116
3414,C,100.22371130978058
3415,B,421.77713763880615
3416,A,69.56274846395183
3417,A,115.34618955831169
3418,A,28.21589114432653
3419,A,78.99781242556973
3420,A,459.47854127738475
3421,C,235.1249858430055
3422,B,48.05627227139324
3423,C,480.26615063909105
3424,A,440.70623080173857
3425,A,379.79443522538924
3426,A,467.40166805430334
3427,A,117.86341620952443
3428,B,419.8209535749423
3429,A,348.09568621361
3430,B,436.1820322881673
3431,A,400.4866672138886
3432,B,179.78258095664424
3433,C,389.45528313845523
3434,A,138.60358846259626
3435,B,171.01015988374687
3436,C,62.873801439258315
3437,A,468.18754183042967
3438,A,152.59164806613796
3439,A,265.1050079340114
3440,B,201.75308986843442
3441,B,480.36477908591576
3442,C,174.1740937598564
3443,B,391.4874524971176
3444,B,429.1539157692782
3445,A,223.4471837656733
3446,A,195.3041890819363
3447,A,376.3954522569877
3448,A,457.31903035005473
3449,A,379.91654920539673
3450,A,121.29191914001414
3451,A,445.2707962444756
3452,C,199.91501704404823
3453,C,292.3524117711878
3454,C,417.4034534534284
3455,C,102.31343602624119
3456,A,394.40996648200104
3457,C,302.11977097623196
3458,A,447.73740449552804
3459,C,94.26549690333604
3460,B,216.13429615005492
3461,C,418.09311550475036
3462,C,19.423534693812485
3463,A,64.978669715165
3464,C,495.3769542508
3465,B,147.39314750927176
3466,A,488.01616492473715
3467,A,99.44045999425022
3468,C,186.93627707359445
3469,A,378.9060278067496
3470,A,332.31141954670744
3471,A,294.74997596523724
3472,A,269.6505961444537
3473,A,423.28581739572275
3474,A,125.12479578836243
3475,B,226.81075422682403
3476,C,86.17162315666407
3477,B,302.01138190804517
3478,A,132.7667678929469
3479,A,173.58261152825904
3480,C,240.91285114552878
3481,B,23.117586994532644
3482,C,55.04958860121045
3483,B,346.1053181470276
3484,A,220.19529055157855
3485,C,433.7472087799488
3486,C,350.3892817856577
3487,A,13.969461407188
3488,C,312.18904207589605
3489,B,55.925184369261046
3490,B,392.6572580973422
3491,B,495.838767256466
3492,B,270.2874091783406
3493,A,344.5619550951239
3494,C,126.28393883842826
3495,B,224.42289443935886
3496,A,429.486712795828
3497,C,92.0372443956631
3498,C,140.11244675074343
3499,A,228.2625008901548
3500,A,359.0019570035668
3501,B,194.18313784988018
3502,C,464.5888170936719
3503,C,56.28395512167239
3504,A,191.69405679697527
3505,C,357.3875204799267
3506,B,120.7335151741313
3507,C,331.6424357725397
3508,A,90.46630953139952
3509,A,37.430339582226324
3510,B,69.29770120683794
3511,B,465.692543735726
3512,C,280.35793264038017
3513,C,400.209429985028
3514,A,173.00070544347508
3515,B,300.40273746386885
3516,B,252.5265455154459
3517,B,473.41160010712406
3518,C,376.31157166651406
3519,B,367.96588943332375
3520,A,32.713102022796974
3521,A,279.3381378118086
3522,C,238.82581241188927
3523,C,464.6427106370353
3524,B,136.0975742128708
3525,C,142.21839211263622
3526,A,211.5596619519352
3527,B,129.25115956912424
3528,A,73.30011972628725
3529,B,430.1332748588924
3530,C,283.55549695791876
3531,B,432.0677322887177
3532,B,417.256035047811
3533,A,148.20075384693885
3534,A,278.3913477188942
3535,B,50.77667434263452
3536,C,458.4734231750716
3537,C,208.08873038192502
3538,A,202.90133010562047
3539,C,158.35013160279706
3540,A,235.72523490824486
3541,C,133.36209940726954
3542,B,193.67761367043423
3543,A,401.9740538065921
3544,A,418.7851967567342
3545,B,159.0494140379729
3546,A,239.81707097086607
3547,C,438.1716903772256
3548,C,35.8099325965516
3549,A,445.68103137793486
3550,C,117.40032936964253
3551,A,342.48422966504415
3552,B,295.4503312284541
3553,A,280.9409666127335
3554,B,431.0865101288825
3555,C,59.77035038588402
3556,B,180.04373240956167
3557,C,273.74384570893517
3558,A,407.5315384335595
3559,C,116.05711087171905
3560,A,403.4356222733954
3561,A,205.8228564220285
3562,B,102.56778965251075
3563,B,381.9033558173065
3564,B,54.540461722528434
3565,B,262.23601329696703
3566,C,41.29913409232532
3567,C,184.6447490273159
3568,C,304.5276315131324
3569,A,282.49661532873444
3570,C,208.2811547732866
3571,C,220.2335170463367
3572,C,121.1170811418756
3573,B,233.38246832781041
3574,C,477.09487930320876
3575,A,426.7219297140573
3576,B,81.16410584740846
3577,A,24.592585787251256
3578,C,467.426913231149
3579,B,268.1073774415663
3580,A,273.5405333431608
3581,C,392.5518178961959
3582,A,164.19759719695
3583,A,246.13470872964106
3584,A,484.64482744190144
3585,C,339.3528565968795
3586,C,85.3350656779351
3587,A,75.28110651233311
3588,B,110.08973158317264
3589,B,385.6887204661516
3590,C,154.73473188190187
3591,C,20.480534870789096
3592,C,472.6454381177743
3593,C,93.15957403350623
3594,C,14.683511212553604
3595,B,126.19448516782826
3596,C,125.16410568788551
3597,A,216.78257291440428
3598,A,460.991017435018
3599,B,440.800609711758
3600,A,233.8783319413897
3601,B,211.34095344598518
3602,B,281.9544523726771
3603,A,129.29246586616523
3604,C,35.57064606351779
3605,A,470.2198267238913
3606,A,101.48250258981464
3607,B,107.21635733040102
3608,A,241.50556113843433
3609,B,250.89053897176206
3610,C,19.032762753363553
3611,C,82.49782199924564
3612,C,195.29586109476344
3613,A,345.0280398201641
3614,B,121.92504384764857
3615,C,217.2770786584637
3616,B,283.0990817110687
3617,B,445.4103223654131
3618,C,169.77454614029043
3619,C,75.44355027310692
3620,B,249.74339068982803
3621,C,375.89358482519043
3622,B,63.83128095583938
3623,B,218.09491093151058
3624,C,18.714719218616878
3625,A,26.443999007153057
3626,C,246.64714797616614
3627,A,156.11667609395542
3628,B,424.102576512652
3629,B,305.0556100019626
3630,A,232.42715125406528
3631,B,209.88833181660522
3632,A,253.650285292886
3633,A,29.815027294204057
3634,B,447.46874464612335
3635,A,499.16854630963957
3636,C,98.92869118076234
3637,C,68.98765273956367
3638,B,80.35295708981167
3639,B,333.9032585348399
3640,A,334.1060108408796
3641,A,425.48283951642134
3642,A,378.3949303288641
3643,A,230.34793995097647
3644,C,310.29912716700625
3645,C,347.25948848032385
3646,B,261.24087043976033
3647,A,243.06898238130196
3648,A,326.0977483649001
3649,B,283.16252899807034
3650,A,325.5317296145961
3651,A,310.2988392420483
3652,A,362.40631465169076
3653,A,324.9737193036093
3654,A,264.67381835426096
3655,B,344.0804375293494
3656,A,230.24616294085973
3657,B,128.41890072657452
3658,A,10.694927865618576
3659,C,284.38243210146317
3660,C,299.4210610382341
3661,C,486.3039927401
3662,C,187.124383706195
3663,B,203.12528898587274
3664,B,108.88179485767321
3665,A,44.561804666287735
3666,C,388.67420150225286
3667,B,132.34372152626926
3668,A,308.3633819047186
3669,A,347.00878741728593
3670,B,240.90597677290737
3671,C,439.41253538332387
3672,A,227.4594720800671
3673,C,149.60522529046492
3674,C,449.04760625119496
3675,C,432.16649928247864
3676,A,90.37957406744238
3677,C,22.720898993421265
3678,A,54.09292261131414
3679,C,150.40822529137037
3680,A,486.40730285343824
3681,C,283.67291504880427
3682,B,192.89824869434173
3683,C,445.47088636024574
3684,C,232.0368024244648
3685,A,164.46692791650034
3686,A,471.19756908537215
3687,C,426.2636564344122
3688,B,423.3975039555261
3689,B,261.01952409460444
3690,A,396.82481541957293
3691,B,97.88314603963042
3692,C,290.8792492025594
3693,A,492.0845021952974
3694,C,152.5696309538012
3695,A,399.23264133136087
3696,A,250.33441953195293
3697,A,29.504784778822792
3698,A,383.879504929677
3699,B,92.59888075213527
3700,C,319.42204789504757
3701,C,51.97545508301672
3702,C,473.9650247730228
3703,A,152.94470471837684
3704,B,120.96769892192351
3705,C,73.27683799250381
3706,B,473.5410747361334
3707,A,358.8328337962395
3708,C,373.4138354718634
3709,B,254.70823507631985
3710,A,242.61661478253689
3711,B,63.91040906582356
3712,C,284.32213683615595
3713,C,130.9890826033073
3714,A,488.80121307219883
3715,A,400.3246606074222
3716,A,212.36610949451492
3717,B,84.15721675885119
3718,B,394.81252865800417
3719,B,69.80634586984483
3720,A,102.77353921356453
3721,C,113.64505369467143
3722,C,282.8764127538162
3723,B,395.65776045527946
3724,B,164.01429057509918
3725,C,51.488208994891814
3726,C,237.62384712696542
3727,B,376.5740181683684
3728,B,118.61528311282026
3729,C,117.76302853929337
3730,A,474.1412433998883
3731,B,477.5353262883972
3732,C,495.3282087101724
3733,C,405.75320477164223
3734,C,102.21024289229332
3735,C,113.87094519163807
3736,A,176.71036834597206
3737,C,165.8849403534105
3738,B,478.6985970482244
3739,A,396.64625161202986
3740,C,364.76430815916143
3741,A,101.1219797884846
3742,B,455.6675240875415
3743,C,415.65648595802514
3744,B,90.18450225068261
3745,C,436.8734626608765
3746,C,143.40129282153092
3747,C,49.62617545773196
3748,C,331.8429301919629
3749,C,330.364283098322
3750,A,56.51668468715287
3751,C,166.23738637892538
3752,C,496.4790865052139
3753,A,342.42906683428106
3754,A,367.7368316356313
3755,A,114.32946994610978
3756,A,48.60321479191802
3757,A,145.68182797305946
3758,A,131.96020874466404
3759,C,124.92660936654602
3760,C,104.44961772464939
3761,B,291.6302884211481
3762,C,170.77070316249265
3763,C,411.9690573732899
3764,A,100.13423474521817
3765,A,237.6672647255868
3766,C,16.69233984877919
3767,B,246.0243380030441
3768,A,37.36072822947245
3769,C,489.0845208175954
3770,C,397.3901430387023
3771,B,250.15462355186312
3772,B,52.42780550788163
3773,A,300.298265987303
3774,B,381.79423784392
3775,C,103.4514539723252
3776,C,288.4220869858705
3777,B,408.9633402076053
3778,B,386.441411046695
3779,B,403.46608875490494
3780,B,440.8684781861627
3781,A,469.4642300581404
3782,B,208.70536604973262
3783,A,288.6968602362099
3784,C,397.4231677623493
3785,B,351.59850883343375
3786,A,497.8049118495456
3787,B,16.70204904127563
3788,C,184.01527550473742
3789,C,147.7036838723992
3790,C,138.53476658111197
3791,B,119.03959342445403
3792,B,357.4706819994622
3793,A,51.532141904907704
3794,C,373.38832863223575
3795,B,349.778662587974
3796,C,132.89402492543923
3797,C,133.88855375092902
3798,A,318.1416868188061
3799,A,383.4638416870021
3800,A,439.4779504128091
3801,A,427.5483862886931
3802,C,482.792667140288
3803,A,294.8785987148905
3804,A,455.2412250567762
3805,A,406.17150389760127
3806,A,448.38713591386664
3807,C,15.69703462982965
3808,A,483.2924660142474
3809,C,242.02977979477438
3810,B,401.10966489167305
3811,C,72.33001847551262
3812,C,204.0111369488473
3813,A,143.01572488028555
3814,B,152.91279754545914
3815,B,70.39525377593205
3816,B,404.82427794607344
3817,B,14.528734144728297
3818,C,163.1276739227492
3819,B,95.46116617604336
3820,C,298.62908089808684
3821,C,134.58367728112648
3822,C,136.90924271876884
3823,B,249.28569055770618
3824,A,329.8176292770536
3825,A,69.43930523693018
3826,B,96.00061170809312
3827,A,131.1156248513136
3828,A,487.13662491780065
3829,C,204.60472497203097
3830,C,303.50514440920296
3831,B,128.35597823082918
3832,B,250.32516732716908
3833,A,46.31839544911944
3834,C,27.0236515019402
3835,B,239.6794281425155
3836,B,205.34305088402192
3837,B,77.07135664899556
3838,B,346.92470017115954
3839,B,496.5227105406396
3840,B,203.8669423863891
3841,A,316.03373159952326
3842,C,481.858211758598
3843,C,417.45213649896885
3844,B,237.140589418316
3845,C,371.36984738536046
3846,C,72.78616972275677
3847,C,260.93088917726163
3848,B,146.7395358181689
3849,B,88.97020706911893
3850,C,218.8776440647221
3851,C,74.19713167247107
3852,B,352.50270300549795
3853,A,233.5576215861344
3854,C,270.26086995668527
3855,A,81.72420994739694
3856,C,78.4881139358123
3857,A,295.8735632774608
3858,A,492.6547764364287
3859,A,57.16278578648555
3860,B,150.00839999723283
3861,A,436.0349671035649
3862,A,45.4132860050661
3863,A,439.18400346980616
3864,C,266.90013185362807
3865,A,210.05071922394868
3866,C,161.74347653221338
3867,A,155.58740748264253
3868,A,159.8432654002446
3869,B,443.55350967049594
3870,C,364.6596627856449
3871,A,338.1642738372638
3872,C,401.3870829864804
3873,C,135.98618487203106
3874,B,312.8409779200603
3875,B,235.43245708939597
3876,B,393.3964012480948
3877,B,161.5354941319099
3878,B,325.1575222662489
3879,B,442.2840817904836
3880,B,207.05373333551506
3881,B,42.64482281005611
3882,A,262.86490294747847
3883,C,179.52651902544272
3884,B,339.39043646811575
3885,B,476.006133126817
3886,C,247.94807581845504
3887,A,238.43321277621158
3888,C,330.7465520938155
3889,C,60.71377676084816
3890,B,134.21803257325718
3891,C,460.29986949519525
3892,C,338.27188054824546
3893,B,16.587581551873964
3894,B,110.26648155391973
3895,B,344.59026035416053
3896,B,384.55560925566135
3897,C,421.53119061028053
3898,C,153.166633657202
3899,A,466.2040121760057
3900,A,280.94397785316727
3901,C,351.3041209700675
3902,A,302.4020427621549
3903,C,70.14262679056402
3904,A,481.92618309859114
3905,B,70.2090341481348
3906,A,134.89215864147997
3907,B,408.67766130926026
3908,B,313.1125111355397
3909,B,420.6930910344149
3910,B,262.710732303282
3911,A,194.72668532965108
3912,C,461.70429477841463
3913,B,27.763635582249478
3914,A,429.5038079729925
3915,B,123.100714742013
3916,A,425.8808005994442
3917,A,78.20634057427395
3918,A,294.30729220836486
3919,C,445.1728803156213
3920,A,242.03442698045635
3921,A,375.8176701636625
3922,C,404.28909274922364
3923,C,370.8821622712218
3924,A,463.41157106855314
3925,C,228.94877295476505
3926,B,94.83146519092632
3927,B,33.427421214215094
3928,C,130.7653361223775
3929,C,80.16677690131863
3930,A,283.39488330289544
3931,C,100.62321523374868
3932,A,29.077516571791875
3933,B,27.635016145647253
3934,C,417.4690541987822
3935,A,299.8104664070822
3936,A,185.4617979277553
3937,B,448.171740942721
3938,C,44.396339589779664
3939,B,490.3578156366347
3940,A,311.9829772246859
3941,A,99.89748444473575
3942,C,342.7438584987146
3943,A,384.0568172939457
3944,C,220.37796385167948
3945,B,432.1999770603182
3946,C,83.85887957527045
3947,C,146.6304159530281
3948,A,55.81125717615499
3949,A,113.33014189760256
3950,C,126.97711783646106
3951,A,459.640263551638
3952,A,48.27374748806654
3953,A,219.43340889197762
3954,C,270.8753567411874
3955,A,450.3595963630588
3956,C,498.8711471439946
3957,A,379.1601763107196
3958,B,485.68758537882445
3959,A,395.67955494257814
3960,A,481.9692940759941
3961,C,356.56265571278306
3962,C,49.084078471024824
3963,A,206.94089162641149
3964,B,326.8326690632105
3965,A,181.85206963258298
3966,A,143.95811987575152
3967,B,292.9256408952146
3968,C,467.4159195841931
3969,A,27.141118022915244
3970,C,386.9232897353045
3971,C,364.1363662418673
3972,B,482.3371784402607
3973,B,466.04849894294637
3974,C,383.4939554016545
3975,A,265.0002946944734
3976,C,110.09110108442474
3977,A,277.1655019795314
3978,A,385.0224770206304
3979,B,448.87791419256763
3980,A,396.95888451316904
3981,A,105.68079824361645
3982,C,303.8462939717491
3983,B,172.76499517036493
3984,A,14.510777021415066
3985,A,108.10825853644637
3986,B,65.47811846739015
3987,C,422.9323705343396
3988,B,136.66806355242787
3989,B,149.5020047549022
3990,A,480.3689201814533
3991,A,195.75249429393756
3992,C,14.696963670753334
3993,A,149.0846126896069
3994,A,68.4567944948881
3995,B,60.376195250568436
3996,A,47.96877216651726
3997,C,300.69714038593486
3998,B,102.78038457863073
3999,C,187.0089690800951
4000,B,432.38868090370823
4001,A,217.92568850017508
4002,B,458.6887615253024
4003,B,253.98964616384706
4004,A,205.42994127148032
4005,A,377.6905742744438
4006,C,45.85579839632103
4007,C,53.84440766138452
4008,A,329.4671198222507
4009,A,248.60094948723165
4010,A,397.303472656413
4011,B,458.9727102983304
4012,B,200.2997700590583
4013,B,302.2409130264767
4014,A,255.34134761970185
4015,C,490.9892212647921
4016,A,417.2313596047316
4017,B,456.75147705590325
4018,B,134.62664291302605
4019,A,388.53794734967124
4020,A,140.08188024884797
4021,B,112.28384137991104
4022,B,472.6904182312199
4023,B,19.459164191754656
4024,A,483.04046479508054
4025,B,83.13832952451504
4026,B,411.5246600787014
4027,C,145.2020510033705
4028,A,181.84414044105642
4029,C,116.21127854777264
4030,C,296.90188081572904
4031,B,180.5668182788583
4032,A,332.122589352385
4033,B,17.667185791612326
4034,A,41.54369292236942
4035,C,58.833964838311836
4036,A,215.30690580201323
4037,B,409.25012460338826
4038,B,445.2071760854075
4039,B,129.95726262984135
4040,A,291.4411648771169
4041,C,386.4988464193742
4042,C,151.52642066060827
4043,A,210.41379100077387
4044,B,266.7473593159998
4045,C,76.08867473994337
4046,B,22.731323925632353
4047,A,84.87484656595879
4048,B,317.15827441423136
4049,C,46.07294815150402
4050,C,102.95121877656287
4051,B,175.54840399069883
4052,A,48.15633151011951
4053,B,103.93264286920088
4054,A,456.5221966019204
4055,B,19.456574791222533
4056,C,330.18164284543747
4057,A,198.3603761484406
4058,A,339.59788232186185
4059,A,298.45894297806825
4060,C,119.51438963377569
4061,B,425.13264891096037
4062,C,251.05078747858477
4063,A,413.0426492676011
4064,B,208.9461427322274
4065,C,492.4959214184671
4066,A,387.5397856656352
4067,A,483.315600505161
4068,C,262.01997466583083
4069,C,242.10865482244324
4070,C,380.1723665693763
4071,A,441.3427188765808
4072,C,482.43143997412346
4073,A,169.03043395592488
4074,C,401.3652411828931
4075,A,113.21634284141298
4076,A,277.3314299052682
4077,B,98.12559272050758
4078,C,180.22470725766604
4079,C,466.36559993116504
4080,A,81.58444288881218
4081,A,319.8764386162463
4082,A,300.5475937344276
4083,B,69.16179282740337
4084,B,169.72973144671795
4085,A,285.8609372124802
4086,C,101.71751840436022
4087,C,402.3055916422795
4088,B,486.3566896720274
4089,B,115.23210598161131
4090,A,101.5868627473822
4091,C,232.91818518074788
4092,A,376.40498579861577
4093,B,147.9842990152732
4094,C,19.741155261667394
4095,C,275.19810773611806
4096,B,478.73427820598073
4097,A,201.72565914940333
4098,A,215.8659315497192
4099,C,484.7618413858786
4100,B,350.3577296970969
4101,C,362.39424219264134
4102,B,285.72398263182316
4103,A,487.5585133229884
4104,B,347.5445773685225
4105,A,448.56604828653303
4106,B,352.6956442092784
4107,C,370.206754171794
4108,A,152.30135184970078
4109,C,158.7045620267713
4110,C,393.6624782922543
4111,A,155.38608169325082
4112,A,285.7573346927505
4113,C,132.18263234428395
4114,C,410.32185659644404
4115,C,64.14566210156809
4116,C,416.42885348321556
4117,A,305.3376022487249
4118,A,101.58567206526787
4119,C,275.59733889799793
4120,B,148.4244300551968
4121,B,168.49899401794335
4122,A,182.24874038247137
4123,C,41.02643101643726
4124,C,493.12122535669454
4125,A,25.451967784299807
4126,B,334.62346786029644
4127,B,191.90154740114096
4128,B,326.5450425638825
4129,A,184.56164401291605
4130,B,340.13781666684076
4131,A,367.32539963949677
4132,A,348.37079379582593
4133,C,65.84137086549461
4134,B,331.8776849807955
4135,A,147.19389923250768
4136,B,24.112671578973423
4137,B,213.26702922558744
4138,C,222.4361203738625
4139,B,238.9153253426988
4140,C,355.36384104145094
4141,A,161.33346647980497
4142,B,164.48745142092207
4143,A,39.67060555821769
4144,B,346.542395836225
4145,A,288.23478478579614
4146,B,181.21830521995616
4147,B,355.5425996695038
4148,B,273.3052971211698
4149,B,239.93002347656443
4150,B,260.549026393952
4151,B,321.8105813808577
4152,B,333.4012762415537
4153,B,151.5893313789514
4154,B,78.96424806166509
4155,A,86.75074878335418
4156,C,323.3015340924708
4157,B,437.70791002589175
4158,C,210.65317638932038
4159,B,93.06487856143656
4160,B,380.7352241639888
4161,A,417.91984246552977
4162,A,441.4853971292736
4163,C,307.3474001677293
4164,A,431.7569941001615
4165,A,17.553329639719763
4166,C,62.54554286706652
4167,A,55.36227285552839
4168,B,359.17629528481916
4169,C,44.09507393635372
4170,C,253.21854250849046
4171,B,241.62638033178166
4172,A,162.24472654353806
4173,C,436.4985332716289
4174,C,93.51226892119804
4175,B,182.7067643556275
4176,B,389.3440350112353
4177,A,24.906934052709282
4178,C,339.74569612072065
4179,A,410.0348859171696
4180,A,466.8112410307019
4181,B,439.38535384082763
4182,C,166.49821724850574
4183,C,297.31842924824673
4184,C,47.87381164372827
4185,B,136.35630173852422
4186,B,56.16896558627862
4187,B,164.44177217544228
4188,B,438.84173459477717
4189,B,180.1117514404034
4190,C,285.33007047069896
4191,A,222.356615576321
4192,C,234.8690969063803
4193,A,485.0903053999135
4194,B,155.1156894492904
4195,A,317.3889900663539
4196,C,215.83070809392905
4197,C,39.96162871336624
4198,A,249.77210749587562
4199,B,408.53823123210304
4200,B,58.3889546540273
4201,C,44.10000522419139
4202,A,85.27944499270066
4203,B,384.55605458075996
4204,B,364.7577382309216
4205,C,286.8587067639942
4206,B,239.43093800538986
4207,A,445.2796492042848
4208,C,385.68193367840644
4209,C,407.85170313788456
4210,A,408.49852766182056
4211,C,324.93140582532345
4212,B,234.4271659148135
4213,B,433.6920987669687
4214,A,463.74363462559285
4215,B,21.664961196588074
4216,A,35.26188790046314
4217,A,479.78421548513427
4218,B,145.80870078365544
4219,A,437.9510254282152
4220,B,200.5096082910873
4221,C,68.35902822858424
4222,C,49.41716810257379
4223,A,86.68887054942367
4224,B,132.4476654850087
4225,B,249.37399342610485
4226,C,353.73397127723393
4227,C,493.335302477797
4228,B,226.3383042116938
4229,A,263.91062174812384
4230,C,265.6896936777953
4231,A,274.32283418908867
4232,A,263.6929219811865
4233,C,14.299629980339734
4234,A,10.845162833821947
4235,A,57.85649588180023
4236,B,59.762735680297624
4237,A,355.39948538785006
4238,B,110.40885593283988
4239,C,448.4099113302503
4240,C,465.0171014927395
4241,B,488.1877355689904
4242,C,470.14983939463986
4243,A,143.22527774007708
4244,A,259.7906539047211
4245,A,95.9729353965011
4246,C,405.04273103449225
4247,A,445.3315355206071
4248,C,427.1315312557823
4249,A,222.3498048614491
4250,B,381.75020349652266
4251,C,57.81379309237202
4252,C,29.71993760343284
4253,A,379.0858430112928
4254,C,218.424084421055
4255,C,497.8191397223889
4256,B,57.654565769210876
4257,B,429.25756395226455
4258,A,245.19170210920595
4259,B,415.30359579689974
4260,A,410.392368263371
4261,A,458.8360806674179
4262,A,155.94650553019036
4263,C,475.4016831963815
4264,B,84.31681057523394
4265,A,50.164701020810355
4266,B,221.4916035124511
4267,A,415.87825463450287
4268,B,241.97635401038835
4269,B,416.3504719899519
4270,A,367.5465348392096
4271,C,112.61990920807744
4272,B,474.95199620073726
4273,C,39.78277262840767
4274,C,450.1570566964595
4275,A,159.17729000528325
4276,A,255.07256075055565
4277,A,216.9524176233599
4278,B,94.19893288928893
4279,A,185.49196453682964
4280,A,104.53787378346968
4281,B,109.90437297565668
4282,B,101.65784965292637
4283,A,249.61851636983118
4284,A,400.98637008054465
4285,A,288.7953165430081
4286,A,447.6712283899125
4287,C,321.90679940259486
4288,C,347.7766566599762
4289,A,337.12754256623157
4290,C,230.23500466003318
4291,B,347.7760228780406
4292,C,44.15679576979097
4293,C,431.32722123867495
4294,A,391.1279502875195
4295,C,130.16267953352263
4296,C,386.3359025845004
4297,C,16.19487468600906
4298,C,116.4508205156314
4299,B,41.917246948739006
4300,A,392.3111891427684
4301,A,380.3783340774097
4302,B,408.681651662897
4303,C,12.196029729509128
4304,B,255.60403607241992
4305,C,355.3697367834949
4306,B,86.14655308211758
4307,A,328.3974564811861
4308,A,51.213948661746
4309,A,98.84966949111346
4310,C,243.14043934735452
4311,C,330.24692481374
4312,B,81.47587220740908
4313,B,100.75943210715957
4314,A,110.17871986217487
4315,C,126.96339430249945
4316,B,121.01138577788271
4317,C,203.623063163842
4318,C,330.3569289099942
4319,A,224.63557373589015
4320,A,390.2272152874452
4321,C,362.44156791482123
4322,C,71.99818788404708
4323,C,33.93239542716452
4324,C,440.191366359807
4325,A,49.117222615807975
4326,B,82.6861985526594
4327,A,20.84530502347785
4328,B,317.88481899634036
4329,C,295.3615759475908
4330,B,493.5827965532753
4331,A,444.5968741954143
4332,A,211.31315696564576
4333,C,192.07706204714214
4334,A,155.45749679719268
4335,C,84.67939081856187
4336,A,77.66099173498444
4337,A,74.81901692470666
4338,C,65.9162310215215
4339,B,127.8509007787131
4340,A,160.26762885342706
4341,B,481.17369580906876
4342,A,293.451892990924
4343,A,493.92192951150764
4344,A,192.5088044345799
4345,A,234.2370499688261
4346,B,169.0435429909868
4347,B,99.6149489393108
4348,A,80.15070681101379
4349,A,473.0888069258376
4350,B,493.5372340813903
4351,C,32.005653289278456
4352,C,83.66947861856559
4353,B,217.5268052275011
4354,A,101.30340340875959
4355,A,188.30139287717282
4356,C,73.25721143122036
4357,C,233.6907607936772
4358,B,143.13036192293706
4359,C,182.4334773217438
4360,B,56.21319921674632
4361,C,219.78274484796944
4362,C,491.7962293711692
4363,C,171.12819297178325
4364,A,439.45034467279316
4365,A,423.16757939560574
4366,A,476.5086249656332
4367,C,397.1536610108763
4368,B,333.20244525881935
4369,B,429.7263776714542
4370,B,47.06589352210132
4371,B,236.78702202741582
4372,A,494.7355569213788
4373,A,387.1040741344188
4374,C,481.4169352382393
4375,C,392.02083450540476
4376,B,438.69216404665065
4377,A,356.1995198285636
4378,B,382.6459821644475
4379,C,266.3572248213553
4380,C,462.87647339892516
4381,B,414.2690662054472
4382,C,423.5036331761598
4383,B,339.7744594718956
4384,A,159.244174072752
4385,B,27.45859974116827
4386,A,468.47101341067685
4387,A,297.19897091469346
4388,C,156.0900558625887
4389,C,83.07620284529352
4390,C,416.46635109536976
4391,B,419.89489527931363
4392,B,409.1089043839604
4393,C,326.09051906372525
4394,B,189.3475399200192
4395,C,158.99443954232592
4396,B,14.191837357903392
4397,A,418.46770375723776
4398,A,52.84202177188481
4399,C,319.0699490399761
4400,B,256.9967239516433
4401,B,268.0777858739121
4402,A,464.0892942008089
4403,A,25.491355522908634
4404,C,388.96219006809844
4405,A,35.505675199980494
4406,C,28.695266908334826
4407,A,220.61067208927716
4408,A,40.9068354280537
4409,B,396.6805361335269
4410,A,269.4859158876852
4411,A,24.229003503289476
4412,C,29.845336376140562
4413,A,310.2075795723449
4414,C,404.9947906526184
4415,A,224.52177032463905
4416,A,281.74452905245596
4417,C,401.9164324844518
4418,B,309.14802528049137
4419,C,120.13251645282155
4420,C,310.3954926760445
4421,C,317.85693494195465
4422,B,369.7124206317521
4423,A,314.2283519028326
4424,C,484.92864392443863
4425,C,106.67127127136355
4426,B,476.0344329878674
4427,C,273.78635027150796
4428,A,339.2585088425069
4429,B,58.736182751573025
4430,A,196.48221127527245
4431,A,386.99578176695456
4432,B,356.38639739850527
4433,C,29.66830020105099
4434,A,277.8311891136498
4435,A,53.25631455452063
4436,A,497.96965029729955
4437,A,449.6753283813144
4438,B,20.32952360998311
4439,B,430.7382936622891
4440,A,460.52050427361974
4441,C,183.238629056093
4442,A,362.5558109734053
4443,C,226.63083564181167
4444,A,331.0639174424086
4445,C,176.75552810611381
4446,A,168.05402595030148
4447,C,217.97260554021372
4448,A,81.32820173972557
4449,A,417.2580925733375
4450,C,180.86196872720197
4451,B,206.07328141386412
4452,C,448.08676022405086
4453,B,253.34566889095396
4454,A,276.68441558192285
4455,C,478.6840811407783
4456,C,444.4959277410447
4457,C,93.03868735533536
4458,B,241.87536465987148
4459,B,485.9351514399873
4460,A,192.45948613201531
4461,B,192.07082317293802
4462,B,105.56481357668564
4463,A,66.01832591837135
4464,C,372.7493474704311
4465,C,387.3149296637431
4466,A,484.81635211646994
4467,C,388.9749233436279
4468,B,129.24272207646337
4469,A,29.65712336137257
4470,A,492.8643183411335
4471,A,176.82084081636683
4472,C,162.86605579188617
4473,A,453.91805277719743
4474,A,296.6989502870432
4475,A,115.28687518607593
4476,C,445.6571589309574
4477,B,496.7468189768243
4478,A,52.47249496390705
4479,B,432.50329786821874
4480,C,201.35269186535305
4481,C,266.79549878828516
4482,C,458.25982812484057
4483,C,486.9558059298074
4484,B,138.4603161003117
4485,A,114.29687777035775
4486,C,49.45311370984081
4487,C,285.28094780444764
4488,B,16.666153770827453
4489,B,211.83016582886893
4490,C,45.95816815948419
4491,A,208.56063363537365
4492,A,29.56677274014854
4493,C,419.25645769829674
4494,B,112.77210702989728
4495,C,170.87126807537686
4496,C,436.32351833713204
4497,B,375.67037005278047
4498,C,117.32879720460865
4499,C,45.23071514217307
4500,C,360.68015065911635
4501,B,201.44424983717357
4502,A,385.3791995679284
4503,A,228.19443846385312
4504,B,179.54118235641545
4505,A,231.0906500240743
4506,C,376.7939029786316
4507,A,452.0879404047833
4508,C,34.38592632840201
4509,A,266.81465520120804
4510,B,26.08936025110002
4511,A,239.52067706193577
4512,A,443.7885862574812
4513,A,187.17923054595173
4514,B,466.9007063295152
4515,A,318.9981511087986
4516,B,467.7361184585731
4517,C,381.01164645213464
4518,A,60.68323165789352
4519,B,123.26417010571177
4520,B,203.14352274591803
4521,A,93.35237218591725
4522,C,252.50668634056365
4523,B,240.9703962937304
4524,A,478.5670070334168
4525,C,222.52666261902908
4526,B,394.9571341011189
4527,B,471.53616697722515
4528,C,439.72452717725287
4529,C,112.24713601068
4530,A,253.0546481842367
4531,A,180.3924933250036
4532,B,205.9307606172356
4533,C,186.7953448604181
4534,C,414.91601298575205
4535,C,231.54813700999927
4536,B,266.6102227998972
4537,C,491.3992049530666
4538,C,39.38984337384306
4539,B,249.09924349746692
4540,A,389.2902364035969
4541,A,84.069359512231
4542,B,309.6504813612392
4543,C,127.33774197188872
4544,B,435.0280154800381
4545,A,170.27883604603886
4546,A,171.24078028144567
4547,B,303.11500047376785
4548,B,99.94582497875527
4549,A,149.59543306249992
4550,B,214.14960655851164
4551,A,183.28255293865408
4552,B,267.1898368227354
4553,B,303.82367059379345
4554,B,287.6670523375806
4555,A,330.5424728760468
4556,B,160.79726313783192
4557,A,71.94885130596374
4558,A,382.7956953012278
4559,B,426.88238748903416
4560,B,135.9330537889918
4561,A,209.47505851742966
4562,A,254.2989163121421
4563,C,271.33015294893886
4564,A,333.1501838329494
4565,C,30.38558434410746
4566,C,363.5237705396683
4567,C,40.36579341991103
4568,B,239.46139815970525
4569,B,415.55885642890513
4570,A,231.09550350641416
4571,C,83.0539768964414
4572,B,492.66658405292026
4573,B,445.749876416389
4574,B,387.94368028025684
4575,B,211.6406854206131
4576,B,100.08440617575592
4577,C,471.2914788950656
4578,C,270.8520519933981
4579,C,427.6541755898677
4580,C,177.6265528221186
4581,A,174.2912753689406
4582,C,492.91483553027916
4583,B,265.6981937624764
4584,C,78.94075769176568
4585,A,117.64059221740663
4586,B,246.15269690243318
4587,C,30.810746139321555
4588,C,236.64165283536724
4589,C,215.28101261926253
4590,B,391.8747700065486
4591,B,183.92156259972847
4592,A,491.44889315440366
4593,B,98.57726045744253
4594,B,299.5834756343861
4595,C,53.952655534044766
4596,B,369.5933521570512
4597,C,497.429307150366
4598,C,411.3779324982998
4599,B,282.29473495294764
4600,A,247.5232651258491
4601,A,419.164681020755
4602,B,468.6273015082549
4603,A,494.71119764106555
4604,C,204.30422150659723
4605,C,495.54956264931104
4606,B,86.40386356517743
4607,A,134.2393902066355
4608,A,53.61790111960914
4609,C,143.151873077396
4610,B,386.28940029282546
4611,A,427.93293550744033
4612,B,391.65739610026014
4613,A,319.22223130217117
4614,C,261.84359113609634
4615,C,357.26510171468675
4616,B,201.5084391409387
4617,C,422.2410922348539
4618,A,341.82314604862484
4619,C,351.9243022622602
4620,B,272.60863663324494
4621,B,443.76220226347453
4622,B,133.4872195027357
4623,A,196.76235014691486
4624,A,391.04485914206765
4625,A,251.44695910337546
4626,A,445.7148665778535
4627,A,179.73566668379763
4628,C,190.97178272162594
4629,A,445.48053679944644
4630,A,237.5414568892001
4631,C,262.9010462592185
4632,A,173.0542205144829
4633,B,145.56827166775014
4634,A,331.4148683108121
4635,A,68.7219241551899
4636,B,440.84359417962554
4637,B,391.80953701490284
4638,B,103.46664921584336
4639,B,350.06977345403703
4640,A,305.2901314299611
4641,B,100.42217486095562
4642,B,143.8697179646139
4643,C,210.40338682957884
4644,B,352.6289402702822
4645,B,322.9744703203329
4646,C,270.795075361582
4647,C,386.5211661258768
4648,A,381.3894924070213
4649,C,312.7509854905054
4650,A,395.62514085856435
4651,C,173.7890536418125
4652,C,441.81226887807674
4653,A,311.30594204295096
4654,C,412.95812176809096
4655,A,277.67676134723916
4656,C,117.03474004445337
4657,B,275.78096305237125
4658,C,191.84471525052817
4659,A,351.7745276581763
4660,C,243.13895795002054
4661,A,419.695274414567
4662,A,342.25553103773916
4663,B,345.42677218534874
4664,B,116.40611341062184
4665,A,492.2823855807323
4666,C,422.42085254302947
4667,A,396.61239343474034
4668,A,171.80546032841343
4669,C,272.45950989514364
4670,C,77.18056215642103
4671,C,273.85322856472595
4672,C,81.48573077681077
4673,A,280.9885435549046
4674,A,327.87372127590373
4675,B,201.19602395245215
4676,A,254.2869903823337
4677,C,439.0701599605471
4678,B,63.19594090437659
4679,C,397.9491175698299
4680,A,93.66972998813624
4681,B,27.98691157426791
4682,C,100.9315553450734
4683,B,384.87116308553993
4684,B,208.5117759350614
4685,A,437.53505325462913
4686,C,267.10669517931024
4687,B,20.90267244390217
4688,B,361.1896687049441
4689,C,64.01412527340403
4690,B,396.79602039634295
4691,B,92.37024940453821
4692,B,179.2687290447016
4693,C,383.0230005164266
4694,C,477.5733651634466
4695,C,192.00263581689885
4696,C,416.40610789747853
4697,A,103.48821008316096
4698,B,405.51808739922063
4699,C,332.17208903556303
4700,B,104.44431853406053
4701,B,158.22694057219167
4702,A,74.56773541254765
4703,C,197.65383542151352
4704,C,109.78783415040593
4705,B,325.558997278932
4706,C,497.30750106807375
4707,B,15.884489911289428
4708,B,275.05070851077636
4709,A,291.09663279901474
4710,A,457.9623069435978
4711,A,257.9426140357994
4712,B,276.41369562600954
4713,C,241.1098726509104
4714,A,141.76310923512588
4715,C,37.454275291967704
4716,A,210.2422642828197
4717,A,35.769820907932484
4718,B,279.74131003829973
4719,A,160.57388518872364
4720,A,271.4651767474596
4721,B,75.80551255364148
4722,C,466.9886832122862
4723,A,448.3154093394681
4724,B,103.09828950911941
4725,A,178.28769881406484
4726,B,310.61145820747
4727,C,56.88624157989407
4728,C,183.7382323469139
4729,B,133.045020541313
4730,B,458.60319707118134
4731,B,427.7302117817105
4732,C,294.11804322076324
4733,A,264.96970506707135
4734,C,466.0556393272446
4735,B,466.8896136596195
4736,B,484.9717614223136
4737,C,71.43565321301195
4738,B,88.6733272739534
4739,C,341.60098235314445
4740,B,275.302893538824
4741,A,19.048293397685622
4742,A,40.36776763486449
4743,B,445.1593873068145
4744,C,435.74668981429926
4745,A,185.06275177806214
4746,C,446.61480229596197
4747,B,300.90078645497186
4748,C,404.89376703926195
4749,A,219.441224868505
4750,C,65.56518039900527
4751,C,222.52626069654795
4752,B,234.07690101848
4753,B,279.96265498189547
4754,B,61.73552932316972
4755,A,495.7869128943096
4756,A,129.6270421953841
4757,B,107.29067773317553
4758,B,268.13343023940894
4759,A,273.2320079034954
4760,A,225.5121615382897
4761,A,388.2271516993747
4762,A,263.16065635701534
4763,B,308.7507730210422
4764,A,364.63572884981494
4765,B,22.26229976629464
4766,C,289.615649447072
4767,C,443.25529090190093
4768,A,18.520484033462616
4769,C,208.53923086247093
4770,C,463.8514506008567
4771,C,183.04565711844353
4772,A,234.77712385811802
4773,A,490.9552825917132
4774,C,107.66869088578116
4775,B,41.97504267125291
4776,C,431.1170695220391
4777,A,435.54801719406055
4778,A,241.31813899320647
4779,A,261.96151549387025
4780,C,419.54512111273965
4781,B,371.8941540767396
4782,A,139.9230110863352
4783,A,18.277743985044044
4784,C,245.05307964143742
4785,B,430.86703978686427
4786,C,448.95899157817945
4787,A,478.5508365673154
4788,B,440.9859864302628
4789,B,294.2213420960682
4790,A,227.85674362568943
4791,B,389.67642480170855
4792,B,372.51260083914224
4793,C,273.6902807399126
4794,A,52.790412553649865
4795,A,463.7798599255902
4796,A,233.24524337581445
4797,A,188.03355313896952
4798,A,318.4880236326981
4799,B,340.1806009718187
4800,C,113.2370793448477
4801,A,420.1000339568785
4802,C,152.06917589456515
4803,C,101.47512369801518
4804,B,209.13592789870373
4805,A,367.974439639758
4806,B,483.0745074355037
4807,A,406.5478195420023
4808,B,470.77070505839396
4809,C,78.89684399749812
4810,A,44.876631443201624
4811,C,283.27533333426885
4812,C,152.24576669157685
4813,B,415.7469367549437
4814,A,339.2740569871398
4815,C,485.6568003530393
4816,B,134.84825430833905
4817,A,248.03421603406386
4818,A,255.6078339384231
4819,C,127.19662948011434
4820,A,299.1457657491238
4821,C,227.21013317882736
4822,A,228.89356243503806
4823,B,187.74095750651696
4824,C,18.295382688512177
4825,C,265.8266660882466
4826,A,174.27143949316226
4827,A,10.64673580232154
4828,C,160.8924167543467
4829,A,146.5278832139809
4830,B,202.78959507958155
4831,A,74.60747492526451
4832,B,258.7650740711914
4833,B,349.29577273388367
4834,B,318.7909288367405
4835,B,403.8399243089034
4836,B,231.48406111366975
4837,A,264.35494786646683
4838,B,407.0969510209018
4839,A,219.57357370142688
4840,B,353.7836814508025
4841,C,222.955160671816
4842,B,214.6907353106657
4843,C,382.50075601928853
4844,B,95.67008857844347
4845,B,175.90712625137107
4846,B,119.84441560598187
4847,C,185.9638720541226
4848,C,122.88366295935177
4849,B,293.9087592324608
4850,A,401.1036932827442
4851,B,395.44039999677193
4852,C,188.6054726289083
4853,B,494.49259888818824
4854,C,300.9886387058424
4855,C,205.70614787136444
4856,C,419.4142468282985
4857,B,367.638266194894
4858,C,377.1449150438112
4859,C,106.10828136959708
4860,B,239.478910610592
4861,C,432.2957841040554
4862,B,256.9786237380911
4863,C,344.89184427631466
4864,A,298.08752918678965
4865,A,422.7548259820072
4866,C,149.43481148318529
4867,A,291.9828861643188
4868,B,70.38498732480394
4869,A,348.20328058273924
4870,C,368.66424079282893
4871,C,30.99028738260922
4872,B,341.1375721777127
4873,C,213.19817554123532
4874,B,70.80746929374435
4875,A,215.75469837224912
4876,A,105.17413555083503
4877,B,213.62417074042511
4878,B,198.32612369967856
4879,C,371.81190209866816
4880,A,389.3656235015158
4881,B,307.44404064842786
4882,A,21.116552669399297
4883,B,466.20091674478704
4884,A,346.25430724725936
4885,C,26.75577046138253
4886,A,411.2281206149177
4887,A,108.13041581181811
4888,A,293.8183828898423
4889,A,238.6508412755917
4890,A,215.72100335398756
4891,C,445.9597228609548
4892,B,224.3070328656812
4893,A,46.91861761084386
4894,C,473.8529763353268
4895,A,461.0622633074175
4896,A,345.3720178949834
4897,B,239.26733878469224
4898,A,55.501141742325416
4899,C,397.46657810296335
4900,C,46.98417806777419
4901,B,43.61448259862137
4902,A,273.31808279529037
4903,C,88.4628376904737
4904,A,13.787830996771003
4905,A,217.32558118793526
4906,A,77.23644348893231
4907,B,88.65255348753871
4908,A,47.68621298031398
4909,C,110.49593932456887
4910,A,360.5872480894508
4911,C,406.37438053671775
4912,A,231.7414855743573
4913,C,258.21136978189463
4914,C,26.000966951159274
4915,A,43.96496807194526
4916,A,136.20818556826327
4917,C,276.5102261494423
4918,B,372.38006288014657
4919,A,306.4515000556362
4920,B,202.14264894352624
4921,A,67.9787957715377
4922,A,392.5788850947228
4923,A,188.25516528353796
4924,A,370.6664670965669
4925,B,261.35963253802754
4926,A,371.9444062452944
4927,C,454.57188511176025
4928,C,461.304462866363
4929,B,272.20232220029567
4930,A,260.639098735163
4931,C,140.18244809639026
4932,B,468.54191744935275
4933,A,234.38039192781423
4934,C,72.5197072508148
4935,C,222.02540816700946
4936,B,72.25609261662194
4937,A,256.2405252859668
4938,A,285.02500227954397
4939,C,175.50032313185682
4940,C,45.108800973427485
4941,C,472.31673246028714
4942,A,388.9430256068805
4943,B,421.0517294475093
4944,B,189.7655132002524
4945,A,382.80720470953077
4946,B,247.83271863290517
4947,C,108.53090931896251
4948,B,70.96745468453452
4949,B,179.07492596780787
4950,B,77.40053462281844
4951,C,499.1517983399936
4952,A,34.10260521369081
4953,C,226.1603636908475
4954,A,231.52582597128824
4955,A,157.30964500502103
4956,A,289.9622671964032
4957,B,83.4887418342569
4958,B,394.1170664877445
4959,A,172.89938194134277
4960,A,299.7578690013344
4961,B,360.6632256728101
4962,C,445.63063766817896
4963,A,419.53584386157803
4964,C,308.0714237707442
4965,B,200.31265838810458
4966,A,256.57028833673235
4967,C,386.68004875561326
4968,C,439.9973158541418
4969,C,60.85314480656921
4970,B,198.57956862159622
4971,B,390.2971332226153
4972,C,221.5093636710409
4973,C,172.7916043924791
4974,B,211.5481214434021
4975,C,305.3939259253119
4976,C,499.9045206255627
4977,B,251.5662902612206
4978,C,112.16229272758767
4979,C,89.79482188675642
4980,C,30.751376263443003
4981,B,283.8204451099775
4982,C,276.84032482952875
4983,B,110.56462412235149
4984,B,350.71140916175784
4985,A,373.1424503985436
4986,A,136.95812063723452
4987,C,178.6088843745709
4988,B,495.33111945015577
4989,A,193.38958924685974
4990,C,382.7928191604899
4991,A,231.8354590486706
4992,A,398.73896565187823
4993,B,386.8213870034975
4994,B,337.20045234728246
4995,A,428.8413896848338
4996,A,470.21706249006576
4997,B,294.19182702152114
4998,C,126.3597645391454
4999,B,205.32819120559677
5000,A,381.5697996215137
5001,C,328.93290771069604
5002,A,97.12118589697188
5003,C,35.10737516174811
5004,A,344.6511808356118
5005,C,133.02872177437922
5006,C,254.83841942723618
5007,A,375.9059185311712
5008,C,285.70672252160324
5009,B,50.81826572478023
5010,A,100.93431602394215
5011,B,117.47081017515038
5012,A,136.353484285974
5013,C,287.0476620557471
5014,C,256.9432321144428
5015,C,109.54841879846238
5016,A,43.101873293286666
5017,B,94.00178019261186
5018,B,492.3468431831156
5019,A,239.5880053978214
5020,A,434.9992973040351
5021,B,425.8887086677332
5022,B,260.64458315680815
5023,B,356.2769771456663
5024,B,104.44848510222901
5025,A,347.31438541418504
5026,A,143.46844383901185
5027,C,417.71042740953385
5028,B,51.02482522336586
5029,C,388.837949713786
5030,A,58.96908421862357
5031,A,441.7827260782114
5032,C,159.06021388615181
5033,B,330.65274876698163
5034,B,248.87611652393713
5035,B,189.48854117854611
5036,B,326.26649825991325
5037,C,474.2862604701066
5038,C,30.22217621356471
5039,A,460.2378993827211
5040,B,308.45001096029665
5041,B,405.58400737683564
5042,B,198.098727182796
5043,C,241.20305767043072
5044,B,435.7368683825704
5045,C,213.2755052068133
5046,B,271.9831877070516
5047,B,19.895512311323124
5048,A,87.71302286064072
5049,B,324.42638890765187
5050,B,361.31868152129977
5051,A,295.4744590244047
5052,C,80.22191777504923
5053,C,228.24866000313907
5054,B,183.99643551796302
5055,C,252.87405857719327
5056,B,436.4612269315062
5057,A,390.1721049427394
5058,A,51.15485568068789
5059,B,446.2515069095365
5060,A,241.16590406341356
5061,A,374.49245099413923
5062,B,78.61922331953255
5063,B,338.65256759645354
5064,A,125.79974862863439
5065,C,224.80663959905644
5066,C,18.26280634023116
5067,B,84.28921258593326
5068,B,55.11944163057368
5069,C,127.47464473974664
5070,A,59.008864111917916
5071,C,349.0359130435853
5072,C,24.229552082517493
5073,C,312.692845306249
5074,C,78.94683710453138
5075,B,473.12911401716946
5076,B,467.2160958238286
5077,A,120.49652023527169
5078,A,311.06643612928445
5079,A,23.722606541504632
5080,A,466.5763860950753
5081,C,266.2637810139378
5082,B,31.179344194711707
5083,B,177.8249965739873
5084,A,47.65623631200476
5085,A,202.54277529294635
5086,C,338.2639076590483
5087,C,240.2460549403054
5088,A,198.0238656125327
5089,B,68.38695231482775
5090,B,130.02013238989161
5091,B,59.07021099179205
5092,A,405.6743785117638
5093,B,76.26751571251405
5094,C,301.7329496089578
5095,C,177.94280265853448
5096,A,120.72940848103991
5097,C,323.33953535113085
5098,A,233.9311315947009
5099,B,206.07127896943396
5100,B,300.49748239718855
5101,B,250.72113796010035
5102,C,158.70726219026477
5103,A,283.9400310049733
5104,B,338.05430250984034
5105,A,23.0796477075586
5106,B,238.27714716476092
5107,C,38.26480944593645
5108,C,101.33865289337442
5109,A,284.6492796982068
5110,C,434.43256848013453
5111,C,442.57478280235756
5112,A,44.27256496792933
5113,B,215.36149228048623
5114,C,295.6731766722301
5115,A,82.06425322966827
5116,C,385.06178620493813
5117,C,374.67527663424704
5118,C,452.6370967163294
5119,C,14.15814592088708
5120,A,116.17527955461131
5121,A,415.3214899802077
5122,A,338.58422490519837
5123,C,448.2510283122605
5124,C,38.01803071983059
5125,C,302.512343201057
5126,A,288.83282169790033
5127,C,27.48046401666086
5128,B,261.6258176871169
5129,C,308.6649525418629
5130,B,103.73365535903254
5131,C,143.93149573108485
5132,A,323.77019968589116
5133,C,239.46746432397958
5134,B,430.4266922084801
5135,B,177.7670653445023
5136,C,140.66323261021856
5137,B,492.58431076897295
5138,B,456.45652736374086
5139,A,24.206445049500132
5140,C,387.6570215002173
5141,C,64.06403917434945
5142,C,23.46774546639177
5143,B,144.11080282351097
5144,C,141.9794807399411
5145,C,411.4661935500127
5146,A,358.22695051198923
5147,A,490.988619392687
5148,A,358.641321152791
5149,B,214.94522109546347
5150,C,352.47455386315625
5151,A,499.73494292133705
5152,A,357.96952245563875
5153,A,383.22386443035595
5154,C,469.7988574432271
5155,C,65.68911804272484
5156,C,355.3443037893862
5157,B,426.89491940405
5158,B,477.6455141082376
5159,A,113.3749519587327
5160,C,256.9252137848797
5161,A,343.4718753457961
5162,C,131.25918745565536
5163,C,304.23170299263427
5164,C,136.2136034240197
5165,B,173.39394006050716
5166,B,226.34416129032388
5167,C,269.3031483858178
5168,A,230.18927709632382
5169,C,251.6658046960853
5170,C,156.30849058126338
5171,A,87.89289607108898
5172,C,33.201488890151325
5173,A,106.02957402091717
5174,B,295.15238433783367
5175,B,395.19656942353487
5176,A,92.93132274701831
5177,B,63.192125308597745
5178,B,377.1522766691326
5179,A,159.52758196327196
5180,B,476.2347252214027
5181,C,360.0158055990828
5182,C,170.11046314908512
5183,A,151.87594641891542
5184,B,266.6122092729414
5185,C,48.78088745632262
5186,C,67.66149119619651
5187,B,96.17036184493433
5188,B,389.6145607192345
5189,C,261.79010604187
5190,C,15.177890159477041
5191,A,340.0230984613334
5192,A,217.60818754364357
5193,C,260.317658832261
5194,A,114.91695927233842
5195,C,280.3732919131108
5196,C,489.7850874782294
5197,A,45.987898592823115
5198,A,149.119525835571
5199,B,129.0688205018066
5200,B,131.789162268078
5201,B,195.56611520703487
5202,C,410.8737945246421
5203,A,457.3007580825498
5204,C,109.08539285489692
5205,A,276.04546959457525
5206,C,322.08049636108535
5207,B,265.69546243828404
5208,B,222.69743315649058
5209,B,104.06799787102653
5210,C,249.22748600762688
5211,A,206.59526557855116
5212,A,399.82604762611214
5213,B,384.16613598986766
5214,B,75.65935379077865
5215,B,53.37433575590311
5216,B,454.9954321814765
5217,A,272.3991105926039
5218,C,430.3224592684694
5219,C,38.49404907753656
5220,C,267.9926520955988
5221,C,274.3189921423558
5222,B,431.74399594565347
5223,B,57.82889913255668
5224,B,127.81832620119556
5225,C,209.20377380463643
5226,B,434.26232295577165
5227,B,470.05282438457783
5228,A,496.4350636008777
5229,A,480.00480836467557
5230,B,12.911460363733662
5231,A,33.3770873123973
5232,A,82.32734138721844
5233,B,180.94242741743383
5234,B,416.65983518360974
5235,B,447.40153571438543
5236,B,101.54885908434568
5237,C,313.6354342936572
5238,C,459.5073726819855
5239,B,237.22855060634717
5240,A,60.73635025686414
5241,B,234.32868854146622
5242,B,194.13950212114804
5243,A,293.0524180723434
5244,C,224.9427553594808
5245,B,18.49950415832179
5246,B,497.05888937269884
5247,C,276.33471648797973
5248,C,242.07907018745868
5249,A,477.7625120369865
5250,C,86.37158011766779
5251,C,102.72642524717163
5252,C,405.9272270407639
5253,A,137.8072292122543
5254,C,401.6212820828482
5255,C,143.05140662516624
5256,A,26.26193881025073
5257,C,263.33721470449086
5258,C,106.37635272216207
5259,A,381.34468353691085
5260,B,324.18782028375256
5261,A,462.56530730917973
5262,C,393.6642950602106
5263,C,98.58021787195615
5264,C,402.0775359657502
5265,A,324.4511519588714
5266,C,337.7863044627062
5267,C,417.80881412537286
5268,A,291.1737939025807
5269,B,238.34172203297632
5270,B,321.9541073257767
5271,C,155.99914018959595
5272,A,99.47259423267866
5273,C,312.12804065491076
5274,A,124.58570085188407
5275,A,49.1584035798373
5276,B,10.271550446774418
5277,B,308.0765066860329
5278,A,187.45290390531605
5279,C,378.6323756299934
5280,B,193.8364351734202
5281,C,248.1416896367311
5282,B,209.47163667953862
5283,B,328.7816476435796
5284,C,184.50818938733443
5285,B,482.2461484717314
5286,B,468.71202343327974
5287,C,425.5336723020679
5288,B,460.94713258064655
5289,B,230.07844734510158
5290,B,272.85089442685114
5291,C,373.6253703535398
5292,A,351.11150321988515
5293,C,446.4325118466807
5294,A,361.0022033557807
5295,B,498.96350703194565
5296,A,180.76784191747961
5297,C,418.1688936973148
5298,C,351.8410631880055
5299,B,348.7793581553591
5300,A,169.65944147404946
5301,B,394.944878287281
5302,B,451.1842509503236
5303,C,117.08874614507585
5304,A,316.49345018718503
5305,A,202.14606626035985
5306,A,494.87857845448974
5307,A,244.62807975752398
5308,B,121.87688516050191
5309,B,197.11023635869793
5310,C,330.38081101014683
5311,B,47.28379196129237
5312,B,305.7649409084064
5313,C,466.30013199766
5314,C,426.6777659523467
5315,C,43.16003296241185
5316,B,496.7610405821434
5317,B,352.3761926149008
5318,C,89.51760391387161
5319,C,16.083883693017512
5320,C,93.92849178315416
5321,B,420.7062011360119
5322,B,20.603269223130233
5323,A,124.24217877286242
5324,B,381.0797417140889
5325,B,297.1941625900862
5326,B,393.54049807649403
5327,C,375.6137468751261
5328,B,34.794679689684315
5329,C,447.33059535613427
5330,A,121.24559879831166
5331,A,281.16229571258424
5332,C,325.7011966986116
5333,C,92.62782333369674
5334,C,488.35331578347746
5335,B,249.1964184827814
5336,A,38.244920842722784
5337,C,469.25840194114176
5338,B,297.27124316470133
5339,A,352.60466701087444
5340,B,267.3361370677698
5341,A,419.0215978407141
5342,B,26.235396474673337
5343,A,141.5053989858024
5344,A,240.12769463731917
5345,B,47.53577199371792
5346,C,355.8942679700625
5347,A,202.89507288726398
5348,C,143.60731523139057
5349,B,11.655634936122013
5350,C,362.71685275747734
5351,C,418.56656134770225
5352,C,203.56986248393423
5353,C,286.4668087463491
5354,C,121.56644670550322
5355,A,314.87684667726523
5356,A,15.947354574448255
5357,A,249.43550957839165
5358,B,325.66068610193923
5359,C,459.91396888256963
5360,A,196.8545503899193
5361,B,384.9431994607046
5362,A,302.8666446723154
5363,A,464.2359353332895
5364,C,205.205061073121
5365,B,166.35671653776413
5366,C,444.69957936013043
5367,C,34.12975669006167
5368,A,76.82884253750163
5369,C,50.37817294618178
5370,B,423.12387872243727
5371,C,15.197637451456501
5372,C,432.2120061935536
5373,C,231.12121973192075
5374,A,11.972386638445666
5375,B,206.8061368339005
5376,A,101.53241211206743
5377,A,315.9562388613599
5378,A,342.88580706160684
5379,A,248.8885094984499
5380,A,29.854567465438283
5381,B,331.5031141399289
5382,C,422.59900396670537
5383,A,362.95889588993674
5384,A,416.6793802881061
5385,B,108.24966653993486
5386,B,445.5550904316765
5387,C,167.87479081750178
5388,B,16.568358983475605
5389,C,423.26190670124464
5390,A,471.4924217927161
5391,A,331.2235167345009
5392,C,123.40394892707809
5393,B,133.3547874984399
5394,C,238.63050798345355
5395,B,449.93722900469555
5396,A,83.3028515123036
5397,B,414.7270980959086
5398,C,152.73837626552367
5399,C,406.20722302025797
5400,A,460.93288682475395
5401,B,219.4719972772169
5402,B,188.8748205117101
5403,B,403.0884462959379
5404,A,269.44661236590304
5405,B,345.3800337469666
5406,C,315.186326110978
5407,B,84.9155343659502
5408,A,423.94727654188523
5409,B,105.92980459243674
5410,B,466.8182505946826
5411,C,132.77993279685245
5412,B,369.6016769041335
5413,C,149.4811428118601
5414,C,165.7148502075633
5415,A,161.9009078633296
5416,C,376.4672044727808
5417,C,282.8394078050026
5418,A,442.6467033652736
5419,C,160.61263240998198
5420,A,349.0763358078047
5421,B,378.9448138349242
5422,A,84.22623538467951
5423,C,206.28878508670746
5424,A,246.58057223170144
5425,C,184.2868210482434
5426,B,167.83517202487766
5427,A,346.34574805884455
5428,B,115.77453485314939
5429,C,357.6014651730531
5430,C,468.171656231458
5431,B,286.9467853770981
5432,A,309.6027760023423
5433,A,43.77702404080365
5434,C,433.59368277273586
5435,B,149.8694157279341
5436,B,311.3750711089968
5437,A,489.76496317495315
5438,A,301.79627428067585
5439,A,365.10764885754503
5440,B,228.20661292963842
5441,A,39.57926332237811
5442,A,400.82368124999635
5443,C,27.149432219352978
5444,A,353.3223361550485
5445,A,21.231570843322103
5446,B,432.52956592256857
5447,B,87.24165755816048
5448,C,261.9930327668501
5449,A,302.6038451967422
5450,C,234.19724961297192
5451,B,176.97410978095473
5452,C,239.22900512867614
5453,B,162.59371940176777
5454,C,224.67995006962295
5455,C,185.86736558903502
5456,A,287.4403635185012
5457,C,126.5828395000419
5458,A,494.44171190786614
5459,A,255.42627715726113
5460,A,105.13941793310973
5461,A,243.7627072879635
5462,C,434.5434134671639
5463,B,20.68532863095384
5464,B,342.98151836257153
5465,B,278.5042204290247
5466,C,93.0834172413664
5467,A,410.5634552594111
5468,B,190.75346496326276
5469,C,153.96299411959865
5470,A,415.7813440098815
5471,B,322.87727263391565
5472,A,450.146951000664
5473,B,318.6430147988877
5474,B,373.0006523867365
5475,B,419.8584891672103
5476,A,36.82242159586909
5477,C,390.2639898459963
5478,A,310.7161761062926
5479,B,44.058820292444686
5480,A,259.2031817156704
5481,C,50.4044582121374
5482,A,370.61412884437897
5483,C,277.7858398099627
5484,C,477.2510333320257
5485,A,99.73633207016722
5486,B,306.95639173498546
5487,C,113.67524593954076
5488,A,310.8918425164252
5489,C,364.09835415681965
5490,B,363.9291213714739
5491,A,409.38625543447887
5492,A,428.23961169957516
5493,A,47.86314587091675
5494,B,178.200906965478
5495,C,346.6900349763048
5496,A,254.30728082169395
5497,C,103.43121390984783
5498,C,280.82768938168203
5499,B,209.64346985541047
5500,A,201.1187560506095
5501,C,406.77932154347525
5502,A,209.72318357776882
5503,A,22.96270768540784
5504,B,38.45103605663472
5505,A,429.5595804288939
5506,A,480.6943969061354
5507,C,347.3205748632967
5508,B,188.5404641090393
5509,A,469.91415473941646
5510,C,334.7735123241105
5511,B,423.72343910767546
5512,B,385.26762897813455
5513,C,195.7782647285703
5514,C,244.5640784168849
5515,C,101.20475564036875
5516,C,153.08690921595968
5517,C,391.28157403039563
5518,A,448.04941202272306
5519,A,364.9856073931918
5520,B,237.93511136175277
5521,A,52.38954178047629
5522,A,37.90449486223962
5523,A,193.41952666029837
5524,C,237.27264219615492
5525,B,308.46910488451545
5526,B,13.179865479628633
5527,B,494.9642163284901
5528,B,188.330052867981
5529,A,425.5663852625495
5530,A,272.13368577604814
5531,C,73.91533272133978
5532,B,400.8071207419157
5533,A,357.81526671073925
5534,A,268.44368161532174
5535,C,262.1310147535522
5536,C,52.86500681795475
5537,C,331.3659848011983
5538,A,456.5101263196069
5539,A,55.6900104184656
5540,C,139.1206108179634
5541,B,452.1309069866284
5542,C,149.3285158116987
5543,C,330.4323993681639
5544,C,272.06090082214064
5545,C,302.2005264518924
5546,A,213.73656177285403
5547,B,156.99582057131843
5548,C,33.781390857537794
5549,B,374.69766025414043
5550,B,375.58579647517115
5551,B,338.6556126385744
5552,C,325.3805561786141
5553,A,129.42139476208786
5554,C,20.94901754548269
5555,B,406.27054447386547
5556,B,250.65788249095516
5557,A,160.35068404428299
5558,C,59.94663432247933
5559,B,40.733579541680314
5560,A,180.94469367963688
5561,B,404.32116173580084
5562,A,460.17463717357697
5563,A,449.4081686604017
5564,C,460.8004090273309
5565,B,454.78541813337796
5566,C,268.34012828419395
5567,B,117.51366289288288
5568,C,401.042825590042
5569,B,114.71935767776371
5570,C,140.93156561071885
5571,A,124.29461769304875
5572,B,262.3413778109449
5573,B,167.69547900284914
5574,A,85.53646431641732
5575,C,232.05497182800238
5576,B,438.2145470047318
5577,B,289.5708989254864
5578,C,440.3844468849177
5579,A,105.97737068877733
5580,C,91.81719809955146
5581,C,292.0327915922259
5582,C,237.0311617576738
5583,B,333.4845944070089
5584,A,399.367127603123
5585,A,378.1405748695665
5586,C,471.70797509269494
5587,B,205.14564048693566
5588,C,111.12950370160857
5589,B,279.947193574464
5590,B,64.26412889368095
5591,B,151.5370504324994
5592,B,111.8651470789408
5593,A,204.31622123056965
5594,B,64.49612175108554
5595,B,25.602454828567947
5596,C,331.8290622687156
5597,C,309.02199936200435
5598,A,357.095878658944
5599,C,333.58935573295855
5600,B,66.00439375976791
5601,C,152.6286518740667
5602,A,73.46803885117265
5603,C,423.056477003796
5604,C,375.9827911242064
5605,A,108.7482314299388
5606,A,177.24152784004778
5607,B,483.641346209465
5608,C,301.1380853610292
5609,B,402.56624267756706
5610,C,139.64960703667728
5611,C,112.92593088785955
5612,B,394.11929513480874
5613,C,346.0775030634057
5614,C,343.6791853137642
5615,C,280.790945096305
5616,A,286.15338796050895
5617,B,370.4917776000643
5618,A,142.3012157493857
5619,B,182.85654826990833
5620,B,437.102017554827
5621,C,161.3439484959573
5622,B,277.69168997585655
5623,A,354.2933373632752
5624,A,499.9631651482565
5625,A,223.29275243271266
5626,B,219.76550954622246
5627,A,422.8683059224971
5628,B,404.696524517333
5629,A,368.2271820499288
5630,A,236.98252233042416
5631,B,168.73016887875073
5632,A,308.27793646657585
5633,C,439.34941363450406
5634,B,443.0509545222074
5635,B,63.16418908451483
5636,B,219.89163906844382
5637,C,237.71375853738724
5638,B,489.03153008663907
5639,A,342.2190274688664
5640,A,209.55074445841458
5641,A,22.76836413294057
5642,B,287.038728448606
5643,A,57.077228062794504
5644,B,418.8804791004039
5645,A,378.7341436794774
5646,C,235.64948835500758
5647,C,220.31328197543286
5648,C,449.69609312869665
5649,C,151.3445917048829
5650,B,132.0197814323177
5651,A,470.2067420846234
5652,C,406.5304600092065
5653,B,412.10654060292535
5654,C,105.64496899520351
5655,C,80.21503580115787
5656,B,22.7544794103961
5657,B,126.15033937015322
5658,A,389.3533409400191
5659,A,127.61882519443338
5660,C,367.2606089614893
5661,C,133.43505003003654
5662,A,203.69332399582913
5663,A,491.74952205659014
5664,B,129.95774832922643
5665,A,194.42160737615114
5666,A,157.53271842795468
5667,C,63.71624330170112
5668,A,250.04812964410422
5669,C,195.55842503317112
5670,A,350.49467204556726
5671,B,410.62132800625767
5672,A,276.6823601028629
5673,A,25.776246822795063
5674,A,313.27195455501356
5675,C,37.141457710260205
5676,B,312.0145985635222
5677,A,345.66467514190236
5678,C,106.90613753258403
5679,B,411.4796128736678
5680,C,456.4317144712838
5681,C,408.4126124157716
5682,B,159.50350320392025
5683,A,297.45507609836085
5684,C,458.2594231037016
5685,C,167.12571584919647
5686,A,411.8136329100583
5687,A,14.642814318231297
5688,B,11.786884364491373
5689,B,382.25871356609406
5690,B,383.10931524228937
5691,A,396.59882204762397
5692,C,465.71315056519956
5693,C,67.77409279193927
5694,B,123.67264264200729
5695,A,452.82521098316573
5696,C,96.84573690845319
5697,B,344.2923411125262
5698,C,269.9268700199995
5699,C,50.76490165723855
5700,A,149.7791943513511
5701,A,264.98238605607423
5702,C,427.6515571750787
5703,B,356.6938599111901
5704,A,314.7227491129172
5705,C,253.05611607129325
5706,A,156.3551520689258
5707,A,68.43000654643798
5708,A,210.4472569373868
5709,C,23.97406201653336
5710,B,113.41738574075679
5711,B,221.9168541776033
5712,B,215.11654097923838
5713,A,31.704761188526277
5714,C,298.6394752273927
5715,A,279.34528536808574
5716,B,48.27110897024729
5717,B,472.1498957056153
5718,C,58.69756168592146
5719,A,428.86873410629465
5720,B,10.15176863835291
5721,C,442.3177365722377
5722,A,19.66266878011315
5723,A,381.32789562713685
5724,B,187.22849753712393
5725,B,371.72623206679674
5726,A,206.85515065823947
5727,A,44.74488194260245
5728,B,386.0782807437284
5729,A,44.913815807468836
5730,B,461.8390136209968
5731,A,34.97727753791408
5732,B,244.86938610804256
5733,C,364.28687111688987
5734,B,202.6907677480985
5735,B,116.444402550293
5736,C,381.95457108405327
5737,A,394.30440534647596
5738,C,462.1205421376399
5739,B,194.32090411122806
5740,A,258.06334990369015
5741,C,187.9329369945753
5742,A,135.9700927071704
5743,A,378.0061511534282
5744,C,176.42940405830817
5745,A,219.7932265762525
5746,C,207.80009223577363
5747,B,359.20400056690545
5748,A,459.71985679423307
5749,B,336.7104700406149
5750,B,241.07547208617396
5751,A,391.8105062220529
5752,C,324.0759488198474
5753,A,39.69907498772861
5754,B,56.87515734523241
5755,B,28.579302596080332
5756,C,233.83999984109673
5757,A,414.6681828260928
5758,B,163.4107529821625
5759,B,198.23848971531604
5760,B,455.64378310026643
5761,C,420.0826882051609
5762,B,335.8735750674544
5763,B,140.73385322520315
5764,A,67.35032651733732
5765,A,17.868823113255722
5766,B,62.43522957616623
5767,B,153.37225737573195
5768,A,280.37713115395286
5769,C,41.36004054866957
5770,C,76.75161137604002
5771,C,98.72954413089111
5772,C,319.67122556182005
5773,C,311.737001500261
5774,C,279.87520592235495
5775,C,132.74569810101042
5776,C,191.84864869717867
5777,A,57.377961005494086
5778,C,120.96569584144689
5779,C,449.8755609715644
5780,C,490.04895575355596
5781,B,327.3531969637444
5782,A,459.2434130914759
5783,A,324.9435311966983
5784,A,26.266278191680243
5785,C,498.41366664334043
5786,C,58.486627826402106
5787,B,344.4944827080798
5788,A,133.88973950664712
5789,C,202.07074532441047
5790,A,326.50775055245975
5791,B,223.87880116077645
5792,B,132.76756887625282
5793,B,173.87863157037913
5794,A,177.3585772923564
5795,C,480.06871320902474
5796,C,401.320377802491
5797,B,234.68889802490605
5798,C,107.91225096726842
5799,B,407.39789402870144
5800,A,87.01941108810301
5801,B,113.12648639958168
5802,A,189.34656200167404
5803,B,441.37061596747515
5804,C,74.57546763071403
5805,C,69.89475449871779
5806,B,252.04774426958033
5807,C,145.4411651359006
5808,C,288.67669140759835
5809,C,231.3019754947795
5810,A,223.12996211209625
5811,C,64.8667555386267
5812,A,79.11434822242168
5813,B,412.32850294895655
5814,C,444.08254141015476
5815,C,124.99493111377261
5816,C,65.59564574713684
5817,B,36.1741692479102
5818,A,308.0658307335294
5819,A,360.5230741251007
5820,C,192.6768947095707
5821,B,343.0411750704134
5822,B,359.3498196241678
5823,B,468.3177178844836
5824,B,41.78808253920255
5825,B,104.22294438322909
5826,A,43.57773392252419
5827,A,435.31702733469416
5828,A,398.3677084164486
5829,C,291.57461460470114
5830,B,50.99507092507975
5831,C,143.9230557403226
5832,B,155.88272554867328
5833,A,284.7641660475544
5834,C,136.4415080779906
5835,A,45.75033331734787
5836,B,368.0735279081167
5837,B,156.54930371115154
5838,B,231.6633467414173
5839,A,72.55665114132962
5840,B,403.248668663344
5841,A,287.11061969278825
5842,C,451.77695684283276
5843,B,252.78106590201335
5844,B,471.2985791907611
5845,B,447.01542014684975
5846,C,292.4653296650246
5847,B,467.6077846934331
5848,A,168.31348617433062
5849,A,189.16465972506356
5850,B,32.2841961399581
5851,B,298.708444314288
5852,C,363.74274526517735
5853,C,389.02440321863054
5854,C,83.40998016259063
5855,B,227.63794543312514
5856,C,96.66297392601867
5857,C,334.44240093858195
5858,A,87.39372248666638
5859,C,453.0402051384767
5860,A,123.01097637409254
5861,A,152.78711048123998
5862,C,426.94409785398983
5863,A,234.64912897140465
5864,B,21.758013442035782
5865,B,252.34726308929643
5866,C,51.42623433626029
5867,B,492.81891215678223
5868,A,298.17466952324514
5869,B,135.70098262937944
5870,C,286.2216629783327
5871,C,47.664880657059875
5872,A,401.94673909172036
5873,C,463.4107463934402
5874,B,438.4777502210182
5875,C,177.46122512629577
5876,A,169.62637862525057
5877,C,27.192929495987
5878,B,329.18617576344917
5879,A,272.10334425299953
5880,B,235.07972195039727
5881,A,454.73916713400644
5882,C,92.26066153059469
5883,A,14.736470678189344
5884,A,45.92506153917506
5885,C,119.45200453541077
5886,B,26.309919139093903
5887,C,256.3934182151364
5888,A,163.90432306445325
5889,C,98.43667395338501
5890,A,377.54119672484444
5891,C,110.18114985393971
5892,C,346.9264994869587
5893,B,181.13980386534308
5894,A,260.79560272465176
5895,B,467.5948495271467
5896,A,28.302301059748284
5897,C,255.1296086639563
5898,A,428.6672505605329
5899,B,298.1073817014708
5900,B,145.66655331292674
5901,B,204.86375622106684
5902,A,343.3301580770015
5903,B,446.4978282137635
5904,B,30.122523135839682
5905,B,45.054022726284444
5906,C,169.2752465686979
5907,C,124.0620453743647
5908,A,139.81613424897895
5909,A,118.42229932668165
5910,B,105.95427393902729
5911,C,74.00574376595297
5912,B,467.6375245796666
5913,B,80.652837314015
5914,C,110.15784963511273
5915,C,130.67020475058501
5916,C,467.17728783390606
5917,A,380.29992546453155
5918,A,396.9527208546022
5919,B,61.33154717386404
5920,A,419.7918387576791
5921,C,210.0146100905348
5922,C,138.78328284407047
5923,A,292.11754092495215
5924,B,412.8696238501996
5925,B,391.5395540267056
5926,A,446.0987664647547
5927,B,464.7847711475675
5928,B,126.67981499959728
5929,B,217.69036814294313
5930,C,17.167984210484306
5931,C,440.8676130398794
5932,A,85.7403542226361
5933,C,432.1226580479202
5934,B,171.39978777343222
5935,C,190.38545909075773
5936,A,29.174804697091094
5937,C,170.1706069850066
5938,B,445.2982045726194
5939,B,22.51822654958603
5940,A,209.10046179289543
5941,C,25.385818608243156
5942,C,191.75247830344182
5943,C,94.59391398234267
5944,B,133.5870127015023
5945,A,440.0232028490953
5946,C,223.66411810472658
5947,B,144.16101578693699
5948,B,298.7758051957684
5949,B,79.63241031796537
5950,C,137.10188763621937
5951,C,277.6615041254154
5952,C,126.38629050555373
5953,C,342.7725913264279
5954,C,250.83073810716604
5955,C,388.2746444247985
5956,C,474.6398225040096
5957,C,66.74439578022978
5958,C,173.98585489242697
5959,B,166.57904081041923
5960,C,84.07963047525459
5961,A,407.04853729340067
5962,B,382.34056497900707
5963,C,247.36848070885551
5964,A,273.50768111935867
5965,C,39.17662762122316
5966,A,282.1986026402524
5967,A,397.75734676962185
5968,A,291.17551105609
5969,A,140.00012135900528
5970,B,337.09865344382524
5971,B,187.12933068297136
5972,A,276.98790930001024
5973,C,248.90702800667313
5974,A,196.77575047293826
5975,B,362.25021039312617
5976,C,443.0992948730821
5977,B,12.554134053693222
5978,B,467.47209442287993
5979,C,260.64241668078023
5980,A,353.35862137799995
5981,A,429.2560374261798
5982,A,238.88080923399227
5983,A,419.13729594879624
5984,C,97.03371153304909
5985,C,87.99209189510908
5986,C,332.1609707395152
5987,B,436.37007272035123
5988,C,447.28882699265927
5989,A,325.43282460485085
5990,B,267.48972280256555
5991,A,172.38261297129293
5992,A,490.20020364367235
5993,C,166.65088646646274
5994,C,374.65119254348065
5995,A,270.67108195345037
5996,A,308.1710478374199
5997,B,202.80546978842682
5998,C,482.7633314814014
5999,B,290.1243397886428
6000,B,469.5159389248071
6001,B,13.719793925217921
6002,A,290.6085857636493
6003,B,361.421575965383
6004,B,375.08928386948685
6005,A,453.43867207302384
6006,C,12.156788411855276
6007,C,10.161778037143455
6008,B,241.4090957896555
6009,A,24.353915452631618
6010,C,487.52095129456353
6011,B,118.81193552528207
6012,B,241.6057173887739
6013,A,39.95743870598957
6014,B,265.80372392391666
6015,C,196.17850132223018
6016,A,31.88341414983964
6017,C,174.21089068115012
6018,C,201.80364990919927
6019,C,495.0615307247206
6020,B,111.86407724049398
6021,B,276.94201153134884
6022,C,493.784619107328
6023,C,398.0894118906662
6024,A,496.7500754322236
6025,A,484.4661741834829
6026,B,249.8743756261356
6027,B,351.2241664365772
6028,A,64.11713220116404
6029,C,226.1629242729329
6030,B,406.41908571068177
6031,C,257.61430727880025
6032,A,354.32252608044365
6033,B,375.4181516922957
6034,B,134.199879209018
6035,A,439.0926927418571
6036,B,235.31299114549768
6037,A,112.99070077455643
6038,B,434.0537820763374
6039,A,214.73121499206428
6040,B,377.65309480606265
6041,C,278.5362053885805
6042,C,197.11715859490522
6043,C,406.83944336889897
6044,B,296.3902665058604
6045,B,201.37543018924555
6046,C,63.70295646421224
6047,C,448.7682037456869
6048,A,27.38009681741661
6049,A,432.96180070034757
6050,A,186.38114719274617
6051,C,323.2759941156889
6052,C,461.8778646794858
6053,C,84.33624159691023
6054,A,287.805733063017
6055,B,384.5721025613941
6056,C,381.2160780323381
6057,B,267.55963815375696
6058,B,316.1223353541645
6059,B,381.1882271250938
6060,A,422.10354250113176
6061,B,383.2884174691732
6062,C,183.4624221588089
6063,A,498.39593651828926
6064,C,222.90631992245915
6065,C,21.987704351877376
6066,A,187.6823062768764
6067,C,72.6136477411832
6068,C,69.50688170690376
6069,A,147.95216965237822
6070,C,36.15399214685781
6071,B,347.3709723206859
6072,C,46.25455325893349
6073,B,109.61188216361852
6074,C,55.5208601021185
6075,A,40.95218814248523
6076,A,141.19831611437542
6077,C,290.2304941535813
6078,A,482.69592265895244
6079,C,439.02276063130705
6080,A,439.20762346820914
6081,B,96.27284765845224
6082,C,139.80452481393186
6083,B,47.43272522969979
6084,B,391.4494865584407
6085,C,44.20998772792535
6086,B,282.7808787022181
6087,C,131.45903043873585
6088,B,129.2883606740849
6089,C,495.4552770713265
6090,C,380.8221054194833
6091,A,420.1002855626146
6092,C,290.2715158185662
6093,C,436.7970008229371
6094,B,326.29036419151294
6095,C,473.6251153502092
6096,A,147.85590716236203
6097,B,301.7065774336186
6098,B,348.1643604890771
6099,A,202.53927946362526
6100,B,441.05691137798607
6101,B,490.10354992103566
6102,B,251.94705077260417
6103,B,201.41392085412613
6104,A,241.24958499266475
6105,A,427.8410054086465
6106,B,326.27952850390216
6107,B,31.938462533866584
6108,A,275.6632561184003
6109,A,18.477060143075207
6110,A,391.4823317916686
6111,B,170.87301403580722
6112,B,241.2836662374914
6113,C,401.35227189473966
6114,A,32.75992047002316
6115,B,87.68535243988912
6116,A,205.00058445810626
6117,B,122.66333013732469
6118,A,175.5716986297809
6119,B,499.1056215673079
6120,C,414.4530744111673
6121,C,443.1118893304532
6122,A,469.1567704472299
6123,B,177.05858135395587
6124,B,155.56770932027163
6125,A,124.6906213603167
6126,B,416.7572865409801
6127,A,342.98041251974064
6128,B,125.72427141660988
6129,A,194.7269763131229
6130,B,258.28876432707114
6131,A,268.7886280641393
6132,B,445.4765869903402
6133,C,196.477405144136
6134,B,455.17677494525105
6135,A,226.2701045566969
6136,C,375.72261064825335
6137,B,465.82461679267743
6138,C,454.71209494200053
6139,B,37.90690497488377
6140,C,110.79510453851923
6141,A,243.6836585108148
6142,B,221.46160207702258
6143,B,324.0369157702315
6144,A,472.907434904452
6145,C,65.07830852619492
6146,A,231.41074591577782
6147,A,104.28140856469827
6148,C,448.1127232149943
6149,A,482.64429104280987
6150,B,244.56382412627156
6151,B,60.965045886788964
6152,B,394.7943866941099
6153,A,351.5992617412755
6154,B,183.78870503905213
6155,B,444.8296622447921
6156,B,488.1576259935265
6157,B,283.3483860737958
6158,B,287.20667655870324
6159,B,155.78161750575114
6160,A,296.40795763182393
6161,B,225.4247370571748
6162,B,158.07360319474543
6163,C,42.92074629671164
6164,A,133.82685125747122
6165,A,106.94877834205556
6166,A,275.60057243143495
6167,A,304.818310664161
6168,B,308.20014490994805
6169,B,200.20869051238276
6170,C,216.40256950589304
6171,C,418.7768305239136
6172,A,243.35407862340958
6173,C,494.00893274719
6174,C,225.4124427043438
6175,A,328.2946628627411
6176,A,34.67786950676394
6177,C,330.1365629652173
6178,B,427.198933263353
6179,C,471.80434088131517
6180,C,498.68709970348755
6181,B,148.26753636812424
6182,B,291.9313317646012
6183,A,230.85181291075222
6184,A,286.2705654818338
6185,C,87.15194902302486
6186,B,429.51329057201133
6187,A,455.6887822388479
6188,C,230.33421492533205
6189,B,147.41063217105267
6190,C,79.00837954997604
6191,A,345.0447641411242
6192,A,162.99360141416025
6193,B,455.67389925756044
6194,C,338.79611267398633
6195,B,326.3858093353779
6196,A,284.107036790138
6197,A,32.43040632007555
6198,C,466.64199348593763
6199,C,317.6893717167354
6200,C,497.09037185772405
6201,B,273.30463833871465
6202,C,357.95433703404444
6203,C,37.54268335444887
6204,A,319.5507266434713
6205,A,384.67830967927506
6206,C,391.4720044777531
6207,C,387.35470959283987
6208,A,120.87848737389716
6209,C,487.9452540265607
6210,B,497.63923910622
6211,B,47.04197882918462
6212,B,468.8587471777611
6213,C,151.83010520914098
6214,A,347.74920005797276
6215,C,175.67435116070476
6216,C,484.19961845282955
6217,A,59.736890568732385
6218,A,253.89594030862423
6219,A,219.74341805161657
6220,B,169.7514916162126
6221,C,326.31165553127283
6222,A,74.21731427661706
6223,C,361.1645848855115
6224,B,490.4901406643458
6225,B,404.23377008962876
6226,A,431.40820892567723
6227,A,186.22200415771124
6228,C,169.19443717579716
6229,A,263.3536937981653
6230,C,32.40604123351362
6231,A,473.22548588370097
6232,C,80.45473477793418
6233,C,452.4763891923653
6234,C,50.95528878017429
6235,C,413.08621456249443
6236,B,84.46163768032541
6237,C,28.684490904821622
6238,A,362.5498306271103
6239,B,147.32999708546987
6240,B,360.10311486433125
6241,C,281.9917727316817
6242,B,63.31562121273213
6243,C,466.74373591757023
6244,A,231.633945634104
6245,C,369.8791661213571
6246,B,255.50008028765632
6247,A,306.1371227309903
6248,C,158.35906025477928
6249,A,108.17654896169064
6250,A,275.85939966995323
6251,B,225.70729675579096
6252,A,201.15547458262722
6253,B,339.5579255963653
6254,A,348.3482496854566
6255,C,32.50082748471889
6256,A,175.98480217939934
6257,C,211.7646296109249
6258,C,57.47715897044237
6259,A,125.59142468216129
6260,C,35.30448063915075
6261,A,498.1586283223401
6262,A,370.9130294552238
6263,C,52.8505766863493
6264,C,19.922196097145136
6265,B,362.4510220746173
6266,C,225.2041611845068
6267,B,395.53038744164223
6268,C,462.50325853100804
6269,A,303.6571906180225
6270,C,101.68312722945399
6271,A,393.27507766276176
6272,A,478.34775415544345
6273,A,294.31333065937844
6274,B,344.17874916755943
6275,C,175.3626005679698
6276,A,196.9485703835525
6277,A,369.9807039480013
6278,B,464.6078382193414
6279,C,318.2043097399326
6280,C,397.02547515782027
6281,B,94.10115853353278
6282,B,113.85995422640704
6283,C,270.69699654836114
6284,B,96.51155419899186
6285,C,321.14758440825256
6286,C,152.9100608434025
6287,A,397.8509831467771
6288,A,405.97406984102827
6289,C,237.255853320123
6290,C,98.59721116844129
6291,C,326.91973093014695
6292,C,496.4656389491573
6293,C,315.06953999183645
6294,C,27.529598449863848
6295,B,18.474048125870464
6296,C,166.97736554123003
6297,B,105.93406536159839
6298,B,408.395091500221
6299,C,423.95477684764023
6300,C,136.7231979421333
6301,B,169.56594070544742
6302,B,125.76101418040619
6303,C,455.10744821191935
6304,C,256.2981739649183
6305,B,331.50715160018973
6306,B,213.58622248280562
6307,B,319.1969548172203
6308,A,199.0691345936507
6309,B,176.44243448732047
6310,A,320.8952358550053
6311,C,299.6204182440047
6312,C,153.82869754229532
6313,B,83.18074065654197
6314,C,190.60257998068744
6315,C,213.4468431795355
6316,C,318.05532337805636
6317,C,458.11909418206324
6318,A,27.730550791133318
6319,A,129.39389614550402
6320,B,104.92081171698457
6321,B,256.124260259954
6322,B,220.5533954511483
6323,C,367.2284356718923
6324,C,128.78379714698326
6325,A,301.3041992173817
6326,A,443.0900591639801
6327,B,456.2320925599693
6328,A,479.80445631526527
6329,A,388.89796451919443
6330,A,453.93407406686833
6331,A,124.92012727278437
6332,A,106.81466273173373
6333,B,13.179161052457964
6334,B,356.3537351402582
6335,A,469.35892202873475
6336,B,101.59831907042144
6337,C,322.1023519591706
6338,A,375.765282018671
6339,C,464.5309752225477
6340,B,326.9615097684386
6341,B,485.4439290468886
6342,C,178.8898390961484
6343,B,181.46498154798974
6344,A,276.0761299070293
6345,C,197.91592174679448
6346,A,10.698606860890985
6347,C,368.5682922926238
6348,B,378.34135032445687
6349,C,376.0175562965175
6350,C,179.06012663912864
6351,A,265.92184192247424
6352,B,186.38702390656803
6353,A,17.857836015016428
6354,B,285.5999812229952
6355,A,70.6427263811654
6356,C,49.2202488048059
6357,A,380.1945436614257
6358,B,14.658039184871756
6359,B,479.9141373682758
6360,C,262.47512841516266
6361,B,491.67805104601274
6362,A,38.41881051162713
6363,C,295.9294789442975
6364,B,181.17024762819648
6365,B,423.30642147900005
6366,A,186.99914026480027
6367,A,137.63891373810105
6368,C,430.2010322789575
6369,B,193.5800149100979
6370,A,18.24832673167512
6371,C,201.24165941127356
6372,B,330.71591181536155
6373,B,134.6361740151271
6374,C,221.67392028832705
6375,C,37.7904177582905
6376,A,298.165467841839
6377,B,380.5845126915929
6378,B,212.52315508654402
6379,B,215.91399007271542
6380,C,53.25842430660905
6381,A,108.95102361087146
6382,B,85.7908985326772
6383,C,246.0270066441536
6384,B,269.33521506586754
6385,A,474.98066432928744
6386,B,45.88343709584461
6387,A,303.9353068459731
6388,A,267.98427839083826
6389,B,262.95421798855625
6390,B,437.848050817585
6391,A,110.71385064078838
6392,C,29.978904427272013
6393,A,339.41303874075436
6394,B,179.12715742663028
6395,B,18.619058944137052
6396,C,133.17326357230277
6397,A,161.5701193662378
6398,A,312.2508046242786
6399,A,94.56703908414333
6400,B,212.39663049716503
6401,A,246.41296776473794
6402,C,235.02632176840456
6403,B,487.23097566672305
6404,B,32.297076517245095
6405,A,475.97441136167566
6406,C,295.1492348570763
6407,B,399.9065803352208
6408,B,220.89238282787696
6409,A,232.3805618159204
6410,A,440.86998451775355
6411,C,449.00790318303206
6412,A,126.95755190133583
6413,C,107.6285205064629
6414,B,253.15523519627604
6415,C,451.1357432925689
6416,C,167.9539957690264
6417,C,329.48716151617435
6418,B,356.99432699289457
6419,A,391.55058579813635
6420,B,286.32298438127197
6421,A,207.2030373566951
6422,C,483.83783451149674
6423,C,309.5520691183978
6424,C,366.9969537003027
6425,C,179.04159439098038
6426,C,338.27509869150924
6427,A,136.32085446042169
6428,A,130.09748958903174
6429,C,360.21387888661894
6430,B,265.4834207688382
6431,B,344.80553910697097
6432,C,142.02486046656492
6433,A,303.3744371177979
6434,B,227.52748835452516
6435,B,302.5105405543087
6436,B,152.53106879966748
6437,C,360.5709721880707
6438,B,404.9053894181381
6439,B,137.3590721902846
6440,B,157.3040743292646
6441,B,333.96559216235556
6442,A,350.8367354087366
6443,C,355.0088453547505
6444,C,344.52226734016006
6445,A,202.475781306744
6446,A,203.4783004578024
6447,C,134.8606355857469
6448,B,86.84851294921786
6449,B,349.36291590448377
6450,C,55.66250512643329
6451,B,469.51822052552296
6452,A,415.07628879901114
6453,B,430.1778125790555
6454,B,454.2677191614432
6455,B,210.21643565438765
6456,C,424.8833544416965
6457,A,87.45003714290817
6458,B,20.604479358035483
6459,C,394.5967833852866
6460,B,46.65035751850026
6461,A,494.3770869897016
6462,B,340.6502505047624
6463,A,379.1903580186317
6464,B,130.4438895761543
6465,A,340.1940430206472
6466,B,31.177769254929032
6467,A,420.5346027625644
6468,B,93.1158055854705
6469,B,351.70545274854754
6470,C,119.99544560403689
6471,C,43.54205301876094
6472,A,245.9319024892032
6473,B,92.95024303366684
6474,A,367.4275542800094
6475,C,126.40726325790757
6476,A,177.81155255555612
6477,A,288.0452331195917
6478,C,149.63445601288268
6479,B,195.2141769428812
6480,A,409.6546678097895
6481,C,97.8128262849026
6482,B,50.2787788461475
6483,C,170.89531471517944
6484,A,217.9446158368003
6485,B,275.90304824691816
6486,B,192.48761112575346
6487,C,397.0567331091745
6488,C,29.266548957551898
6489,C,221.5660937172934
6490,B,197.30539818163828
6491,B,327.3134604953609
6492,A,483.47536342972404
6493,B,260.08394924814246
6494,A,493.56965500144304
6495,C,158.10220350746675
6496,C,25.125384945805898
6497,B,91.17495206344225
6498,C,203.611193539538
6499,C,165.00361550239057
6500,B,57.55652418185506
6501,A,222.00345276845124
6502,B,175.67672811318576
6503,A,70.08341802414483
6504,B,155.09739399983536
6505,B,444.35366712414134
6506,C,158.0039440897767
6507,B,359.8381573886053
6508,B,309.90306903230027
6509,A,219.31876958010218
6510,C,127.12256203379789
6511,A,190.81720267951326
6512,A,300.13253460081097
6513,C,181.8690752271839
6514,C,115.29925245137359
6515,C,67.06674695689973
6516,B,441.08579957568696
6517,C,225.75335811843377
6518,C,316.3520776540357
6519,C,250.30107695703458
6520,A,437.55759399540204
6521,A,277.9980776996233
6522,B,245.58289479506553
6523,A,463.0544853066392
6524,B,362.64790206222375
6525,A,64.65945459996009
6526,C,97.07518598643888
6527,A,395.69020284032655
6528,B,419.5671473781776
6529,A,277.14350625424527
6530,C,281.6830616546532
6531,B,319.6471517972078
6532,C,225.16672939849335
6533,C,343.29757050711294
6534,B,63.15581620754369
6535,C,481.0268287600193
6536,C,377.57586365951164
6537,A,319.2753599644134
6538,C,164.99780793464552
6539,C,88.86818885379729
6540,C,210.57805227618286
6541,C,334.17260288128864
6542,B,320.51777427732435
6543,A,197.49416598213003
6544,C,310.5103329782336
6545,C,408.7366648280983
6546,B,22.879538445427464
6547,C,230.80431348583508
6548,B,381.6920619487276
6549,A,277.61079052705486
6550,A,329.2232830852443
6551,C,263.1714323766176
6552,C,496.01852689433235
6553,C,36.76455287962873
6554,B,250.61196266846488
6555,C,54.79410906611367
6556,C,88.2949254356495
6557,A,197.6887917049483
6558,C,86.21464483523879
6559,A,482.206711318759
6560,C,473.92699059532794
6561,A,174.69372664809586
6562,C,323.476378898463
6563,A,271.5391270909552
6564,B,409.6376204527266
6565,A,317.4483488103017
6566,A,10.12370270037543
6567,A,383.955448948772
6568,C,375.9555794350979
6569,C,259.7641257275757
6570,C,452.43029688419637
6571,B,455.13864078829675
6572,B,266.71672158515463
6573,A,307.91423328630344
6574,B,498.29581524308946
6575,A,156.4219150575946
6576,A,169.06244873262392
6577,A,99.55921230511322
6578,B,448.9748001873553
6579,C,374.79931107514045
6580,B,61.76499594641852
6581,A,491.0660020870032
6582,A,368.1712369989469
6583,B,426.7558337064375
6584,A,33.59388669486845
6585,A,257.4308502816622
6586,B,352.3131604962492
6587,B,276.0438264402022
6588,B,336.65725819264594
6589,A,410.7582911593315
6590,A,193.42516085049613
6591,C,425.8476510531678
6592,C,89.82889133499245
6593,B,142.73416696292364
6594,C,31.23935376438963
6595,A,188.56913755427306
6596,C,196.15567696381896
6597,A,404.5825926315529
6598,B,330.0340284419314
6599,B,223.99405349627665
6600,A,329.5358495256366
6601,C,35.86384175268867
6602,B,98.33305264900429
6603,B,317.20444906845995
6604,C,324.2697414203981
6605,C,389.3259827666393
6606,A,207.46988193626507
6607,C,364.05150734191653
6608,C,345.15036295449283
6609,C,482.062755401226
6610,A,115.41381094809279
6611,A,280.32298623879336
6612,B,304.86457663412995
6613,A,499.33746361776815
6614,B,108.58022966165933
6615,C,266.37682978397316
6616,B,179.63080077968306
6617,B,267.6875546037099
6618,C,123.7430150305219
6619,B,33.33006542946917
6620,A,290.55707240986754
6621,A,174.56861477180775
6622,A,99.15128685673248
6623,A,168.72842737823655
6624,B,34.14729870939501
6625,B,475.7166947041506
6626,C,294.76247833689763
6627,B,409.23665386004217
6628,B,217.3279167983879
6629,B,452.624187107431
6630,C,246.82592856060413
6631,A,291.233207878328
6632,B,250.97905023070186
6633,C,369.3063649751493
6634,C,287.6614780250106
6635,C,143.0834725543949
6636,A,81.31437034809669
6637,B,307.00095055265905
6638,C,249.69818115804776
6639,A,57.028091381095344
6640,C,203.8525582387015
6641,C,262.24044678022227
6642,C,415.1776845745391
6643,C,47.28951735834755
6644,C,180.76272064054143
6645,A,413.10150012808884
6646,B,327.7277265680736
6647,B,152.07957768385552
6648,B,424.2142097910948
6649,B,251.71385447571924
6650,A,254.19242674212566
6651,A,488.5277962081883
6652,A,474.08708658582543
6653,C,185.68101485122352
6654,C,78.88377304491033
6655,C,169.5766988162661
6656,B,24.93679755258014
6657,C,20.17626448809169
6658,B,203.8058467631954
6659,C,471.09971312164475
6660,B,436.9650972037818
6661,C,260.6069886196353
6662,C,286.96092677370706
6663,A,12.907413405567674
6664,C,115.5955663585451
6665,C,22.139322197848035
6666,A,379.7243710207399
6667,B,81.36644005298389
6668,A,435.8330802136403
6669,A,325.22891370113626
6670,B,122.41515149269954
6671,C,87.28295537079237
6672,B,317.536103452296
6673,C,451.4101203383385
6674,C,361.99650726804697
6675,B,180.78785928565503
6676,A,297.8179616816371
6677,B,162.27323073248647
6678,C,499.58328772154283
6679,B,376.9312023463071
6680,B,311.0470034808093
6681,C,217.3969799552563
6682,A,312.8946222271831
6683,B,177.39187060899405
6684,C,24.143771334435073
6685,C,203.5933759547501
6686,B,465.9356015941348
6687,A,316.88753643919426
6688,B,51.138294504741786
6689,A,443.6468705635627
6690,A,141.74867617734228
6691,A,129.44705161053645
6692,A,155.5745747023572
6693,B,292.82909570171915
6694,C,276.8971657826485
6695,C,250.79273976521205
6696,C,361.59306312118724
6697,C,165.1034883541299
6698,C,393.21161557049123
6699,C,95.90762240551358
6700,B,393.48418664773453
6701,A,335.26695157263856
6702,C,344.7720716783174
6703,B,245.9611645923574
6704,C,336.8307510136237
6705,C,49.10055281413413
6706,A,427.26004735418996
6707,A,37.21814440894654
6708,A,82.88333983703376
6709,C,292.6269571636458
6710,C,372.3116131737788
6711,C,47.363266529664195
6712,A,461.1747589199367
6713,B,487.0677479123423
6714,C,306.9155847737784
6715,C,245.80929313464992
6716,C,373.28353641707736
6717,B,170.89510264033066
6718,C,251.69957271150216
6719,B,458.91400313905666
6720,C,478.27115836835145
6721,B,464.2638668650807
6722,C,138.59955281228167
6723,A,123.90982970621407
6724,A,155.855607905364
6725,A,226.2424450703455
6726,A,163.94203226806215
6727,C,193.3642699121384
6728,A,314.11210653917215
6729,B,383.6375817760482
6730,A,370.4235171512793
6731,A,409.06754786878446
6732,A,25.770357575547063
6733,C,33.389556942590474
6734,A,396.7976507374284
6735,B,271.20862293906964
6736,A,293.28893014343896
6737,A,35.76756150504477
6738,A,135.10376257392272
6739,B,322.7936093938841
6740,A,430.9991261542313
6741,B,459.3218646188872
6742,B,255.20555295919004
6743,A,277.2823740417168
6744,B,418.1943192238055
6745,C,273.4360543662038
6746,A,263.2606775132855
6747,A,453.4911785028673
6748,B,397.06703331738123
6749,B,455.4455379170343
6750,A,116.94105684276536
6751,C,266.9439884611248
6752,B,422.8113430107454
6753,B,64.46243545888338
6754,C,399.3844556040413
6755,C,99.65695787328603
6756,A,405.9781899428074
6757,C,309.88045940286537
6758,A,104.6856358275849
6759,C,241.94354787307253
6760,B,344.13353156577807
6761,A,320.5879214329358
6762,A,219.35112615353515
6763,A,450.6895991712542
6764,C,264.4390730990437
6765,B,257.8749762790573
6766,A,40.50278907131259
6767,A,461.83899100084216
6768,A,96.78711865240277
6769,A,268.88889978391154
6770,B,403.748124686152
6771,C,115.57210570826523
6772,B,268.41291208571215
6773,A,127.93560551943702
6774,B,382.25054892195675
6775,A,286.52717225784386
6776,C,429.42817159362033
6777,C,448.3334214099176
6778,C,327.87940639824507
6779,A,365.4417106178828
6780,B,279.1178489445632
6781,C,198.3700792030176
6782,A,327.57778228020896
6783,A,455.06142550879116
6784,B,214.1733864114046
6785,C,164.06091292315972
6786,A,200.3340998907613
6787,B,223.3448388036838
6788,C,46.044904199080946
6789,B,254.23650181314724
6790,B,252.21398154452922
6791,A,298.3374755438563
6792,A,187.78181493095244
6793,A,310.42272201823897
6794,B,440.32599203435944
6795,A,478.1807853426305
6796,B,295.9699859091143
6797,B,30.869567445453416
6798,A,484.9256386608834
6799,C,355.8724098391656
6800,C,174.62218779128955
6801,C,82.10727347222446
6802,B,80.27511999577472
6803,B,92.19475900840534
6804,B,32.330535590771944
6805,A,452.05555243992666
6806,B,274.97643408539477
6807,A,352.9801122297802
6808,A,415.7731695414707
6809,C,397.85509310326813
6810,C,442.4767556271324
6811,C,483.9547650372264
6812,A,225.14460122355038
6813,A,475.66437866751136
6814,A,364.41207468798
6815,B,44.62741325095845
6816,A,344.0737293940492
6817,C,346.4911632063758
6818,C,453.87167625833825
6819,A,192.7367449103451
6820,A,296.6066351331907
6821,C,15.971899995753832
6822,A,172.71686866885463
6823,C,40.49942581780266
6824,B,265.7177566547995
6825,C,410.54934874840706
6826,B,111.1569191432438
6827,A,268.44611232331147
6828,A,109.96423189027585
6829,B,69.13734924465781
6830,A,260.3884280478278
6831,B,48.78282426536654
6832,A,297.80376925761476
6833,C,25.35535573159587
6834,A,62.29033621550401
6835,C,279.49876788880533
6836,C,299.7896323204678
6837,B,24.203595745941456
6838,A,290.95462612076363
6839,B,420.86623740858215
6840,A,363.93492687403744
6841,C,74.28070092119133
6842,C,300.3125773061713
6843,A,339.40372503636456
6844,A,28.24328885862297
6845,B,429.1203576549751
6846,A,454.0710246720168
6847,A,426.7216139475067
6848,A,414.0694193146655
6849,B,375.0329472458377
6850,A,320.38169532816045
6851,C,342.52723244424345
6852,B,405.1336937341417
6853,B,334.62424459703925
6854,C,170.58620877421478
6855,C,194.22094005906342
6856,C,449.55815950242317
6857,A,18.38982204060933
6858,C,352.4220848096982
6859,A,477.84100068835556
6860,B,356.05180327940707
6861,B,497.0168742335732
6862,C,346.8970037088821
6863,A,26.837884316261928
6864,C,415.23484200699255
6865,C,149.46865685026634
6866,A,228.56804057557608
6867,C,162.92503879447023
6868,B,141.59151204274292
6869,C,221.38879479819482
6870,A,195.58820973593015
6871,A,320.3359051028688
6872,B,408.4440884838802
6873,A,155.57344006174796
6874,A,114.72336488278854
6875,B,336.7786827264677
6876,C,338.456832257083
6877,B,451.55430725022416
6878,C,17.813386362122316
6879,B,427.9899244370899
6880,C,265.2910647446949
6881,B,314.4380236943284
6882,C,54.77200587509324
6883,B,221.98131710730237
6884,C,121.37817954687667
6885,B,134.57026474042945
6886,A,257.00660619125347
6887,C,408.10341569752507
6888,B,374.4526557709795
6889,C,299.58997995211735
6890,C,274.31491444919885
6891,B,219.37996118490008
6892,C,486.6278870450793
6893,B,284.4943515747743
6894,A,134.44353517298885
6895,C,122.74448809961939
6896,A,309.5629850798195
6897,C,266.18548838235506
6898,C,13.771923447809264
6899,C,416.7320323759319
6900,B,355.01995357389296
6901,A,334.2963519422707
6902,C,43.702522271852885
6903,B,187.4073665845208
6904,C,468.33730775906525
6905,B,432.66872825726824
6906,C,149.91603955607138
6907,A,86.95885320857796
6908,A,230.05309901260276
6909,C,184.35688554715384
6910,B,344.2909245859356
6911,C,483.55305694131664
6912,B,187.8707104914551
6913,C,40.489844599598584
6914,B,449.83086408776876
6915,A,28.595367817536694
6916,C,476.8552896051332
6917,A,335.6439197244295
6918,A,471.4277121365551
6919,C,107.83324645799935
6920,C,29.942899674365737
6921,B,249.222889355481
6922,B,230.80547313936137
6923,A,172.43121389489258
6924,B,479.2516724504618
6925,B,413.0660287591018
6926,C,334.17519047404073
6927,B,89.80056290253559
6928,A,369.8184700270771
6929,B,366.23610280286476
6930,A,218.28340507184365
6931,C,463.1450957598667
6932,A,91.81916229221511
6933,B,140.9954055817155
6934,C,40.979926232810485
6935,B,399.77096950701787
6936,C,314.6620991867447
6937,C,164.32074978381226
6938,B,90.26869516121454
6939,B,29.672407314082783
6940,C,91.70532862670893
6941,C,232.10947670545252
6942,B,131.116714815197
6943,A,136.9012669416637
6944,B,439.03241966718
6945,C,262.41745999593934
6946,B,367.33346683292314
6947,A,27.498365023790114
6948,B,188.93004428223406
6949,C,244.79298022376648
6950,B,101.3442590529905
6951,C,68.89385530831396
6952,C,436.4488514649228
6953,B,470.3214972789003
6954,C,48.61528204224963
6955,C,181.01916914579712
6956,A,479.5599577907921
6957,A,50.74924923490779
6958,A,325.3842727105759
6959,A,486.38847177383275
6960,C,489.3295976048735
6961,B,240.8994321428342
6962,C,89.7470628133665
6963,C,109.02131433894503
6964,C,445.9046836109534
6965,B,456.7246721215706
6966,A,307.86102549804184
6967,C,385.4264357402566
6968,C,372.5663132205
6969,A,334.29258301466245
6970,C,415.36570788725015
6971,B,345.84924528975733
6972,C,271.66112981627464
6973,C,126.10861766819681
6974,A,374.5051906181233
6975,C,241.98455524075447
6976,C,154.44792516367957
6977,B,402.9536751134699
6978,A,351.3896641729839
6979,A,469.29638593110303
6980,B,91.06640360925009
6981,C,328.1027494718817
6982,A,129.67733936320622
6983,A,452.75566279780446
6984,C,58.75471298574168
6985,C,331.5192851579898
6986,A,397.63200354873464
6987,C,183.90974177870652
6988,A,477.52765889806653
6989,C,426.8580354471583
6990,C,154.36296684560267
6991,B,13.69513543083935
6992,C,155.36201629784983
6993,B,147.84213053066384
6994,C,446.08265767544543
6995,A,483.8893773448263
6996,A,44.51559312542757
6997,C,240.9344659813252
6998,C,278.68267927959994
6999,A,55.52671405155461
7000,C,194.97387747738605
7001,B,165.3703845225458
7002,B,272.6676136202728
7003,B,333.98354086864964
7004,B,354.70770414331764
7005,B,77.0099615705599
7006,C,408.3443739528645
7007,C,342.4855945974719
7008,B,445.6467092058926
7009,C,230.1746691233627
7010,C,448.00598373387385
7011,B,434.229319954477
7012,C,224.8205728560421
7013,C,196.76022449355952
7014,C,467.0778873354258
7015,B,360.43071992383443
7016,C,464.8402197546571
7017,A,400.5176416589484
7018,A,308.55574525279303
7019,B,66.7678607318446
7020,A,152.82552956375827
7021,B,484.73277947821185
7022,A,166.5168283699602
7023,A,55.69488619483168
7024,A,356.7011444004667
7025,B,369.6620847264053
7026,B,149.8742829407039
7027,C,155.85926987968884
7028,B,239.7575628993041
7029,A,20.676585383505213
7030,A,396.76827507697016
7031,B,165.37350576432155
7032,B,428.343919980969
7033,B,403.2889065840165
7034,C,334.0869962282037
7035,A,169.18868487865146
7036,C,262.99511521397335
7037,C,227.9663362229999
7038,A,176.05212426185037
7039,A,425.5867817585573
7040,B,246.91846654305598
7041,B,418.0343179206018
7042,C,61.5570523294939
7043,B,79.10214641416451
7044,B,488.8869495053586
7045,A,298.00654667698393
7046,A,259.787140014534
7047,B,266.3464709406147
7048,A,115.48169927610131
7049,B,362.1649352559668
7050,A,51.542505627579644
7051,A,290.92861942048137
7052,A,289.6767103270917
7053,A,457.95232782542035
7054,B,267.82957695138157
7055,C,77.16072102734798
7056,A,290.64909703159964
7057,B,54.75054573901286
7058,B,109.85897929696162
7059,A,25.243206251833904
7060,C,261.5138554051542
7061,A,51.42098149385046
7062,B,240.00324548035124
7063,C,467.1430673088306
7064,B,362.6830923794727
7065,A,47.93172037039359
7066,C,119.86280798233315
7067,B,340.0945857477828
7068,B,448.40391190185
7069,B,26.130107514337343
7070,A,408.1010545430911
7071,C,285.2888013657713
7072,A,277.5847493952324
7073,A,479.3284595491454
7074,A,376.3458601724188
7075,C,426.55824534749485
7076,A,183.4578290768867
7077,A,281.63838000592085
7078,A,311.5487819396077
7079,A,167.5761307776079
7080,B,289.42158122422575
7081,A,125.96113594505978
7082,B,80.25407882343738
7083,A,193.245427045893
7084,C,372.25191808575414
7085,B,458.9317025562049
7086,B,234.27988523413393
7087,B,324.9836072549615
7088,B,60.48819417779924
7089,C,453.1872416906411
7090,A,288.61606464926786
7091,B,392.36574133632695
7092,C,399.276188451483
7093,B,135.6754579203719
7094,A,269.2954820591063
7095,B,480.6350782648789
7096,C,53.92092696220561
7097,A,344.69445003448607
7098,C,481.5093982372343
7099,A,157.28278294647086
7100,A,432.1094814881306
7101,A,467.4921972500531
7102,B,376.0722426034643
7103,C,123.35087303040956
7104,C,173.660352225031
7105,C,27.54655426468806
7106,A,417.41208478022406
7107,B,426.30948139042914
7108,A,320.02805188343444
7109,C,182.73864711928715
7110,B,47.637403543561064
7111,B,378.99822885830565
7112,B,365.9978348688622
7113,C,457.1752356520615
7114,B,367.9606902926275
7115,B,416.0605216995609
7116,A,375.51776277295977
7117,A,319.036722273035
7118,B,219.2135331535945
7119,B,452.0374812347161
7120,A,328.9746002346602
7121,A,205.19410776329545
7122,A,50.89995463915904
7123,C,152.44537939314722
7124,C,276.42610006678075
7125,A,145.06133130793532
7126,B,118.40532047977203
7127,A,268.42282190304513
7128,C,93.21196948890994
7129,B,402.2009310293007
7130,C,247.3403941579024
7131,B,291.1927592416986
7132,C,82.21780112270079
7133,B,169.04240445839002
7134,B,210.94394479796492
7135,B,406.02428695308646
7136,B,387.3781663122148
7137,C,119.25896264596388
7138,C,311.9277499874338
7139,B,129.29361530827882
7140,B,494.24110628822024
7141,C,476.5407002841266
7142,B,285.99971305510405
7143,B,352.46226022813005
7144,B,402.70088728223607
7145,A,363.2892258220029
7146,B,352.9160586303862
7147,A,479.6914638952687
7148,B,302.26349209056883
7149,C,321.78830919133725
7150,A,426.1416877147088
7151,A,338.2465252506193
7152,B,369.136984788586
7153,B,124.74265623635479
7154,A,191.92079281638473
7155,C,82.17765939882757
7156,C,257.82506674405465
7157,B,233.3064263333207
7158,C,498.60977899693387
7159,C,309.4922398796158
7160,B,395.35796336526744
7161,C,173.66718867125059
7162,B,417.45721235797026
7163,A,311.39163357896484
7164,B,351.52624248323485
7165,A,154.27108119523265
7166,A,278.8328119308328
7167,C,320.67811697266825
7168,C,298.6563911501247
7169,C,458.4449185980376
7170,B,450.1536056013512
7171,C,485.7821883596666
7172,A,337.0397229434248
7173,C,486.2379237615855
7174,C,417.91422001563535
7175,B,142.70774876658004
7176,B,219.44347808013558
7177,A,126.81229667261479
7178,B,12.05660880697695
7179,C,102.14388904198522
7180,B,11.989687280569077
7181,A,362.72084606174013
7182,C,218.51180588338778
7183,A,163.16161626815057
7184,B,383.2432366366421
7185,B,417.9185195636261
7186,A,487.8967739384412
7187,C,324.58665649086817
7188,B,236.14918968462533
7189,B,159.5795077876436
7190,C,118.93592251497088
7191,B,114.33371573647459
7192,A,210.5027936127014
7193,B,495.9753140910856
7194,B,10.418311744327601
7195,C,106.63088964319039
7196,A,102.31256137775118
7197,C,361.38854791082326
7198,B,182.71751652305028
7199,B,234.0577942499921
7200,C,82.82582393025343
7201,C,208.44854904970438
7202,C,60.567907833859664
7203,A,271.19121106540575
7204,B,57.98979903759941
7205,C,397.3491067748466
7206,B,287.6348415948398
7207,A,364.74425814902327
7208,A,215.0730294598151
7209,A,196.9307336886914
7210,A,58.122355633943165
7211,B,266.6892474509831
7212,A,262.1060607799751
7213,A,239.3700017803066
7214,C,372.8539986944001
7215,A,417.9271560158537
7216,C,377.886940724769
7217,A,80.49421397535347
7218,A,314.80915954823297
7219,C,49.358321787871354
7220,A,350.36492084583347
7221,B,197.10115731495208
7222,B,74.92448857048043
7223,A,432.40491991830265
7224,B,310.8640861290793
7225,C,183.81523429428847
7226,A,25.056318028744773
7227,A,273.28202691176915
7228,C,462.380680458254
7229,C,302.2261180241592
7230,C,486.10879626355165
7231,A,76.86104795252467
7232,C,288.46950125147004
7233,C,401.08127352315046
7234,B,267.51495825160094
7235,B,54.62251443386157
7236,A,295.61414075813667
7237,B,309.75157386281114
7238,B,367.0675317529228
7239,C,382.9936424310822
7240,C,387.67861722319753
7241,B,335.08775288309334
7242,B,115.74748134514249
7243,B,208.07552036134487
7244,A,390.30368658105533
7245,A,477.1792218663985
7246,A,48.68401276994478
7247,B,272.41297212062545
7248,B,163.13591294891015
7249,A,120.44300821524659
7250,A,257.84723492466037
7251,B,306.983776872703
7252,C,14.78839339554581
7253,A,392.30122037858354
7254,B,411.74224431712935
7255,B,483.10030403828716
7256,C,98.51542928010053
7257,B,301.3307555568645
7258,B,219.04643300343332
7259,A,174.06564726212181
7260,A,287.1603912043773
7261,C,393.36771567953963
7262,C,21.295863888152955
7263,B,485.0060551574315
7264,A,406.8419769957983
7265,C,378.06531478633343
7266,C,382.5898172684467
7267,C,200.63974771313977
7268,B,378.2940699139587
7269,A,199.51740221544924
7270,C,450.3663464916486
7271,A,96.83896782017014
7272,C,153.25023786542422
7273,C,280.15539592254726
7274,A,166.41340758476352
7275,A,217.87625019468396
7276,A,251.2871178053114
7277,B,429.61314091861925
7278,C,266.36420426825947
7279,B,187.60532582113464
7280,A,131.39072037720672
7281,C,210.25122960817663
7282,B,262.71069116304125
7283,C,375.5962800295858
7284,B,69.31390032444594
7285,A,118.58850223718393
7286,B,196.03046777564987
7287,C,186.59521850856214
7288,C,201.95656292655374
7289,C,398.82541967375903
7290,C,168.83565745146484
7291,A,255.93010839730567
7292,B,315.7144461003693
7293,A,123.7674895899665
7294,A,362.16073970229405
7295,A,278.08454667175766
7296,C,228.92276988537523
7297,C,406.79417310177377
7298,C,129.3126770007392
7299,B,442.75622560101834
7300,C,284.91388032968484
7301,B,308.4956908960325
7302,C,438.77889244278197
7303,C,410.6155170461746
7304,A,304.7654137227312
7305,A,379.0619748856053
7306,A,222.32655021411946
7307,B,278.2150992148757
7308,B,40.41436698717045
7309,C,54.03037982002295
7310,B,416.4184480513027
7311,C,39.23911128442336
7312,B,93.00557155997757
7313,B,399.9580028857163
7314,B,10.56151580784558
7315,A,148.3781211344735
7316,B,296.17894233504467
7317,A,301.7704664199553
7318,A,390.80492503244204
7319,B,257.9038647011635
7320,C,259.60691607017543
7321,C,365.4021820149432
7322,C,254.32598700047893
7323,B,308.16063241617223
7324,C,449.909293444975
7325,A,206.71099373006226
7326,C,198.71128475041888
7327,B,11.739006013737942
7328,C,310.57886814540365
7329,A,24.58823462949467
7330,B,257.032759966875
7331,C,404.07455662579105
7332,B,279.4613245546349
7333,B,142.12172095617123
7334,B,395.2225265101919
7335,C,142.16133200044405
7336,B,369.18557266349035
7337,C,309.0266430432133
7338,A,93.29818540652059
7339,C,453.515598673651
7340,A,108.3154046490259
7341,C,494.8976663289282
7342,B,13.58213944092098
7343,C,139.1068548000225
7344,B,107.93154566435744
7345,A,16.856770983526687
7346,C,368.8602710721846
7347,B,349.77864302880215
7348,A,398.25197253391593
7349,A,135.78228776763697
7350,C,227.72423187065527
7351,A,332.9656255945583
7352,B,225.48656690519036
7353,A,351.68962745577875
7354,A,320.6469701358167
7355,B,66.17742348086648
7356,A,392.71112932771433
7357,A,363.1314159553339
7358,A,331.3588499325286
7359,A,85.99586707279114
7360,B,141.3182599097282
7361,A,202.6567454779242
7362,B,147.16551461165727
7363,A,121.62704243130442
7364,A,404.6252583792701
7365,A,322.73380071649916
7366,A,287.08134445962264
7367,B,120.71682831809439
7368,B,459.85751551163423
7369,B,103.67968915768498
7370,C,399.5259570840918
7371,A,483.6696066855936
7372,A,366.27543731987566
7373,B,496.5007998404686
7374,C,329.0150473191939
7375,A,116.55556836590854
7376,B,109.87155192109054
7377,A,169.0364992851834
7378,A,13.49370990829297
7379,B,344.0322503405889
7380,B,141.6472144676355
7381,A,409.43978382344886
7382,A,185.99459877405712
7383,B,245.17868179702322
7384,A,483.1875691145809
7385,A,128.66434029316576
7386,B,363.4145077405724
7387,A,380.00771675965444
7388,A,118.28909718658123
7389,C,255.48844993997585
7390,B,181.5989434033545
7391,C,388.2340592660437
7392,C,315.01682632422836
7393,C,243.23169688166806
7394,A,391.88799987338194
7395,A,125.22622930412435
7396,C,379.274721486336
7397,C,434.0334129254839
7398,C,440.5245824357105
7399,A,394.0000605796059
7400,C,209.9269418291517
7401,C,491.0859311317352
7402,B,196.00088547299555
7403,B,322.9264455601886
7404,A,88.92634725403964
7405,B,490.41996033183244
7406,B,354.953101713685
7407,B,379.1549971707205
7408,A,42.23058467146086
7409,B,384.0747289681292
7410,A,389.61448031809465
7411,C,339.1686359174926
7412,B,153.0357107572684
7413,A,249.94812065883195
7414,B,64.11284194127107
7415,C,241.07766256498476
7416,A,129.47368777419837
7417,A,181.05752338210021
7418,A,89.67420011781232
7419,C,122.72664019597954
7420,C,47.51863449185696
7421,C,460.75166955409145
7422,A,269.9012371079476
7423,C,204.40356591874246
7424,B,272.16431425670413
7425,C,317.8636819559608
7426,A,461.72060875098106
7427,B,97.55954662029353
7428,C,154.82072433125663
7429,B,488.1367748086162
7430,B,191.88456345777695
7431,A,21.055208871090542
7432,B,82.34531139220782
7433,B,22.90596385679049
7434,A,495.06233978615694
7435,A,146.6467160056993
7436,A,462.53595089875074
7437,B,497.9842751222607
7438,B,303.92219836012595
7439,B,26.26619438212526
7440,A,49.97989888959421
7441,C,245.9786370028601
7442,B,209.02428632662813
7443,C,307.0268798330662
7444,A,225.03542675856832
7445,B,467.69765614302736
7446,C,272.02246055262043
7447,B,349.92577011659665
7448,B,449.2777835948233
7449,B,81.96721915827162
7450,C,122.56998051807899
7451,A,62.58614363226738
7452,B,78.42281562265701
7453,A,261.1661437977742
7454,A,167.37783689405737
7455,C,217.35469136810988
7456,C,491.42001757909026
7457,A,86.78513042001457
7458,B,274.997914691057
7459,C,58.44686597628897
7460,B,166.06319349930052
7461,B,268.4877026005533
7462,B,473.8495555230155
7463,A,201.70182842890668
7464,B,41.80428114518821
7465,A,200.1991095005553
7466,A,81.41317617824909
7467,B,122.69491051280819
7468,B,312.8644053508453
7469,B,43.03769443980402
7470,B,237.7146405625183
7471,A,308.63617714527453
7472,B,216.71061226007347
7473,B,19.371911805627875
7474,A,492.90448488240406
7475,C,189.8867259968623
7476,C,391.5028215973008
7477,A,169.56678117185209
7478,C,242.75821092677523
7479,A,200.3471848793883
7480,B,177.84422245970777
7481,B,20.707174831811585
7482,C,186.41025954870673
7483,B,445.85009529576973
7484,C,348.292735910905
7485,C,81.25720095676552
7486,B,299.6659522651422
7487,B,447.19312137494705
7488,C,353.01668007277914
7489,B,82.8553522547814
7490,A,435.23792339990337
7491,B,157.75656651154404
7492,B,232.49731071304748
7493,A,267.80995224768174
7494,B,426.7482361453157
7495,B,466.4876726223539
7496,C,465.5299101173725
7497,B,13.897548826484913
7498,B,461.72535793687405
7499,A,36.64961334077044
7500,C,140.22909184054333
7501,C,262.3440488166381
7502,C,245.16358761215307
7503,B,306.3077990048221
7504,C,244.92865208113284
7505,A,467.8440830238062
7506,C,127.86893562514763
7507,A,144.27210007885807
7508,C,461.16158848959753
7509,C,47.60236173517555
7510,A,308.68480273335683
7511,C,344.0506165121493
7512,C,257.71544448057233
7513,C,350.17362062333723
7514,B,94.64977654586383
7515,A,427.78979405805455
7516,C,78.61258784024393
7517,A,206.39809771471735
7518,A,46.87622464102084
7519,A,277.1534286205261
7520,C,338.1754456385632
7521,C,471.1986011966924
7522,A,372.27473598904044
7523,B,275.14042906253405
7524,A,466.98233841346354
7525,B,244.4340506400295
7526,A,284.99077001844597
7527,A,302.08827855834693
7528,A,210.89006568441775
7529,C,420.85651837725385
7530,B,100.73621003407897
7531,B,281.87267328208793
7532,A,363.89429553172505
7533,C,452.9483242195228
7534,C,443.1200142527964
7535,B,259.28274182076956
7536,C,325.1491110700374
7537,B,203.1764907033575
7538,B,239.40710381129816
7539,B,454.07023836079424
7540,C,466.0449566643123
7541,B,448.75288845283967
7542,B,77.80172228868273
7543,A,426.5411704520117
7544,B,474.69822820052536
7545,B,187.01235034106628
7546,A,264.13668181661797
7547,A,391.756675348368
7548,C,285.4182874071679
7549,B,496.8069256360622
7550,C,233.2995489268459
7551,C,359.83192849161503
7552,A,398.36965869630666
7553,C,252.1092037216353
7554,B,429.9220647985741
7555,A,277.6157496915263
7556,B,211.7088904327994
7557,B,62.83360018745404
7558,A,202.77265241170784
7559,B,369.62886281930923
7560,A,461.4303417232526
7561,B,133.32290789155206
7562,A,184.06540349194628
7563,C,85.44088711116885
7564,B,348.4542181721947
7565,A,480.4923307048634
7566,B,324.066587725606
7567,B,312.3674997030509
7568,B,281.21006594521265
7569,A,53.3433129359129
7570,C,367.45687495039795
7571,C,305.0042763391819
7572,C,334.12361673958065
7573,A,450.41743558343654
7574,C,394.14078565989877
7575,A,392.64847355571777
7576,B,464.32004675088035
7577,B,495.0681262168698
7578,C,294.8285386609192
7579,A,63.351991855271216
7580,B,234.97365480996382
7581,A,395.9245617662057
7582,A,23.585409133306104
7583,B,37.87484479451304
7584,A,42.907313367582454
7585,B,368.2075215808723
7586,B,255.57164799595432
7587,B,190.75999232509085
7588,A,61.75235217825063
7589,B,368.79772260088566
7590,A,167.29970716994083
7591,B,140.00879433168691
7592,B,329.63640876124
7593,C,283.9153373724525
7594,C,187.5812144885178
7595,C,324.3288606947382
7596,A,142.8985449882179
7597,A,399.46682818612015
7598,B,122.36628565075043
7599,B,87.83047073718767
7600,B,393.39531065444874
7601,B,356.8670950419872
7602,A,99.49309809388123
7603,B,66.9604188180696
7604,B,420.8155533584791
7605,C,390.53325627637713
7606,B,170.3561131128355
7607,B,332.5167300245497
7608,B,70.8384914084273
7609,A,258.4533529333623
7610,C,19.17784310960574
7611,B,201.88492165156217
7612,B,46.67298252098849
7613,C,242.82211827687243
7614,B,216.62400695791823
7615,A,227.74866305264746
7616,B,32.21233800351709
7617,A,187.19200722809788
7618,A,380.6770860589591
7619,B,190.76804294327385
7620,C,360.43425677869453
7621,A,191.0445745805293
7622,C,217.38732633019134
7623,B,286.3071352863404
7624,A,475.83414903547043
7625,B,63.34161885686103
7626,C,26.127746643975104
7627,B,307.8990200669221
7628,B,475.05757357492894
7629,A,494.9643349518103
7630,B,247.2404812220809
7631,B,239.35999433169823
7632,B,326.03224766514614
7633,A,282.2610310304352
7634,C,320.70314823091786
7635,C,438.25971851356815
7636,B,375.69002304892854
7637,A,253.46992192652982
7638,B,236.3135849100831
7639,C,323.40485677142686
7640,A,233.29607936594576
7641,C,234.31188212016352
7642,C,17.98989187538736
7643,A,95.29142732958113
7644,A,249.37168359791897
7645,B,413.10019493468087
7646,B,146.57623329629084
7647,C,266.09528223426304
7648,A,179.03142153202376
7649,A,61.353954874398624
7650,B,479.5662567049373
7651,C,428.79019642264785
7652,C,48.46128798878414
7653,B,362.69575860945946
7654,A,180.3141531351751
7655,B,497.4764054602784
7656,B,158.17527471619908
7657,B,126.98183822767396
7658,B,288.26636866964856
7659,A,419.21182003817
7660,B,104.33424719170101
7661,A,357.60735716247234
7662,B,40.089225739149626
7663,C,460.27802412414366
7664,A,49.726708912176406
7665,C,457.97337440863964
7666,B,250.49555223182438
7667,B,229.5646452700007
7668,B,486.9204689551845
7669,A,495.2882470721273
7670,C,328.5872817208959
7671,A,72.28845300995377
7672,A,258.02334197104926
7673,B,269.2899194682746
7674,C,262.0787497863017
7675,B,289.05100087480474
7676,A,19.175109759251427
7677,B,358.50136792054616
7678,C,359.07320795696415
7679,B,66.58018983716508
7680,C,289.41732679844233
7681,C,288.49697939352956
7682,B,344.40070589329605
7683,A,51.84486914618973
7684,B,316.9866205603872
7685,A,147.5684558657072
7686,A,258.4314653431243
7687,B,388.9285408249976
7688,A,355.7665088178765
7689,A,68.26247866221675
7690,B,299.6805456868759
7691,B,484.8671001609619
7692,B,86.81702429415111
7693,A,427.9244729854533
7694,C,354.2485594713507
7695,A,389.26162332578224
7696,C,148.15958029989628
7697,B,151.0655753961228
7698,C,453.9495333304792
7699,B,186.31769572535373
7700,B,40.877541439477135
7701,C,304.29238475393055
7702,B,71.16065783050291
7703,C,400.332158289875
7704,B,324.4557568255181
7705,A,438.615987558392
7706,A,394.5702523934913
7707,B,64.93568768571612
7708,B,196.7246314528669
7709,C,389.53452245814776
7710,A,214.49732190049963
7711,C,486.45908754218937
7712,B,370.5128204477901
7713,B,17.5949591782573
7714,C,441.1929888648098
7715,B,59.394344585593224
7716,A,78.85662484824206
7717,C,369.901276299415
7718,A,433.8345941209353
7719,A,272.81131767078244
7720,A,151.6343691434318
7721,C,182.144617174056
7722,B,178.01577150206745
7723,A,170.072270866661
7724,A,129.0257391926084
7725,A,308.3448763683242
7726,B,451.19860609688294
7727,B,160.47038241083717
7728,C,101.48020575609192
7729,B,420.90305652199817
7730,C,373.4738321359546
7731,C,466.11014546435615
7732,C,91.10467044640572
7733,C,80.68314391712985
7734,C,275.3004032094484
7735,A,311.07249086919666
7736,B,245.28498651119887
7737,A,303.493651798699
7738,C,98.38608674878496
7739,B,245.01073954040083
7740,A,332.46535486043723
7741,A,222.02616013186483
7742,C,342.929194550133
7743,A,231.08372747138142
7744,A,173.46379461271584
7745,A,158.76647307267524
7746,A,211.34200890440812
7747,A,21.313915114278405
7748,C,337.5773178385957
7749,C,424.10176408032834
7750,A,183.7672762771281
7751,C,32.55623670944209
7752,C,493.52004271892326
7753,B,139.2121451710228
7754,A,72.04434962847877
7755,C,191.1787289067837
7756,C,371.8929499104428
7757,A,154.0191324763772
7758,B,291.604569920549
7759,A,213.62439727419968
7760,B,67.70435621554306
7761,A,171.84063612113403
7762,A,365.18654779989265
7763,A,309.8819096924084
7764,A,68.69140614294489
7765,B,90.02798076001119
7766,B,323.9593460606483
7767,C,408.5735530172257
7768,A,181.24250301950295
7769,B,301.7022684032906
7770,B,93.61535848853158
7771,B,162.5744050836087
7772,A,19.932400779795774
7773,C,386.4552144217661
7774,B,206.4948116887537
7775,A,409.9015310904374
7776,B,357.1027680511359
7777,B,416.08469020695367
7778,C,149.97274809561256
7779,B,100.70327790964417
7780,B,486.2337844993186
7781,A,361.4906156500261
7782,A,418.6807112840685
7783,C,16.43535311786753
7784,A,183.6861939449844
7785,A,373.9801783828925
7786,C,48.211588165091825
7787,B,287.99656548877846
7788,C,220.24565605295157
7789,A,18.632088499142576
7790,C,125.62803278853117
7791,B,149.54807464268995
7792,C,64.811373709698
7793,A,319.4530857739036
7794,A,128.77495936342564
7795,C,146.0335548135003
7796,B,450.13691311807224
7797,C,238.89031541963834
7798,B,202.14279201494344
7799,B,364.69680877421143
7800,C,455.71076047262693
7801,B,22.26780475634748
7802,A,229.63703481214426
7803,C,309.28286447819414
7804,B,166.0959180817349
7805,A,388.47978384038845
7806,C,486.0237644324342
7807,A,472.2794094626388
7808,A,140.33144429617153
7809,A,120.90575643436814
7810,B,479.1703602003983
7811,C,234.72795884141829
7812,C,112.06588431149895
7813,B,356.4285121789049
7814,C,149.36595871285786
7815,A,140.95101778481563
7816,C,440.8320311081145
7817,B,89.61478515468269
7818,A,41.552543768455834
7819,B,141.90135568412674
7820,A,307.4032522907199
7821,A,70.31304816760257
7822,C,241.08138941562893
7823,A,317.3951841084067
7824,B,425.88112637065524
7825,C,122.63609968910464
7826,B,410.4996984575668
7827,A,125.1040679543069
7828,B,341.61560520742387
7829,B,221.030050026403
7830,A,66.19380876554838
7831,C,359.9890967827059
7832,B,116.70368308901872
7833,A,96.54547875204982
7834,C,185.57823500879778
7835,C,330.1122199321469
7836,C,124.65827460740762
7837,B,99.99415400312401
7838,B,14.877276599548523
7839,B,241.10511757984455
7840,C,220.03632896443952
7841,B,124.59519438231438
7842,A,36.28956036474847
7843,B,220.33537855196008
7844,B,396.2205044250993
7845,C,360.48824435031673
7846,B,431.78949603148345
7847,A,14.695516979446257
7848,C,483.54546523425324
7849,A,177.2920037874497
7850,C,495.29492008506276
7851,C,133.78353569486958
7852,B,241.05282991333993
7853,A,183.4245615218988
7854,C,184.32275034720828
7855,B,422.71822838662575
7856,C,375.745280471296
7857,C,496.15420326272357
7858,C,310.62219453158116
7859,C,236.9957361533063
7860,C,54.13619284397665
7861,C,498.3150955617898
7862,B,280.2500199368186
7863,C,353.2339601481695
7864,A,209.3037697237426
7865,B,278.3806970078256
7866,A,471.86308862751474
7867,C,91.54552458648534
7868,A,153.26256632182475
7869,C,84.50926661123584
7870,C,398.1857928643396
7871,B,40.40217760669648
7872,B,49.99950842715577
7873,C,156.26211526581068
7874,B,261.9522086512955
7875,A,209.0746522741974
7876,B,31.959992228695562
7877,B,479.17086335676623
7878,A,476.906064975461
7879,B,146.88459838797235
7880,C,368.44755148160493
7881,A,293.50195157777966
7882,C,126.36358055275579
7883,A,138.46406035339157
7884,C,250.66505541212072
7885,C,215.42610133370647
7886,B,152.70237083331946
7887,C,405.68068218952294
7888,B,245.91682964231862
7889,A,330.87555057067266
7890,C,102.74401508225898
7891,C,271.4187546330785
7892,A,165.80826422884454
7893,A,267.94266909349034
7894,C,392.6046583713548
7895,A,386.76747294471824
7896,B,183.5681322367952
7897,A,350.19578736902315
7898,A,471.2320756931957
7899,C,316.57797166320415
7900,B,82.7209604574922
7901,A,343.05722834675663
7902,B,61.403149311162544
7903,B,437.3341003085833
7904,B,263.16364294295073
7905,C,198.71896079267395
7906,A,37.93323137834926
7907,C,196.58402995013375
7908,A,452.5712672787368
7909,A,20.281668180288555
7910,C,242.5775973130844
7911,B,466.26746464420495
7912,B,203.47208988486034
7913,A,219.8060868564537
7914,C,293.49442704756876
7915,B,236.8392934528199
7916,B,92.61482870640069
7917,A,19.092214144231598
7918,A,308.8077124095638
7919,C,461.1952276338279
7920,A,62.11842518331116
7921,B,113.36683243384915
7922,B,191.41244805423702
7923,B,406.28369222034866
7924,B,141.937555070779
7925,C,442.2066580965965
7926,C,36.92935857853254
7927,A,471.0687444168781
7928,A,284.7660681581448
7929,A,332.8010624589752
7930,C,190.16786604281302
7931,B,393.17719990041957
7932,A,91.61746254135898
7933,B,33.966794386458645
7934,A,203.803302122703
7935,A,428.31089985070935
7936,A,379.9141499524704
7937,A,263.40642553958946
7938,A,290.3474961110232
7939,B,73.64748488639016
7940,A,421.93393922261527
7941,B,395.6102446524565
7942,C,331.67049300460195
7943,A,238.43360780117985
7944,B,482.5850414569611
7945,C,440.72566621947084
7946,C,325.7709418221631
7947,C,192.18248888147107
7948,B,312.83091655394105
7949,A,291.966054000026
7950,A,203.17857403910904
7951,B,160.2702461271573
7952,A,209.43528819628798
7953,B,291.21658895636494
7954,A,219.78607390843626
7955,C,139.15149921867808
7956,A,382.8720257027963
7957,B,270.4190730191323
7958,B,43.16082998054398
7959,C,190.47508775680149
7960,B,443.60759403387686
7961,A,380.06590028797643
7962,A,168.39092413256347
7963,C,469.70974450180944
7964,B,47.535425095522974
7965,C,481.0050049071726
7966,A,130.39549531749105
7967,C,14.45614834818544
7968,B,222.56593789398013
7969,C,185.89551054663423
7970,B,274.153612551329
7971,B,400.4187016792242
7972,A,422.79109305371907
7973,A,206.602699809729
7974,A,220.6244144161116
7975,B,82.6070878614421
7976,C,33.29832835177011
7977,B,324.1953452151621
7978,A,41.57443652081922
7979,A,369.5767585165134
7980,C,274.15417106090126
7981,A,107.30565933078087
7982,A,274.36624232119834
7983,A,99.66888113502844
7984,C,224.98123168010187
7985,B,401.7845549586922
7986,A,236.34045377121234
7987,C,82.86266596579864
7988,A,364.6760540932431
7989,C,101.51652397230433
7990,A,371.8894384413536
7991,C,244.88262171575832
7992,A,232.33346195620777
7993,B,427.2031685501626
7994,A,357.2157269269277
7995,C,26.12629050792024
7996,A,155.12541415478518
7997,B,436.75112381645033
7998,A,18.979822587147332
7999,C,277.1741886683655
8000,C,366.6345778952325
8001,B,314.70948188744217
8002,C,382.66077903117383
8003,A,365.5890059682254
8004,A,349.09504062502555
8005,A,412.55453185356953
8006,C,326.3884275402738
8007,A,207.1850621859212
8008,A,241.2354638581479
8009,A,361.19514351391075
8010,B,439.389954536729
8011,C,143.38721241149008
8012,C,177.61763002582467
8013,C,466.0623042175822
8014,B,293.4707782806282
8015,C,97.6912903961505
8016,B,335.21061806706757
8017,B,495.473456214296
8018,C,413.49224659049605
8019,A,375.41315691018735
8020,A,111.94286059047192
8021,C,439.30849449516353
8022,C,267.63653333241774
8023,B,445.7521108152583
8024,C,171.61563641819086
8025,B,40.40501579136205
8026,C,243.2282246432756
8027,A,142.22042636076006
8028,A,360.4623519903861
8029,C,478.9822108994559
8030,B,348.5773340642663
8031,A,444.59762555750973
8032,B,231.9817666645911
8033,C,388.10396122569784
8034,C,423.0912839691347
8035,A,358.32905751593574
8036,C,258.81087017408663
8037,A,316.67439371153034
8038,B,353.24842788265136
8039,A,134.01135757849917
8040,A,406.6938378483425
8041,B,475.6590240939639
8042,A,237.96726443816863
8043,A,353.5229197238399
8044,C,371.14269383727344
8045,B,334.50129828552537
8046,A,278.0864030810314
8047,B,442.0074977416572
8048,B,229.97408754175828
8049,A,39.94044867843576
8050,C,423.83262409895855
8051,B,340.25082343510985
8052,A,426.1367269848268
8053,B,77.88824679790021
8054,C,25.068940849761002
8055,C,467.8435247874257
8056,C,82.3868698667814
8057,A,406.7296427145214
8058,A,413.37287166851155
8059,C,357.26554826901145
8060,A,74.31848343550676
8061,C,337.0253260347957
8062,A,445.65242583016413
8063,C,218.5105059524328
8064,B,212.62325864551343
8065,C,227.00057169391533
8066,C,50.31322643134116
8067,A,447.092528824687
8068,A,435.8996033504501
8069,A,498.97556767724024
8070,A,296.7397393342226
8071,A,378.083901861179
8072,A,109.3092340905793
8073,B,337.0891209298431
8074,C,328.36909589112145
8075,C,451.5922805623901
8076,C,417.08843419114635
8077,B,469.8485666827039
8078,C,435.72840162378765
8079,B,435.66000850043747
8080,B,41.22443007747195
8081,B,424.5213568210184
8082,C,307.6644133065279
8083,B,196.417781365321
8084,C,37.69216595015054
8085,C,342.0601496363429
8086,A,170.81885776343256
8087,A,239.21036984315703
8088,B,344.0469341570158
8089,B,456.76952804183
8090,C,414.4640886464492
8091,B,230.7925932607639
8092,B,200.01374714872568
8093,C,127.49207203358326
8094,B,192.48910807622443
8095,B,64.41272977303018
8096,C,485.8416990987297
8097,C,291.2195475401937
8098,A,72.62486296965432
8099,C,182.87494454029382
8100,A,278.0491803741214
8101,B,271.11396195402614
8102,C,27.396650672129855
8103,C,475.91210677226456
8104,C,144.93408392272286
8105,B,17.930487776626684
8106,A,47.45756438563841
8107,B,294.2955025915087
8108,B,77.51490513079746
8109,C,30.445148498216607
8110,A,196.01696854222857
8111,B,315.15298424669237
8112,C,64.80150437239007
8113,B,163.5306377541446
8114,B,214.70272909602568
8115,C,88.13544791551591
8116,C,257.97621024868795
8117,A,51.75490258186774
8118,B,32.794063209083646
8119,C,264.719329906016
8120,C,131.46951664792905
8121,A,56.73316587003348
8122,A,217.7171678689398
8123,C,458.4189623635234
8124,A,364.85429886053595
8125,C,409.65179852004354
8126,B,437.23785449173187
8127,A,486.58759328424526
8128,B,383.9908210219448
8129,B,308.11988175034503
8130,B,189.05868134810112
8131,C,99.00518591328088
8132,B,346.4633382518142
8133,B,497.5254931997515
8134,B,239.00575546327033
8135,C,364.60289036547573
8136,B,252.59530049664653
8137,B,221.64737744810355
8138,A,211.04975064435843
8139,C,257.2660946365318
8140,B,189.77887431403377
8141,A,376.8989276926858
8142,C,438.3932930298431
8143,C,442.6138002561402
8144,C,121.5723695786547
8145,C,448.9954779784305
8146,C,177.36010360900147
8147,C,161.56075608779585
8148,B,366.1104681251356
8149,B,159.3012066422818
8150,B,35.95353874875795
8151,B,193.07270843205092
8152,A,363.518144175591
8153,B,170.2096259323865
8154,C,318.48393743762176
8155,B,333.4585276889339
8156,B,369.5306457459145
8157,C,449.5939284923588
8158,B,221.9566046415314
8159,B,91.55171756460396
8160,B,166.2736005616258
8161,A,221.7619550352531
8162,B,359.8068199707754
8163,C,16.429841525200416
8164,C,164.73483788554068
8165,B,392.12286469946525
8166,B,338.72027463204074
8167,B,368.55258705694655
8168,C,407.7872770252054
8169,C,393.78550225020155
8170,A,344.2697514148613
8171,A,225.4341508615894
8172,A,491.96318115029544
8173,C,288.84586583913614
8174,A,109.35691259073117
8175,B,153.47829900134434
8176,B,349.84560342553027
8177,C,463.12238694773714
8178,A,97.57286331088979
8179,B,50.349782915435306
8180,C,441.950213540583
8181,A,458.48620966728885
8182,B,145.42587920479073
8183,A,194.87000494190752
8184,C,333.4921187739506
8185,A,171.66571021281266
8186,C,439.8077670523259
8187,A,62.71356432979273
8188,B,28.611288270495653
8189,C,112.15824130396686
8190,C,150.18301132043482
8191,C,65.33402973154878
8192,A,42.188310376916895
8193,A,380.24777961588114
8194,B,90.49551729210611
8195,C,457.82187754248895
8196,C,190.31983410956707
8197,A,338.59684676345927
8198,A,120.44703623671211
8199,B,127.75815656101476
8200,B,291.6075094051119
8201,A,284.7150333215332
8202,C,386.67732172591985
8203,B,381.32851979019034
8204,A,338.6370046851939
8205,A,230.07397728781058
8206,C,446.4137892775024
8207,A,315.06346020843637
8208,A,495.197260326555
8209,B,411.4912107878357
8210,A,31.71180750677985
8211,A,167.0910144693557
8212,B,290.2191010707663
8213,C,363.5200735570287
8214,C,279.6648839033513
8215,B,395.2039070064691
8216,B,148.50126985109887
8217,C,100.11690510408428
8218,C,36.41917505698735
8219,C,290.9237348400458
8220,C,347.41376513099266
8221,C,169.81336138848718
8222,B,310.65625057937956
8223,A,35.55704311813133
8224,C,58.653739685433784
8225,C,353.8598384066642
8226,A,190.3541555564764
8227,A,338.95367524047276
8228,A,417.54334893715986
8229,A,427.78499436329724
8230,A,94.36214627758098
8231,A,248.2799304521598
8232,B,369.62409457991834
8233,A,389.2504921707861
8234,A,394.49123055715
8235,B,121.80199384648638
8236,A,104.34206068464894
8237,C,299.106109454111
8238,C,373.1320408917276
8239,A,166.3783626117547
8240,B,61.305526862586554
8241,C,361.205727625938
8242,B,156.85193737620222
8243,C,91.51773491274369
8244,A,82.38452891459451
8245,B,164.30567828809097
8246,B,300.4122522977353
8247,B,185.61709695997013
8248,C,20.12430728078148
8249,C,57.485132992127426
8250,C,152.34659112732336
8251,A,333.255196252075
8252,C,58.27238599958158
8253,A,284.7218582153341
8254,B,68.74407670376209
8255,B,113.69151040119692
8256,A,94.37237850232374
8257,C,42.94203142969714
8258,A,338.9516105194292
8259,B,237.06773821915692
8260,B,417.21618603969574
8261,A,58.45651159133531
8262,C,80.9191373356554
8263,C,160.1642883617208
8264,A,385.274333600016
8265,A,159.8218233462924
8266,C,210.12516667435938
8267,B,157.78574748561064
8268,A,49.30990298250468
8269,C,470.32247521913183
8270,C,278.78410611488255
8271,B,396.0382622108934
8272,B,332.59497517079507
8273,B,261.9845967403678
8274,B,53.942345763096256
8275,B,324.9394371824491
8276,A,86.13147440904774
8277,C,213.04775298457554
8278,A,318.2654403054109
8279,A,393.29221023134045
8280,A,345.6721360972236
8281,A,339.0514292367681
8282,A,83.03068249585168
8283,B,179.60298463507806
8284,B,31.027013603495135
8285,C,362.54367765646765
8286,A,476.76713084553535
8287,C,139.41409118774715
8288,B,52.971387489531566
8289,B,243.02933760929025
8290,B,429.7821293325087
8291,A,280.46735568317206
8292,A,32.92080359315552
8293,B,487.39339785869356
8294,C,416.03845588167434
8295,C,74.48109775523997
8296,B,461.6809006867194
8297,C,230.83726141654242
8298,B,192.2300153817212
8299,C,235.91613195832224
8300,B,418.9402588667641
8301,C,333.14504236052505
8302,A,39.03174167586649
8303,B,479.2261418469237
8304,B,82.4142254043757
8305,C,375.32829635032203
8306,B,321.70689990978417
8307,B,101.88874349381481
8308,B,93.65871729539433
8309,A,436.46052091529907
8310,A,215.65051251480259
8311,C,330.74249194532786
8312,A,256.9947918897699
8313,C,366.40322336722016
8314,A,244.82876376927197
8315,C,150.81615847522852
8316,A,188.05785178828324
8317,A,430.9480702806679
8318,C,239.33699953213625
8319,B,114.59017279985854
8320,B,467.9566401578541
8321,A,400.3342236842047
8322,C,37.27641156753757
8323,B,499.48205137045375
8324,C,350.5140812556501
8325,B,88.5306335298876
8326,C,126.21216383631226
8327,A,349.298285808358
8328,C,392.0829170867698
8329,B,127.127612143405
8330,A,135.9147384106427
8331,C,160.4891404873098
8332,B,303.028998769952
8333,A,94.1899273676257
8334,C,61.07916745354098
8335,B,342.6434036519016
8336,C,391.7579904986533
8337,C,255.4554081640877
8338,A,188.27802803150882
8339,A,221.70092962797344
8340,B,200.31983859725642
8341,A,480.39260503646085
8342,B,386.3640535573787
8343,C,111.96273527655404
8344,C,198.25268450645024
8345,B,276.5660227679238
8346,C,310.3630724112073
8347,A,239.41010905409587
8348,C,406.96205115585997
8349,A,386.12694953453354
8350,B,257.52738012780173
8351,B,428.6703995230479
8352,C,378.0338699167691
8353,C,391.5051058731152
8354,A,478.63638192237414
8355,A,140.5688011925093
8356,C,141.1475995597561
8357,C,445.58660528841364
8358,B,388.3909229589829
8359,B,464.0073153034574
8360,B,40.933778558982
8361,C,317.60096785818234
8362,C,80.86788568048925
8363,C,256.9096271633655
8364,B,86.31599660818767
8365,C,72.75846940259083
8366,A,15.962489237196245
8367,C,318.8170180676231
8368,C,185.92108217814217
8369,C,61.54225959069613
8370,C,168.19051108834182
8371,C,92.78260481127663
8372,A,471.4304674358131
8373,A,166.80239402306057
8374,C,173.63722641180104
8375,B,421.53042166579695
8376,C,327.40032303014203
8377,C,357.98408762747067
8378,C,321.64088395459066
8379,B,473.63617913479703
8380,B,111.43040746344212
8381,B,494.6292284603399
8382,A,417.16852700269146
8383,B,298.59656854940766
8384,A,334.562095954162
8385,A,327.9246794853009
8386,B,38.614149788985415
8387,B,116.82808428064992
8388,B,481.1207334171271
8389,A,271.83857014109583
8390,C,195.39326559833688
8391,B,383.39884706064674
8392,B,267.0142819013467
8393,B,16.449758001629817
8394,A,370.75642239040775
8395,A,368.78660442590206
8396,C,90.92286893388746
8397,B,478.76344332786454
8398,A,119.71498445514602
8399,C,234.29719001727764
8400,B,66.22062101784819
8401,A,305.60833653078834
8402,B,193.97104882803413
8403,B,183.05499648275568
8404,A,415.21866983826413
8405,A,14.68523929673434
8406,A,400.993917737287
8407,B,290.0097972165585
8408,B,493.18827160529753
8409,C,298.82717809608204
8410,B,37.13577573249938
8411,A,34.8162099574259
8412,B,442.74496332219763
8413,C,422.19493130041604
8414,C,179.48613703519138
8415,A,312.83591724875726
8416,A,249.89976495724414
8417,C,483.9103870166656
8418,C,475.48084142967684
8419,C,492.0811141849795
8420,A,434.55990251078947
8421,C,455.68027947979965
8422,C,116.46660159589685
8423,A,417.1933266049895
8424,B,357.3399854700946
8425,B,481.76538932575437
8426,C,289.9182959368835
8427,B,51.731911688172616
8428,B,302.72545668170494
8429,B,346.42465473043103
8430,B,117.95730406908987
8431,C,203.11555792123693
8432,B,303.2666728853232
8433,B,193.3118112850877
8434,A,193.72438144694533
8435,C,75.21245319467073
8436,A,470.96589430805636
8437,A,377.7422484025973
8438,C,10.609285044389985
8439,B,385.15050917086097
8440,A,372.4995464023508
8441,C,14.768170476206267
8442,B,191.10610583074464
8443,C,307.30636825951
8444,A,231.84781941043758
8445,B,391.21319817304857
8446,B,218.47458299087265
8447,C,85.39285503238015
8448,B,488.443655894176
8449,A,128.59959646026283
8450,A,361.6692321652528
8451,A,80.14659271539526
8452,C,171.216180754127
8453,B,226.59352813090766
8454,B,104.19368221826132
8455,B,230.48019242061866
8456,A,87.0097832659575
8457,B,283.9132041030862
8458,A,335.219493734895
8459,B,40.592799173725275
8460,A,436.85473933026236
8461,B,100.7190336705974
8462,C,120.42758840695866
8463,C,334.06142164070087
8464,A,239.6880196128629
8465,A,254.7038435938222
8466,B,72.79594243593502
8467,B,404.81055271944
8468,C,312.3565805910629
8469,B,76.33720122163345
8470,A,193.25968984254203
8471,A,407.10086704016476
8472,A,288.49397253344415
8473,A,63.23790177513593
8474,A,192.6607524367505
8475,C,128.92025524330995
8476,C,263.5581212903259
8477,A,423.2469531472749
8478,B,223.77089605416572
8479,A,222.33759488047832
8480,C,453.6219421402481
8481,A,292.3308521285635
8482,C,287.4336328247294
8483,C,138.3358470189408
8484,A,307.7841464401919
8485,A,292.19612903452423
8486,B,204.45722046751334
8487,C,495.44082729059846
8488,B,442.1265728245625
8489,A,377.2972821376396
8490,C,273.29933832237026
8491,B,236.40930292836882
8492,B,100.5997236593677
8493,B,159.8113622671656
8494,A,389.240791913373
8495,A,232.3369874294002
8496,A,442.31206311905567
8497,C,82.4764568093091
8498,A,259.09007704668187
8499,C,327.01318517044126
8500,B,263.25574359088375
8501,B,445.7211768766437
8502,A,494.8860080962785
8503,B,66.75898258727118
8504,A,73.67790299769129
8505,C,73.85881564445933
8506,B,343.7767770745585
8507,A,192.61128679296058
8508,B,369.32418402029396
8509,B,208.68102171461956
8510,A,317.5272934527112
8511,B,387.2304227826578
8512,B,278.62579622091107
8513,B,274.356759320503
8514,B,53.23481938996089
8515,C,211.28305402562304
8516,B,277.43080508021944
8517,B,236.37060457654087
8518,A,451.3831800923285
8519,C,454.2000097385498
8520,A,412.7395164884932
8521,A,193.8960569328288
8522,A,361.47658432689184
8523,C,203.6913459241088
8524,A,123.97086349812193
8525,A,178.022295339932
8526,A,44.772670309912385
8527,B,172.57097941227713
8528,A,235.76368645797407
8529,C,478.1856384426067
8530,C,163.57118724761622
8531,B,452.2022342107051
8532,C,122.14055515351356
8533,C,103.57475990203221
8534,B,264.30777365176084
8535,A,339.53057095572893
8536,B,31.722802893117898
8537,A,118.32227387313618
8538,A,233.28499658564505
8539,C,172.19212463175893
8540,B,359.1843288806777
8541,C,260.46869206024525
8542,C,88.5759617459111
8543,A,448.2880358643944
8544,C,153.5237809868462
8545,B,368.2542433925675
8546,C,392.1587317616508
8547,C,481.94727312549
8548,A,254.26865859680967
8549,B,311.75940257757173
8550,C,174.08938380497153
8551,A,342.30785377191256
8552,C,237.05790807449665
8553,B,224.44965871496692
8554,C,429.17908926689165
8555,C,34.58273331435744
8556,A,442.1615896376156
8557,C,427.5142205359929
8558,A,258.1194642452767
8559,B,250.19939856075786
8560,C,187.28561033739018
8561,B,497.14515792404984
8562,B,64.4729730493822
8563,C,299.20546545801744
8564,A,344.02397915508436
8565,B,467.82170402630277
8566,B,392.2997134598131
8567,C,325.4851293776579
8568,C,67.23803523794011
8569,C,193.12942324741903
8570,C,78.03240484851277
8571,C,441.7942389081017
8572,C,377.31436622618503
8573,A,381.19302553064233
8574,B,329.6056937090366
8575,A,258.45133309898773
8576,A,83.48581913711362
8577,C,171.55049448547535
8578,B,77.08873831367637
8579,A,365.2074399976482
8580,C,88.51210025078247
8581,C,354.03563958412593
8582,B,349.20514090199333
8583,A,235.05919470573156
8584,A,76.26204051784562
8585,A,164.252404805678
8586,C,166.84562344702022
8587,B,353.18871524021375
8588,B,65.73407951272492
8589,A,416.24363664588446
8590,C,382.89357219109786
8591,A,101.29038990539422
8592,B,362.3905470716558
8593,C,337.57145891923267
8594,A,376.5791920543539
8595,A,102.5749921698603
8596,C,87.21925785666963
8597,B,125.87715310214956
8598,C,189.27713454299808
8599,A,398.89584070754256
8600,A,371.5827293646365
8601,A,463.47128021648126
8602,A,38.72848395832157
8603,B,15.662577696950944
8604,B,352.57802655339157
8605,A,146.85087293914117
8606,B,173.6986588115706
8607,B,277.932992698111
8608,B,60.18243033213127
8609,A,324.92026410854436
8610,C,169.3222486532636
8611,C,320.03041090748593
8612,C,418.66338740595904
8613,A,93.84455333534054
8614,B,466.1278155281149
8615,B,270.0371891205975
8616,A,462.2346049352445
8617,A,111.78774027887128
8618,C,306.2357056560764
8619,C,207.9046874885663
8620,A,389.36887366644646
8621,C,306.8953821745152
8622,B,252.31257390957603
8623,A,457.36284915119427
8624,A,194.78736144412332
8625,B,117.79030040010893
8626,B,307.9695815575249
8627,B,315.7739342146787
8628,C,225.15636457021895
8629,A,248.43892140779732
8630,C,480.181173006951
8631,B,369.01598878443264
8632,C,64.19485822646274
8633,B,113.94373472659937
8634,C,488.0325508734239
8635,C,365.96812135883033
8636,B,458.37211181088
8637,C,158.8921173544738
8638,A,373.51476144243026
8639,C,359.8613271765206
8640,C,154.3980928652938
8641,A,279.8999994708456
8642,B,317.4334045224447
8643,A,245.75458730545787
8644,C,415.3175662624262
8645,B,418.10583048101483
8646,C,426.7942686677628
8647,C,403.6775488580998
8648,A,249.16090382660087
8649,A,196.90476609301354
8650,B,417.37437902004154
8651,B,250.19871469257075
8652,B,130.7219853277111
8653,C,258.598330837886
8654,A,79.50641274042863
8655,A,348.89845039341145
8656,A,174.6014279957141
8657,B,137.72281123925262
8658,A,478.68928565502506
8659,A,390.6716879215707
8660,A,395.66405633472647
8661,B,315.6237649467999
8662,A,421.1946771500456
8663,B,381.9896157700568
8664,A,303.3991150254721
8665,A,480.9509569073415
8666,A,103.88152534536728
8667,B,472.256062307428
8668,B,206.70469937944384
8669,A,268.91550186672845
8670,C,70.14226657671139
8671,B,274.65264507167757
8672,B,309.49130841051476
8673,A,498.8737554861768
8674,C,487.844281425048
8675,A,483.5346730184007
8676,B,180.71014945000812
8677,B,495.7205843850713
8678,A,233.1842942816043
8679,A,427.39976679333125
8680,C,115.99678481929628
8681,C,257.85825803173515
8682,B,483.3459271025267
8683,C,474.0453844924795
8684,C,345.0300901324991
8685,B,400.92901805099933
8686,B,96.44908133517669
8687,B,363.61268924723714
8688,B,312.84489608433245
8689,A,54.860350518110586
8690,B,65.44791322894136
8691,B,63.13737269811832
8692,B,364.9348980666195
8693,C,79.4404520413105
8694,B,239.18881284609054
8695,A,184.9210848801013
8696,A,279.7470289774067
8697,B,356.17347873750737
8698,A,345.5140432384527
8699,C,262.60475879804454
8700,B,237.5240880690889
8701,A,204.92964160990678
8702,A,432.3358746691459
8703,B,172.11738438759605
8704,A,137.08925237207248
8705,B,374.2245918910829
8706,A,186.28409623139598
8707,C,425.0293138810615
8708,A,170.66547213220093
8709,A,353.9529640415482
8710,B,32.103413079814686
8711,A,198.9258112540568
8712,B,178.18278573410024
8713,C,410.1725822452025
8714,B,483.8571475818719
8715,B,235.8318255795511
8716,A,414.16977580534143
8717,C,352.85040346910887
8718,B,484.01913395520967
8719,A,407.44317202798413
8720,A,47.964252322227956
8721,B,359.50804396729575
8722,A,272.39486055696307
8723,B,18.05366838684031
8724,B,133.1433497754674
8725,B,461.66007006317756
8726,C,463.77007266550896
8727,B,401.43672549831086
8728,A,491.0720056062148
8729,C,405.20716006586036
8730,A,15.000051769770144
8731,C,151.03882674774079
8732,C,25.005849296503804
8733,C,56.112904681404125
8734,C,117.23200030588028
8735,A,256.743687699506
8736,B,425.2906816963887
8737,A,432.36371051698296
8738,B,311.9389106930753
8739,A,464.80621014245514
8740,C,255.03054002920197
8741,C,445.6276616252688
8742,B,232.49197560268593
8743,B,145.8402536367223
8744,A,459.04232986920954
8745,B,200.08818708264596
8746,A,256.66801333378623
8747,B,171.14170994003183
8748,B,334.7904241424576
8749,B,497.5653002529574
8750,C,22.501638943737124
8751,C,450.92552294347973
8752,A,11.923767924740048
8753,B,188.47166176164342
8754,A,92.61733508186201
8755,B,381.09747252955015
8756,C,34.799311971015
8757,C,281.2076272563207
8758,B,154.5138055842032
8759,B,75.49842194370405
8760,C,388.190923930294
8761,C,116.53424878507579
8762,A,119.60085390692007
8763,C,144.78762471758228
8764,B,297.51571427573344
8765,A,333.2363065284666
8766,B,18.625236613659034
8767,A,128.51612169575725
8768,B,221.1757128275886
8769,C,172.66870655900422
8770,B,443.24362267033416
8771,A,395.9772781343452
8772,B,316.6862056140255
8773,A,175.64078383854948
8774,B,353.3294489746183
8775,C,423.38262629443926
8776,C,301.4668849059035
8777,B,394.38611877775577
8778,B,377.06143108587645
8779,B,290.1512824685579
8780,A,162.96977624254038
8781,B,375.4332574206232
8782,B,111.33021951522716
8783,A,391.94928977105155
8784,C,404.2278791498412
8785,B,412.8509909894828
8786,B,241.72882577944424
8787,C,104.31557620750662
8788,C,58.86456403237368
8789,A,374.2470127390829
8790,B,444.26807841960846
8791,B,328.9107958300843
8792,A,80.6384295903011
8793,C,468.09925977361127
8794,A,494.6599871242666
8795,C,222.35551886811174
8796,A,301.4643917441479
8797,C,390.8419748008123
8798,A,370.8309971245219
8799,C,484.2157240473901
8800,C,66.29271462860657
8801,C,294.5551844099748
8802,C,349.04639563981516
8803,C,446.1482278519583
8804,B,438.31371758189385
8805,C,489.2198988450321
8806,B,260.91844242946274
8807,C,417.072824738481
8808,B,219.36803698239058
8809,B,216.9338001494558
8810,A,134.14069859170093
8811,C,410.9362706394226
8812,A,493.04940184862267
8813,A,135.60744689015638
8814,C,37.50447813032544
8815,A,409.6157943353136
8816,C,313.91272574203055
8817,A,480.2524122699922
8818,C,133.5972173477066
8819,C,44.80355242062773
8820,C,251.29670782458575
8821,B,51.87835125292227
8822,A,138.27710054032664
8823,B,71.72915180139246
8824,A,119.82476803343856
8825,A,62.01087988248201
8826,A,477.4139397193698
8827,B,146.4957295903704
8828,A,227.50981713635707
8829,B,450.31978574076896
8830,C,341.8875781011224
8831,A,312.8383654752694
8832,A,355.7259632768102
8833,C,416.1229059816371
8834,C,440.05794124736286
8835,A,324.893438625863
8836,C,446.1035646000883
8837,B,272.34478843848365
8838,B,145.87251957152748
8839,A,441.23758735308377
8840,B,275.32168543241266
8841,B,454.0074179079448
8842,A,29.682228835784798
8843,C,204.7827182552054
8844,A,474.4244589976094
8845,B,132.32854545156835
8846,A,471.3527605588614
8847,A,477.4122059533325
8848,B,442.24973397067185
8849,B,286.19734209571635
8850,A,327.00033004951285
8851,B,436.1123292404359
8852,B,390.1895703707004
8853,B,318.74598623315165
8854,B,491.3071098566443
8855,B,345.9815518035101
8856,B,487.9861762994029
8857,C,38.12035255747446
8858,A,78.0905816636841
8859,B,231.2148345402404
8860,A,198.5909358333144
8861,C,393.5400722649436
8862,B,88.70087296990984
8863,A,488.2866377646294
8864,B,164.38227887784785
8865,B,220.17261679267813
8866,B,144.62506589561121
8867,B,293.8881724900082
8868,B,38.72806320706613
8869,B,83.34197772951991
8870,B,375.4408746751749
8871,C,101.38528586835392
8872,C,125.4020812627648
8873,B,398.5612955051705
8874,B,55.71757739505426
8875,C,224.36217315771205
8876,C,21.301059628641223
8877,C,179.93562566577287
8878,B,352.5008872792697
8879,A,54.150607061441875
8880,A,445.2839671215924
8881,A,455.65453104095087
8882,A,61.445283811316195
8883,B,495.4588938241306
8884,A,155.78948116378956
8885,C,51.20981885448696
8886,C,12.482886103658512
8887,A,210.17621892429267
8888,C,318.60689299599767
8889,B,172.7678324526235
8890,A,419.99150908256513
8891,A,361.1370750268745
8892,B,181.57915066433603
8893,C,369.81173663821625
8894,B,470.8389911149324
8895,B,55.61703928607837
8896,C,159.99094047723227
8897,B,237.0297101671797
8898,C,254.0151625998366
8899,C,275.6758659941761
8900,B,157.3071842039378
8901,C,336.95722653135107
8902,B,326.09140672961655
8903,C,293.1325380730908
8904,A,65.74324363832955
8905,C,243.7142666370128
8906,C,184.55117486979404
8907,B,250.60885022068007
8908,C,461.71455340236275
8909,A,245.46035814762007
8910,A,16.8505880013608
8911,C,225.03000166122416
8912,C,412.1176082241972
8913,A,392.22985237690244
8914,B,261.56113602880873
8915,A,132.3868163010645
8916,A,237.8934448281271
8917,C,286.2140875149139
8918,C,499.9370047543256
8919,A,325.6472641829949
8920,B,350.1898157306806
8921,A,250.81253034834546
8922,A,183.69987988343962
8923,B,408.34696198713095
8924,A,252.51683892622572
8925,A,497.3981636826173
8926,C,233.9890813913416
8927,B,43.320138987312916
8928,C,344.46328717414053
8929,C,32.85431095364743
8930,B,132.74578247350462
8931,B,183.33174386215265
8932,A,372.34695695445055
8933,C,252.17560393973028
8934,B,24.03650634202574
8935,C,312.25642712520187
8936,C,211.60375633906455
8937,B,461.6989098838825
8938,A,254.78553245871535
8939,C,357.3978215102761
8940,B,117.24556124147796
8941,A,382.8770466205101
8942,C,363.26810213699946
8943,B,453.000037185241
8944,C,26.572604442407616
8945,B,229.27534183255105
8946,B,342.78614734241876
8947,C,56.63031103930536
8948,C,211.19599290296708
8949,B,471.65183550243574
8950,A,223.60790053665283
8951,C,492.8483439055094
8952,B,37.85113992911161
8953,B,361.7365903090367
8954,A,294.69795576165205
8955,A,255.26444179474146
8956,A,485.71522672765457
8957,C,73.52869624065303
8958,B,449.03948632364757
8959,B,348.707801456939
8960,B,136.90807591682002
8961,A,451.8178813598238
8962,B,220.3545097518965
8963,C,408.9713907558047
8964,A,200.529893353226
8965,A,426.9561054422881
8966,A,321.9482680380738
8967,A,79.11285045602631
8968,C,328.3349501000685
8969,B,103.75893372391758
8970,C,211.8420876681397
8971,B,93.44483628349653
8972,C,20.787896676888106
8973,A,113.82440433047917
8974,A,272.8222916248216
8975,C,245.96487421089955
8976,C,255.7335768126712
8977,B,131.36657043883463
8978,C,345.72898830095124
8979,C,355.08901054196946
8980,B,185.40423452423613
8981,B,441.7733433523454
8982,B,325.57137615141846
8983,C,359.38924487672955
8984,B,145.89655979008032
8985,A,10.299701226237651
8986,A,434.0340499300337
8987,A,412.98794844410617
8988,C,70.3640251409868
8989,A,193.31151612859017
8990,C,334.05626111040544
8991,C,329.5343200371768
8992,A,431.5716640561927
8993,B,78.73139920135999
8994,C,220.67047641470822
8995,A,57.639964783948145
8996,C,200.9016717349278
8997,B,17.402648337975148
8998,B,450.1538019039622
8999,A,268.2515584460537
9000,C,426.4031077931533
9001,C,39.35330349164824
9002,C,121.45447413173112
9003,C,137.09619765837851
9004,A,199.47883237300616
9005,B,403.4045224747976
9006,A,199.41335812843138
9007,C,110.28022952670023
9008,C,41.845227565996524
9009,B,48.95095669281686
9010,C,382.4231309208789
9011,A,227.95346560795016
9012,A,365.8287497800075
9013,B,344.3206896642118
9014,A,76.32760626252632
9015,A,80.01508775421092
9016,A,380.11758756272565
9017,A,363.4214638078544
9018,C,195.2350757684121
9019,A,47.93690903309164
9020,B,15.928030632241578
9021,B,151.196905236255
9022,A,14.518914057741199
9023,B,122.73558434081467
9024,A,215.5553627035559
9025,B,69.49372500285756
9026,B,61.09610133745766
9027,A,449.2543435021809
9028,A,296.8803142212157
9029,C,467.8832865137629
9030,A,179.45482025498282
9031,A,341.80101929128995
9032,C,110.29892056467729
9033,A,312.9867554671712
9034,A,73.49700770489235
9035,C,11.019513196380021
9036,A,466.45058269069375
9037,A,281.89824432585254
9038,C,464.20092476319934
9039,C,173.5774466140153
9040,B,170.61517388926083
9041,A,206.32095086878553
9042,B,355.96008213950245
9043,B,287.24623075122537
9044,C,463.4239044785678
9045,A,22.466041554895284
9046,A,357.01600960654287
9047,C,171.86056778961162
9048,B,98.31448939104598
9049,C,260.0938550348485
9050,A,257.48125424819807
9051,C,77.13540405732992
9052,A,108.92906750511602
9053,B,210.0006858017619
9054,A,210.3175920722345
9055,B,165.6034884136455
9056,B,82.78712423989066
9057,A,12.143102759479966
9058,A,485.4151805897301
9059,B,472.3146225549242
9060,C,246.98868579630624
9061,A,497.5753591047528
9062,B,340.0906220832992
9063,B,43.74019342769535
9064,C,67.68191755048741
9065,A,458.8943134961225
9066,B,318.7255790533179
9067,C,423.15997706210203
9068,B,450.1521283205837
9069,A,229.49158552836917
9070,C,33.77771627257959
9071,B,102.2573709596878
9072,C,42.6202541781932
9073,A,102.48252439226859
9074,C,211.16113396337963
9075,A,67.91643715234287
9076,B,91.6992914246182
9077,A,228.45267321512281
9078,B,176.68376569035988
9079,B,239.1524808521401
9080,A,220.2942936019404
9081,B,325.7942327301429
9082,C,469.2228789491687
9083,B,62.853525837678816
9084,A,58.637473161505504
9085,C,427.874994434542
9086,C,258.13438527970493
9087,B,385.5384615485367
9088,B,115.5567327675679
9089,A,416.14266085210033
9090,C,462.684845854421
9091,A,321.38667761777924
9092,B,61.880720522163095
9093,C,448.694458936606
9094,A,398.31898641133495
9095,A,377.9301104921
9096,A,27.996812563898626
9097,A,401.4916373759159
9098,A,77.59599512949494
9099,C,118.96922633647532
9100,A,292.7960690859362
9101,C,139.8405787292727
9102,A,334.0606210928407
9103,B,307.95451937254995
9104,B,62.99330302649869
9105,A,331.4471439998381
9106,B,462.7379058142157
9107,C,88.94385354105823
9108,A,302.56039026201483
9109,C,177.5140322489801
9110,A,235.20971916906595
9111,B,150.63008774869525
9112,C,183.52401181037067
9113,B,24.166793400613066
9114,B,490.9603515794381
9115,A,316.15196181564664
9116,C,255.3457393420038
9117,B,198.02052125516008
9118,A,274.29353382377354
9119,A,196.25193937074394
9120,A,186.3548844718999
9121,B,237.33380544378642
9122,A,145.2316864988835
9123,C,98.22445098372486
9124,C,282.7368901083438
9125,B,422.9550637136475
9126,C,84.88580708568723
9127,A,26.039826896067137
9128,B,130.9377551254777
9129,A,490.0631152923673
9130,B,416.09145613423624
9131,B,301.97436622901233
9132,A,465.3319684691366
9133,C,228.1867672502499
9134,C,491.80749526183524
9135,B,155.18800210844918
9136,A,127.74981726281015
9137,A,322.6436185620354
9138,B,195.2954442956766
9139,C,316.91911556836635
9140,A,159.44780396831604
9141,C,312.7799458506156
9142,C,145.11566768666782
9143,B,34.97631372125607
9144,B,456.9465919423599
9145,C,442.77054891799645
9146,A,485.69109314360924
9147,A,361.0983163484883
9148,B,344.5333770902984
9149,C,283.91150433666706
9150,A,71.7117840127361
9151,A,102.72530236514233
9152,B,151.84014744954274
9153,C,446.17661766096325
9154,A,94.75506705550681
9155,B,462.2078554990664
9156,A,266.16500919519444
9157,A,360.62912138180536
9158,A,64.01979847347759
9159,B,141.82643890019634
9160,C,479.6741180088989
9161,B,140.41347399556838
9162,C,155.2956429916616
9163,A,106.82271857212893
9164,C,73.24609600034645
9165,A,124.29624431245901
9166,A,324.7401770558912
9167,B,233.13018941674613
9168,A,281.3403598055703
9169,B,69.9587660953519
9170,C,403.03705910982103
9171,C,394.2064032841255
9172,A,20.57905645991094
9173,B,197.92239631004944
9174,A,43.69759496586243
9175,B,398.13183191332945
9176,B,371.26214473159513
9177,B,451.97416620364646
9178,C,125.83793988702617
9179,B,233.58498273262146
9180,C,100.39905981055489
9181,B,191.90511789231854
9182,C,265.89919326777317
9183,C,36.13208702090859
9184,C,360.28650123191875
9185,A,276.21374658182685
9186,B,416.18991843322993
9187,A,143.17244558368665
9188,B,452.6273415819347
9189,B,499.3601839849172
9190,A,460.4562348050605
9191,C,391.1673131582455
9192,B,408.0607134081526
9193,C,291.13467884684735
9194,A,103.17539282717914
9195,C,341.7499357223815
9196,B,359.24897100936647
9197,B,492.8387187312738
9198,B,275.2376449655977
9199,A,142.97081736227764
9200,B,344.9995356523583
9201,A,489.89415163656275
9202,C,96.83481505185605
9203,B,169.7389800824453
9204,B,275.52166734861373
9205,B,93.40517109218237
9206,C,20.888113364769794
9207,B,175.1217299962128
9208,A,434.03169273551845
9209,C,31.299515668620263
9210,C,220.17523891828955
9211,C,383.4783787337804
9212,C,477.0594724863338
9213,C,492.88294551217183
9214,A,216.7649964982834
9215,C,475.6883042457676
9216,B,27.355296907623234
9217,C,375.4992996192926
9218,C,324.9455569704703
9219,C,132.26571021721463
9220,C,258.58606533302793
9221,C,73.48133150264286
9222,A,437.08260396626486
9223,A,185.3700619173675
9224,C,316.7617905282011
9225,A,87.8003802807585
9226,B,111.02077386929147
9227,C,496.05862169354447
9228,B,379.01233327625135
9229,B,481.3662161892947
9230,C,154.9670709539016
9231,B,90.63580954371199
9232,B,256.50354710462716
9233,B,252.38745829139825
9234,C,95.72379174141405
9235,C,369.277589094891
9236,B,187.2709918749797
9237,C,101.31896315595345
9238,C,172.6718633262113
9239,B,286.19276282115743
9240,C,365.9707567684172
9241,A,246.1265341681674
9242,C,267.541545015903
9243,A,78.08350861194671
9244,B,458.1985531070337
9245,C,465.07485701610176
9246,B,344.8790293048218
9247,B,18.639390377672107
9248,B,273.1663657926298
9249,B,318.31729632342063
9250,B,497.3805692494739
9251,C,498.0728080454504
9252,A,430.2295053095231
9253,C,41.27718609279563
9254,C,477.1054314815777
9255,C,310.20401110447955
9256,C,402.4345175347979
9257,A,209.52449634606825
9258,C,166.63804090494898
9259,B,236.98963128706592
9260,C,81.9685113547252
9261,C,184.96240798911998
9262,A,430.2325748864565
9263,A,28.59573826783193
9264,B,83.9302429440562
9265,C,71.30691822824791
9266,C,207.50701592311174
9267,C,498.52358143652225
9268,B,94.94538580357751
9269,A,81.28649830363747
9270,B,458.3773075903157
9271,C,442.2047533133232
9272,A,25.797781298311676
9273,A,378.33592048786437
9274,B,331.1781937234505
9275,A,386.1929968278274
9276,A,252.30620285000185
9277,C,495.77581703966484
9278,C,31.485039168371966
9279,A,124.84207733786481
9280,A,204.30753361707139
9281,B,230.39119136719455
9282,B,461.47002732276417
9283,A,284.40213839785685
9284,C,32.104387804993
9285,A,209.8528520785743
9286,A,214.08030206084425
9287,C,483.0905598345145
9288,C,303.60657460034304
9289,B,321.46902486788
9290,B,359.4939853131227
9291,B,387.3192646842404
9292,B,321.1750243992197
9293,C,126.2252320556284
9294,A,438.28249802717045
9295,B,368.7387022012088
9296,B,373.5165376975084
9297,C,498.3128022250271
9298,C,403.2380020830248
9299,A,416.28418754602507
9300,A,476.18870269797765
9301,C,84.055659925958
9302,B,253.88641447425326
9303,B,294.4778415594859
9304,B,171.34510731900423
9305,A,421.3076385083077
9306,B,383.5856146064045
9307,B,363.2327065089808
9308,C,498.60322548150174
9309,B,137.09687297011135
9310,C,370.3740533209564
9311,B,280.1881927038913
9312,A,163.3646994219993
9313,B,88.68756665433166
9314,B,448.9830801630981
9315,C,301.7731865268442
9316,C,414.2175804439894
9317,C,277.219042160757
9318,B,117.78876952046959
9319,B,175.39891841915937
9320,A,196.9540328120378
9321,B,486.7380581268141
9322,A,12.760306406877426
9323,C,492.9763512820084
9324,C,490.426201203817
9325,C,498.1138873597669
9326,A,243.528207670621
9327,B,482.2663951142898
9328,C,203.8435991064154
9329,B,22.88427592750949
9330,B,119.93012132216462
9331,C,473.19516001931845
9332,A,16.74469973434599
9333,B,277.53712635725776
9334,C,47.044778558392736
9335,B,150.33432342951346
9336,B,53.16549684882446
9337,B,431.16902434539764
9338,B,299.6246477273759
9339,B,452.0321682019733
9340,A,347.29306777471186
9341,A,485.80427431009883
9342,C,259.8400508325992
9343,A,322.9681850638085
9344,A,292.3913217456377
9345,A,247.28761042884025
9346,B,424.5200890572762
9347,B,325.81731647847647
9348,C,402.6430097791817
9349,C,395.3183289351825
9350,C,103.6121287210947
9351,B,328.5801309336454
9352,A,107.82752939885373
9353,A,295.8270343394477
9354,B,341.94299537868727
9355,C,498.6451850779176
9356,C,24.965569293371793
9357,C,54.708773115723254
9358,B,47.74308122190343
9359,C,205.19703027070264
9360,C,412.57829712804875
9361,B,423.5876030656965
9362,A,371.1200019033643
9363,B,449.47033849667434
9364,B,168.20137264303173
9365,B,53.19577568362657
9366,B,38.49498371502656
9367,A,427.5450326134993
9368,C,367.9137842333087
9369,B,352.3214999454492
9370,A,176.44140588737773
9371,C,196.15354242293083
9372,C,479.4756291606664
9373,C,41.26432460798816
9374,B,389.1285510995184
9375,B,161.72032861711264
9376,C,29.136763022152483
9377,C,373.8593542638035
9378,C,172.14682398240356
9379,C,363.8522841839703
9380,C,356.75064772787886
9381,C,272.0455689622264
9382,A,390.9128333131689
9383,C,294.7087788439093
9384,B,150.45205789564773
9385,B,369.7164975215653
9386,B,298.67850978008454
9387,C,16.236368028061065
9388,B,451.8056471074516
9389,A,277.36537297891357
9390,C,435.6273600849705
9391,B,442.5410511012999
9392,A,228.03366180019336
9393,A,258.75339826110314
9394,B,213.71964996104492
9395,A,230.2240199009423
9396,B,448.62210789614664
9397,A,396.1905668442764
9398,C,71.99758139463322
9399,C,309.050812954647
9400,C,497.9942537893077
9401,C,301.819843603918
9402,C,395.0770965406217
9403,B,386.84012195677377
9404,C,181.655587677441
9405,C,192.20615832493985
9406,C,364.79744667729756
9407,C,254.9919304863692
9408,A,289.57964747389013
9409,C,359.32383727877044
9410,C,391.0117632491346
9411,B,143.04312308920495
9412,A,81.92894212411184
9413,B,152.97937689462537
9414,C,258.693779295117
9415,B,177.64924547554918
9416,B,288.49775183532097
9417,C,36.19820482155794
9418,A,259.77770169074597
9419,A,190.31260439947687
9420,B,271.98670989751236
9421,C,217.0413438936386
9422,B,149.2706668123958
9423,B,453.0128736742415
9424,B,100.53484432646489
9425,C,343.8691320344742
9426,C,463.0759091653829
9427,A,273.9482802458622
9428,C,439.4401594039462
9429,B,71.17722443230934
9430,B,251.95649742563998
9431,A,233.9423874356603
9432,C,13.97821544812748
9433,B,227.1960972660739
9434,A,190.82458062747293
9435,A,338.2013766095615
9436,B,469.7815915024941
9437,B,52.037633248397896
9438,C,170.4634294901653
9439,A,227.59172132318344
9440,B,233.0408352368478
9441,A,389.65676321270433
9442,C,227.263876258386
9443,B,23.30903771229015
9444,C,357.9510063504873
9445,A,443.5665506213791
9446,C,261.8133091493397
9447,C,294.74317563226765
9448,A,89.83885509483258
9449,C,118.11651289268895
9450,A,125.23341717105977
9451,B,221.0635676918347
9452,A,464.7911582388646
9453,A,265.6745356902942
9454,B,104.1278461486628
9455,A,140.38299057578533
9456,B,198.1673645663203
9457,B,315.39689808947173
9458,A,225.61624497196263
9459,C,202.2979736466932
9460,C,286.71701419550743
9461,B,128.49914752768808
9462,C,48.66260356644527
9463,C,21.963014262888837
9464,A,133.11699009889224
9465,B,54.88009673078967
9466,B,174.80691287517573
9467,A,388.7374347762802
9468,C,360.9842219385508
9469,B,309.3545351661341
9470,C,427.7251195009446
9471,B,148.2131360266956
9472,B,443.6763389846832
9473,B,205.6271931378978
9474,B,206.437725950647
9475,C,208.62229067650554
9476,C,58.06623945808091
9477,C,487.9903441822173
9478,C,77.868321134328
9479,A,177.0340049899004
9480,B,166.457156960111
9481,B,46.59292208018772
9482,B,84.60746375481956
9483,A,31.98058473083905
9484,C,153.2782018446516
9485,B,434.6618927741642
9486,C,176.3266808113184
9487,C,70.60899771301581
9488,A,326.3899955081198
9489,A,498.3344469069062
9490,C,123.8386568706445
9491,B,146.98979263157904
9492,B,486.2050565975864
9493,A,97.6003808997387
9494,A,260.49489305499026
9495,A,127.4295451778865
9496,A,466.85242997160947
9497,A,490.9452971423841
9498,A,409.20194459880753
9499,A,164.24406974827718
9500,B,207.70886288744745
9501,A,128.72978499654647
9502,A,446.4714038344058
9503,B,458.1335560671975
9504,B,215.24662450056312
9505,C,331.7012042524709
9506,A,91.12105808959998
9507,A,223.1185911780704
9508,A,319.4345622700138
9509,A,198.84752807382958
9510,C,185.22376758636537
9511,B,10.489506210801906
9512,B,404.1037972507859
9513,A,445.77542989050966
9514,A,485.03712947745777
9515,A,362.4429786839156
9516,C,278.90823306124344
9517,C,141.9494147062676
9518,B,499.65674322211424
9519,A,298.9788987207317
9520,A,343.76549544191863
9521,A,344.37901935810567
9522,A,424.1733799210189
9523,C,14.739544034990413
9524,B,117.9210008113722
9525,B,336.11166008330684
9526,C,448.6214110440382
9527,A,345.81600314146453
9528,B,212.61073283190328
9529,B,187.16219297642817
9530,C,371.594524058827
9531,A,373.2064715972248
9532,B,307.45841632778826
9533,A,152.81884180769515
9534,B,463.3258610113664
9535,C,280.42117163813316
9536,A,397.341254561682
9537,C,115.0110484592975
9538,B,178.57998642121666
9539,C,438.5439630297978
9540,C,34.55244467058452
9541,C,261.0345025157644
9542,B,246.03568512356443
9543,A,378.1027925649602
9544,C,148.12794759367287
9545,A,117.34274271120374
9546,B,463.8050909988845
9547,A,290.13772945964774
9548,C,61.297888458990705
9549,C,104.58771948501733
9550,C,499.42476916198166
9551,C,105.84840816357428
9552,C,309.1330005633026
9553,C,215.86275870785286
9554,B,443.9435564764193
9555,B,380.0326102247106
9556,B,302.50618416828974
9557,A,15.262101081011423
9558,A,441.09965167179524
9559,B,227.88706071097099
9560,A,466.4730499791025
9561,A,252.8141162985586
9562,C,350.1699996995355
9563,C,43.95339823865466
9564,A,375.12431022812507
9565,A,175.6180553428422
9566,B,182.16591702257261
9567,A,68.14136390760108
9568,C,81.96000283369911
9569,A,101.02193754104297
9570,B,170.82102259999695
9571,C,447.0652572600467
9572,C,190.44751673273944
9573,C,364.937726215977
9574,C,50.54627690603699
9575,A,299.63841164327636
9576,B,246.12670332251537
9577,A,489.1993940077072
9578,A,424.64180724069183
9579,C,232.86658849493838
9580,B,389.819954382216
9581,C,104.58898323395098
9582,A,285.5448004219713
9583,A,46.56333722866701
9584,C,180.5636258033247
9585,A,120.67246899486345
9586,A,362.26580950935335
9587,C,250.1444386950371
9588,A,378.02453463552513
9589,B,262.4947644394083
9590,C,52.37737665430288
9591,B,370.3301483689381
9592,A,418.28233935402477
9593,A,452.7303006972684
9594,C,290.276053200287
9595,A,379.2568259097526
9596,C,378.50172507248726
9597,C,86.31738230148272
9598,C,90.46813685518967
9599,C,44.7338978464718
9600,C,166.7576812187477
9601,B,242.01920799312163
9602,C,498.9699478495663
9603,B,221.18673761340307
9604,A,365.85886836861175
9605,C,349.764542873542
9606,A,110.19615562278399
9607,C,38.668504210223844
9608,B,277.54330825145786
9609,B,353.14974023409326
9610,B,499.1433771912654
9611,A,185.71941561777365
9612,C,449.2186354197374
9613,A,197.14690337590136
9614,B,347.81173713095126
9615,A,303.1439359533555
9616,B,35.95960871827249
9617,B,48.410329215426664
9618,B,20.174403964985878
9619,C,191.70870145105485
9620,C,375.44251389534526
9621,B,94.65014305545412
9622,A,306.86795450810894
9623,A,151.52561221522816
9624,C,400.5263857497453
9625,B,401.21411301146554
9626,A,389.95311233354755
9627,B,267.1684217626746
9628,A,149.43768793912733
9629,C,406.62758150053094
9630,B,101.18927535022834
9631,B,151.98220499404147
9632,A,100.13437601870459
9633,A,340.3629785899474
9634,A,346.2556537767509
9635,B,329.729896465509
9636,C,213.64471876368722
9637,C,59.08379352870229
9638,A,456.47309641236035
9639,C,258.78817236599673
9640,A,209.41637550643483
9641,C,298.5241976916637
9642,B,104.46731355136185
9643,A,74.94890176138846
9644,C,208.70735851439235
9645,B,121.33814010895615
9646,C,129.70224432321064
9647,B,447.3306290114794
9648,B,270.0719968210542
9649,C,246.89984151844206
9650,C,347.8450009270127
9651,B,476.2585757016024
9652,B,64.9772965905764
9653,B,418.431937883536
9654,A,296.1693981352445
9655,B,81.62102336780026
9656,A,155.6031661576059
9657,B,246.35709406772236
9658,A,348.67680084293727
9659,B,128.8774383071916
9660,B,272.09061957911905
9661,B,345.48909743377226
9662,C,229.88296791527804
9663,C,432.8827209488862
9664,B,436.03496039179817
9665,A,240.6386966438184
9666,A,486.73359810036084
9667,B,47.03669527866918
9668,C,11.647565378238944
9669,A,196.52744926392035
9670,C,304.5375600725296
9671,A,318.3080771503338
9672,B,243.458410783976
9673,C,71.19282348791663
9674,A,93.54378567606817
9675,B,427.5525120874845
9676,B,435.276454552238
9677,B,340.21028355175287
9678,C,335.46680641665233
9679,C,302.8642427336257
9680,B,109.43368399397423
9681,C,219.84284312735255
9682,A,350.9883792170556
9683,B,273.253613281636
9684,B,19.104363686998596
9685,C,477.2428352928482
9686,B,423.9598657603503
9687,A,137.66705691377155
9688,C,312.0648782314851
9689,C,462.38729802681195
9690,B,57.04539593568917
9691,B,256.4844455903833
9692,B,233.5590826646843
9693,C,211.00045258893084
9694,B,419.43841835753324
9695,A,196.5166118817541
9696,B,41.19503328809372
9697,B,42.260493660508224
9698,C,30.944857197058404
9699,B,210.48125671827825
9700,C,362.01907607219636
9701,B,109.82400634595258
9702,A,326.7695750114592
9703,A,346.673351330815
9704,C,135.049040767643
9705,C,304.2732514697083
9706,B,345.58548661315524
9707,B,238.6406751730416
9708,A,174.99113266724657
9709,B,313.3842602714204
9710,A,489.1450727907479
9711,C,219.15229059079925
9712,B,201.9501971797093
9713,C,237.49078218879555
9714,B,47.34701278807363
9715,A,281.0500070389811
9716,C,171.06171973645917
9717,C,69.49683994231862
9718,B,238.46580314751296
9719,C,11.658153421248938
9720,A,206.87477012975188
9721,C,61.81028128396074
9722,C,21.903424665892345
9723,B,413.992772659806
9724,C,458.96191360849105
9725,B,111.76057769596225
9726,B,274.25614927878803
9727,C,146.19949699418262
9728,A,251.85294494936926
9729,B,223.94934723813853
9730,C,141.83501698943797
9731,B,353.1928540212959
9732,A,71.98057006692457
9733,A,36.00566326396989
9734,B,386.1609621882668
9735,A,336.3057152981331
9736,C,254.277800831735
9737,C,239.21698753154536
9738,B,253.73157595079886
9739,A,224.14179728834972
9740,C,202.51722495727776
9741,C,254.84839541419896
9742,C,268.9724338682826
9743,B,349.03213390097426
9744,B,358.49150875967104
9745,C,195.03824926867085
9746,C,212.63485614430948
9747,A,193.11161317074928
9748,A,272.90252907659806
9749,A,232.1432335779557
9750,B,445.90226693673486
9751,C,351.21702078907157
9752,B,450.3416280396783
9753,C,357.47712586411853
9754,A,485.7861527766689
9755,A,321.5110213450819
9756,A,482.1395676998968
9757,A,87.50324630061878
9758,C,35.71406360640789
9759,A,293.771340749891
9760,C,491.91167084188965
9761,C,214.62657117817443
9762,B,113.9012474745502
9763,A,265.55531010482184
9764,A,327.91132604365544
9765,B,164.43756080278558
9766,C,360.23698566463713
9767,A,487.8061084524056
9768,C,449.5119296382023
9769,B,152.87683302097568
9770,C,170.09460474085319
9771,A,192.0551999802984
9772,C,203.3308614128862
9773,C,59.15655460470692
9774,A,383.3617910557517
9775,A,189.01623916924322
9776,C,441.1117885856716
9777,C,464.20090532885325
9778,B,21.971341560767172
9779,A,494.36650426482106
9780,C,357.91113843509044
9781,A,264.9921907365515
9782,B,200.86852810255112
9783,C,264.07388497875934
9784,C,169.0661147494378
9785,C,315.11702871130865
9786,A,55.5603354579477
9787,B,314.350075426787
9788,A,144.91897656783763
9789,C,18.64106623564972
9790,B,280.82582541981003
9791,C,293.43940036782124
9792,C,219.01881230865266
9793,A,45.42025394965526
9794,C,447.73804687405385
9795,B,309.6010955416656
9796,C,66.6995167887951
9797,C,260.3559825311323
9798,A,253.65461481475103
9799,B,39.59691570853421
9800,A,307.3612547654443
9801,C,406.07993547156656
9802,A,377.0139465817543
9803,A,109.45501294044985
9804,A,432.5233394815636
9805,A,177.84566117308194
9806,C,473.78910536305125
9807,C,45.156502470599726
9808,B,248.2422573747229
9809,A,302.5909448169991
9810,A,131.34854825255633
9811,B,387.9762924729116
9812,A,317.17888310725135
9813,B,18.873624271098222
9814,C,308.10060944115554
9815,B,250.82433486503874
9816,A,106.05430883471877
9817,B,497.9166312591695
9818,C,449.6094754655313
9819,A,153.3287705642411
9820,C,275.124751191322
9821,C,165.08604855604247
9822,B,389.9929183016783
9823,C,465.86240226626296
9824,A,185.82601738804794
9825,C,404.73628208037746
9826,C,254.2196959294704
9827,B,204.32349504267287
9828,C,469.8267075283972
9829,B,260.0982974723254
9830,B,239.0311451261578
9831,A,339.4928569615481
9832,A,138.00475849895938
9833,A,169.14850668627471
9834,A,466.7024597569251
9835,B,342.47962426410174
9836,C,415.0522024077928
9837,A,142.84476334836052
9838,A,276.4571930656373
9839,A,485.9841708248541
9840,C,166.16491052382662
9841,A,88.63347339535052
9842,C,260.3341440300853
9843,B,200.03233347518935
9844,B,88.19284406548964
9845,B,445.3901775246503
9846,C,495.45471617135115
9847,A,288.6052685380989
9848,A,389.59161650299245
9849,A,430.9288010776868
9850,A,353.4811829506952
9851,A,31.636464064748292
9852,C,87.24077354124071
9853,B,44.78470366417937
9854,A,14.841007254607714
9855,B,159.9382402910459
9856,C,202.25442063596427
9857,C,128.1045688446036
9858,A,41.65627756229726
9859,C,269.632914509972
9860,B,143.9264667789994
9861,A,400.05820588314555
9862,A,13.945784596387787
9863,B,422.83825513092904
9864,A,477.8293026835189
9865,A,360.9061809452491
9866,B,369.4855919786576
9867,A,467.44553268533923
9868,A,112.44492979717107
9869,B,497.33712842220257
9870,C,389.0057896554855
9871,B,366.0196470806189
9872,A,186.93438370769343
9873,B,277.43096784874916
9874,A,330.41971625394
9875,A,313.9680020454358
9876,B,355.44247285401457
9877,A,50.3670521484212
9878,C,184.2677320875314
9879,A,222.6600081317838
9880,B,137.7083559587336
9881,C,94.58736243191964
9882,C,78.07446515730277
9883,A,189.5278622057267
9884,B,251.7864332756573
9885,A,40.858455671863744
9886,A,473.7644663493693
9887,B,384.9692282017716
9888,B,368.1173688608786
9889,A,94.70165724447621
9890,C,305.8623763259726
9891,A,269.56522393624704
9892,C,491.40973443547995
9893,A,376.3591673392774
9894,B,292.12332302095325
9895,C,426.8982065703599
9896,B,85.99619272174765
9897,B,17.456099548578827
9898,B,348.21433337311635
9899,B,58.17261551624636
9900,B,66.5624835919195
9901,A,374.89355594802
9902,C,142.56207362565465
9903,A,318.0292956287575
9904,A,459.52939378544676
9905,A,165.0725205025506
9906,B,116.40063734156021
9907,A,62.21581303311534
9908,C,73.9265570956658
9909,A,40.48912073563294
9910,B,52.94476562657266
9911,C,221.68224851648543
9912,C,167.22387206174517
9913,C,356.214799018269
9914,C,436.4184125410309
9915,A,394.5388695397683
9916,B,270.0122557661696
9917,C,60.196636954000176
9918,C,357.78596913136124
9919,B,187.78607511616804
9920,A,51.96869301855099
9921,C,422.8085395341866
9922,A,175.7260934194277
9923,A,116.94192793066996
9924,A,437.01151166323314
9925,A,452.04559553903243
9926,C,176.09571022386433
9927,C,183.85269544787297
9928,A,294.0179785157406
9929,A,369.3863319672225
9930,B,40.943108934363096
9931,B,300.73839202235115
9932,B,476.88183027395496
9933,C,138.42600961817732
9934,B,455.32533490749756
9935,C,475.5824869739159
9936,C,141.88528407583397
9937,C,379.55891428382176
9938,C,126.9997540765844
9939,B,371.429469248745
9940,A,400.7357859315247
9941,A,131.13079481821822
9942,A,360.7760763557851
9943,B,407.93122404340403
9944,A,185.70364733238677
9945,B,92.1743602349662
9946,B,55.062637985581645
9947,B,291.9370347688715
9948,A,489.2680784646995
9949,A,413.2456568108859
9950,A,223.56142307793087
9951,C,272.9442423989297
9952,B,146.9686638517913
9953,C,89.90227500643115
9954,B,246.2197675338139
9955,A,237.11576742192074
9956,B,265.7456768738425
9957,B,476.87424692633095
9958,C,305.9086970709384
9959,B,306.82819994496316
9960,A,72.73213380192763
9961,B,498.279544426642
9962,B,388.6940226749876
9963,B,439.82963860606236
9964,C,213.0072017971871
9965,B,256.0427669349562
9966,B,265.8210664895155
9967,C,105.10632425190654
9968,C,347.849686600209
9969,C,452.45859457255375
9970,C,90.21585088782531
9971,A,52.295954008220605
9972,A,371.7272637147677
9973,B,143.86889751976122
9974,A,315.6926453924914
9975,B,350.92158561616856
9976,A,167.73627415509267
9977,C,409.4208527386343
9978,C,279.4946012359663
9979,A,435.80970989638337
9980,A,384.01384075388427
9981,B,435.6020596983524
9982,B,19.879077237768104
9983,B,129.3180677619114
9984,C,54.103890818509925
9985,C,226.62067842278108
9986,C,446.0804595915059
9987,C,239.0947285107659
9988,B,426.3593918443931
9989,C,170.31733662946576
9990,C,176.3893356745737
9991,C,448.82524786017
9992,C,218.65040179073375
9993,A,396.9850890193865
9994,B,125.95533846213165
9995,B,474.91240654204137
9996,C,291.54334079997983
9997,A,382.0685486034169
9998,B,53.862692899493894
9999,B,251.40547065695907
10000,C,451.5088638896714
10001,C,439.7489282312192
10002,B,32.9388390447715
10003,B,158.8122498731839
10004,A,227.22680317474925
10005,B,94.40975903433623
10006,B,367.6991723850855
10007,C,100.41087784336867
10008,B,179.85345024124422
10009,C,335.00751206033095
10010,B,246.22377881699518
10011,B,371.899808931098
10012,B,480.99187159920126
10013,A,67.10787698044678
10014,C,357.68818103504987
10015,A,122.86863625973612
10016,B,213.09359642970892
10017,A,26.102735639618516
10018,C,76.59461732342248
10019,B,166.69087163396085
10020,A,177.57304459111262
10021,A,450.79675606642695
10022,C,373.4883255405924
10023,A,486.3696544116501
10024,C,303.5450400642679
10025,B,128.4397287247458
10026,B,170.550964661605
10027,A,166.71960241306388
10028,B,169.9822205549933
10029,B,339.7524448247897
10030,A,270.09588476430395
10031,B,198.85784726245572
10032,A,83.05398667707114
10033,C,20.848189841651497
10034,C,117.22899201796938
10035,C,62.66098794465382
10036,A,394.86806511759727
10037,A,65.12399932880385
10038,B,364.8718362803497
10039,B,198.97275799028048
10040,B,45.955410974450224
10041,B,408.23772422147704
10042,B,294.0189794159405
10043,A,125.5231413031508
10044,A,448.3937754230073
10045,C,32.17657379657021
10046,C,108.89160801690382
10047,C,378.5029946248719
10048,C,357.5951858518457
10049,A,151.74312992499424
10050,A,40.392188922863724
10051,A,430.45825539022246
10052,B,163.71184265425228
10053,B,105.89957331484996
10054,C,262.87029295687876
10055,B,456.0113276483992
10056,A,31.337823143253917
10057,C,385.24400313513496
10058,C,290.51188168996737
10059,B,218.4700671103903
10060,C,374.5994176114794
10061,B,483.25396797639985
10062,B,122.3110434697186
10063,C,80.38720888533861
10064,B,457.31205515912154
10065,B,337.78700795407883
10066,B,224.61315056536333
10067,B,290.8971894294987
10068,C,375.35081353635957
10069,A,388.7856303658014
10070,A,460.74814860129266
10071,B,219.1529665588551
10072,B,153.77134590950357
10073,B,323.4354907270225
10074,A,213.70667064696988
10075,B,301.3532424349992
10076,C,215.7930412434156
10077,C,84.9679354723055
10078,C,240.0191083128896
10079,A,348.5497327511061
10080,B,401.64906575714843
10081,B,251.72987563030796
10082,B,90.96656620309645
10083,A,213.19697772822147
10084,A,395.28402513243213
10085,A,212.3010426023657
10086,A,351.30008886606896
10087,C,258.534704022264
10088,A,128.19933130360437
10089,A,400.1137489313064
10090,A,51.264592494636645
10091,B,267.1962385500238
10092,B,112.35660677926842
10093,B,42.862157985274074
10094,C,256.4376291707919
10095,C,254.78545640811257
10096,A,356.38144182110324
10097,B,374.9278395954334
10098,C,366.61782945951944
10099,B,210.68377912920997
10100,C,319.5279957410157
10101,C,292.70316889554056
10102,A,216.5652604972906
10103,A,302.6342201511367
10104,C,474.15145958606865
10105,A,104.5179344038749
10106,C,453.82832693490786
10107,C,36.1932018517672
10108,B,161.11071432181373
10109,A,151.19117181964884
10110,A,316.9189028616438
10111,A,74.30022637087225
10112,B,442.35032980147935
10113,B,415.99019014787024
10114,B,329.5122516457861
10115,A,234.6227775781769
10116,A,467.1484606496184
10117,A,417.0658118130724
10118,B,254.66442255981
10119,B,353.9179436826125
10120,C,287.79567656804545
10121,B,298.09169681024963
10122,C,172.17827402436092
10123,A,236.4214562661994
10124,B,48.27950108697466
10125,A,185.10085891565032
10126,A,350.95597252745443
10127,A,477.0758549480313
10128,A,481.9014152538799
10129,B,282.3042058711969
10130,A,307.2449033866952
10131,C,101.00338089547408
10132,B,350.70097296583003
10133,A,44.62280841044926
10134,B,149.49598604172783
10135,C,337.49804016986667
10136,A,162.05196445630975
10137,C,34.42496831608261
10138,A,417.6165005819723
10139,C,162.0617034959359
10140,A,40.92156018075242
10141,B,46.64620060640394
10142,A,133.36181140648927
10143,B,97.22781413854786
10144,A,389.4070577122739
10145,A,167.62518286684687
10146,C,404.3009346695179
10147,C,95.18453893334487
10148,C,251.51079797660105
10149,A,347.13819544103313
10150,A,329.4755183942689
10151,A,304.55341086583167
10152,B,463.1625849462732
10153,B,121.97732237630474
10154,A,251.92241018643165
10155,C,443.1563495354803
10156,C,48.16794514162695
10157,C,37.38525144400687
10158,A,124.31812090356279
10159,C,320.1803975736291
10160,A,137.34101696040537
10161,B,103.21754306631149
10162,C,234.81313452556313
10163,B,310.6630536970116
10164,C,131.79327643820278
10165,A,157.33868149463362
10166,A,310.6440593576418
10167,A,473.4118267748318
10168,A,340.6234464446632
10169,C,393.62303035643436
10170,B,189.7369464301797
10171,A,143.40463609838838
10172,C,232.59119416928505
10173,B,405.4950860687201
10174,A,233.58682447737235
10175,B,424.8954503070319
10176,A,494.4982705406123
10177,B,45.293066207864804
10178,B,32.25097648101481
10179,A,83.29895442754729
10180,C,198.34114110982964
10181,B,74.21068248126188
10182,A,436.62559403319045
10183,B,21.341663003261264
10184,B,164.73843100455304
10185,C,100.50036845216061
10186,B,466.45427177719085
10187,B,338.0456923961137
10188,A,456.8948256611735
10189,A,486.44106805209276
10190,C,253.5781394019109
10191,B,124.81636294353287
10192,B,104.92710523632876
10193,B,119.23024222606186
10194,C,357.21072073478143
10195,B,29.81840678027036
10196,A,35.16692578603028
10197,C,307.9900417677435
10198,A,324.6080019013292
10199,A,335.9788329180054
10200,C,192.2214472484097
10201,A,404.912995469935
10202,B,271.4760479860426
10203,C,61.67815870461553
10204,A,400.57866046299915
10205,B,477.0032152725246
10206,B,39.41779337115575
10207,A,201.76215596328416
10208,B,248.88286196902635
10209,C,81.7706724383753
10210,A,435.1773844136098
10211,B,149.23332599612158
10212,B,393.67418456969847
10213,A,338.78729619387485
10214,A,303.0424530088415
10215,A,104.14999586131165
10216,A,118.14472506994379
10217,C,33.20071832581897
10218,A,127.94909059331052
10219,C,179.2673686356519
10220,C,418.24119889258844
10221,A,189.5324066902546
10222,C,379.76467355514717
10223,A,225.32671783478892
10224,A,394.5854728770053
10225,B,488.3730842141495
10226,A,127.52236344821426
10227,B,432.5473898622993
10228,C,314.6938022898296
10229,B,410.47418817844084
10230,C,329.27709211122453
10231,A,217.73525856433358
10232,C,121.75672032647728
10233,C,44.31726041227086
10234,A,272.4039985857513
10235,C,495.2597863181641
10236,A,371.6404844569611
10237,B,170.39931528551813
10238,A,415.3303520425003
10239,A,386.8021600864392
10240,C,148.00153874319383
10241,B,17.010669999174993
10242,A,67.8996928816353
10243,B,439.8800332529082
10244,B,419.9158872993872
10245,C,154.6524104303976
10246,A,149.745758879366
10247,C,398.5038436802108
10248,A,469.4913602487568
10249,B,391.77725583082395
10250,A,306.73355174507316
10251,A,128.9089616625842
10252,B,267.61647790667774
10253,B,124.42081071069967
10254,A,405.92559584741906
10255,C,199.61092896369126
10256,A,418.51163632707284
10257,B,196.9885168115354
10258,C,413.83320854794675
10259,B,173.32572943096855
10260,B,225.66502526265822
10261,C,311.5893254779022
10262,B,44.440930874660154
10263,B,474.62146028957756
10264,B,291.06683520066355
10265,B,258.83180719849315
10266,B,421.30304584875694
10267,B,434.2237376494455
10268,B,265.90759821921785
10269,B,464.3585396388823
10270,B,41.72150537747551
10271,A,65.48063820309659
10272,A,302.42623270707566
10273,B,183.492272278856
10274,A,237.47033143270744
10275,C,170.7588167696116
10276,A,208.31540260801845
10277,B,413.09671010168677
10278,B,300.80333792860927
10279,A,498.6988291489141
10280,B,395.57080693227186
10281,C,144.09646450989507
10282,C,139.52910768608115
10283,B,174.5901523573335
10284,C,423.19714551739395
10285,C,23.370948818777144
10286,A,122.78882664691628
10287,C,453.41002596869083
10288,A,323.54925368079347
10289,B,121.15507679551764
10290,A,117.38103443396437
10291,B,432.682869862121
10292,B,447.9411790557528
10293,B,135.50423457143648
10294,B,216.0500754575008
10295,B,418.9519119278754
10296,A,387.7936449188438
10297,B,408.8188922173814
10298,C,264.0151134861047
10299,C,456.65903366953484
10300,B,169.71625653767327
10301,C,86.76934583028384
10302,A,357.27884295678376
10303,A,274.2836638433792
10304,B,428.7470267166457
10305,B,49.768032071110326
10306,B,423.40927768465275
10307,C,153.71438007232288
10308,C,330.8792769124097
10309,A,29.663106648345337
10310,C,308.69483518876433
10311,A,361.46312770179463
10312,C,190.68760510775394
10313,A,115.55124557844871
10314,B,273.43903153573706
10315,C,418.2634941734668
10316,A,168.5382055653589
10317,C,133.70995578542698
10318,B,146.67830123246696
10319,A,475.0747549291656
10320,C,186.04568872463423
10321,C,11.766077545260716
10322,B,393.02379190021367
10323,B,352.6446497143412
10324,A,72.99844965545475
10325,C,492.6030820761071
10326,C,307.9505197995045
10327,B,255.38195056089472
10328,B,197.28744113521662
10329,A,450.3496502261826
10330,C,129.542105895096
10331,C,150.02676110775192
10332,A,69.98129527641778
10333,A,381.9683568362874
10334,B,301.8191473988681
10335,B,308.44242293470415
10336,A,117.05051119953717
10337,A,329.0725106722711
10338,C,385.0746391509633
10339,A,185.36538005558774
10340,A,402.660100541239
10341,C,180.90738838069026
10342,A,381.4878461395509
10343,B,26.527752654282303
10344,B,280.0706547220898
10345,C,485.06801471354447
10346,A,490.80985433437144
10347,B,148.0587633874529
10348,B,226.2855546293742
10349,B,40.8591749134502
10350,B,437.93724072625383
10351,A,288.60035503870495
10352,A,198.69933268085333
10353,A,65.25757365968501
10354,A,473.9159698934757
10355,B,269.8073334322869
10356,C,148.6346852506229
10357,C,181.60541376443967
10358,B,142.64161865185235
10359,B,304.8868063399205
10360,C,465.68215213244986
10361,C,429.77996363001654
10362,B,235.58662895872897
10363,B,414.98468752749386
10364,A,217.32168582540163
10365,A,133.63049897173264
10366,C,491.87340648054965
10367,B,158.9049083057027
10368,C,168.62487318358512
10369,A,494.9495052153959
10370,A,75.6244716511709
10371,C,382.6616541247506
10372,A,468.54825165653597
10373,B,260.77954719495517
10374,C,11.235663234381818
10375,B,193.77888261542208
10376,B,64.66880626856528
10377,A,213.9319538575109
10378,B,397.1131132047195
10379,C,224.96865895306223
10380,B,221.64330945950203
10381,B,282.82684369023485
10382,B,295.0283865263633
10383,B,429.585191311496
10384,B,161.09416522218623
10385,A,412.6189195403278
10386,C,287.30753685910315
10387,A,157.25947936140201
10388,C,154.6117615629778
10389,C,186.95738338180502
10390,C,315.119688883788
10391,C,123.09774836637509
10392,C,460.963445219411
10393,B,291.7071662471712
10394,A,460.80773072804334
10395,A,32.7381357037858
10396,B,177.87957152612196
10397,C,21.175753736935306
10398,A,143.4033893980052
10399,B,432.3831714116082
10400,B,27.938760762678417
10401,A,223.71207895871498
10402,A,67.60786453188162
10403,C,214.25192303758018
10404,C,421.0372762895449
10405,A,315.3048063672344
10406,C,371.01060921239736
10407,B,181.06101657029467
10408,C,472.75487055496933
10409,C,357.53842595195505
10410,B,216.68142144942013
10411,C,218.9677521112569
10412,B,460.1552471922158
10413,C,292.43829978334196
10414,A,356.1258128524904
10415,C,214.34726001145367
10416,A,119.60945473470991
10417,A,364.5440530772651
10418,A,307.83364834928005
10419,A,255.6580114081419
10420,A,315.7702605972873
10421,B,112.05993717147449
10422,B,399.0299662006586
10423,B,474.59977445994986
10424,A,446.64054064217436
10425,C,167.5035152004384
10426,B,208.94282890821717
10427,C,406.117126900805
10428,C,301.60739410405586
10429,A,278.4780774015581
10430,A,464.05456409138816
10431,A,272.6522308787549
10432,B,262.31995299778185
10433,A,30.58910972051623
10434,B,44.01430970916744
10435,B,13.635950861518587
10436,B,457.4896706339805
10437,B,210.10946340867332
10438,A,239.59507430537215
10439,B,424.2396043203064
10440,A,308.5306920841312
10441,A,308.65578223138476
10442,B,155.3018703838581
10443,A,418.61510322301444
10444,C,91.25668825935196
10445,A,36.04330016474447
10446,A,103.88564518408083
10447,B,141.1912371995367
10448,B,148.3324183485613
10449,A,338.5516633231961
10450,B,116.73404779103532
10451,C,341.5625692025424
10452,C,54.65476488456187
10453,B,82.12920593797541
10454,A,259.32250976058754
10455,C,461.7289432625549
10456,C,431.18811851744584
10457,A,484.68918679697356
10458,B,328.73474198630373
10459,C,341.1492845438851
10460,A,316.2612694764311
10461,A,315.1812722005167
10462,C,82.08896908311648
10463,B,276.432088520325
10464,C,199.1732873913456
10465,A,226.84323573087377
10466,C,266.5642807990263
10467,B,72.91412418310328
10468,A,186.14898958753872
10469,B,41.090284829535754
10470,C,490.03738390697555
10471,C,68.0787341218618
10472,B,136.6771218870277
10473,C,446.73353408466465
10474,B,246.5279226571795
10475,C,76.46222874510885
10476,B,198.27296363928096
10477,B,66.77531715377906
10478,A,108.10583857140587
10479,A,35.49462500542406
10480,B,224.73147232905896
10481,C,405.2516996453773
10482,C,297.1248975629488
10483,C,307.10919968745975
10484,B,108.28617474078776
10485,B,178.50798319365958
10486,B,424.1686308820077
10487,B,53.04953031999212
10488,A,430.3860202975815
10489,B,247.00811286974496
10490,C,420.2022413493075
10491,A,165.82314550325617
10492,C,176.0330462756802
10493,B,378.28638547834
10494,A,394.64812496218786
10495,B,122.52589221517191
10496,A,486.70694916273374
10497,C,51.400151079966186
10498,B,43.56645192004414
10499,B,301.79706549019033
10500,A,364.1429762080945
10501,A,480.8342033202372
10502,B,208.42343259144218
10503,A,22.392790404920227
10504,B,305.4192063287394
10505,A,151.9510500933982
10506,C,222.1440893857471
10507,A,249.3500463024683
10508,C,41.61117926163658
10509,A,248.13107443641036
10510,A,218.89663673411422
10511,B,359.1466899904307
10512,A,326.37629649404886
10513,A,100.75570189377491
10514,C,111.00806992309452
10515,A,132.99302759944288
10516,B,97.68571574561689
10517,C,332.0344678375489
10518,B,497.2707878081326
10519,B,329.53308685280894
10520,B,307.2739576337327
10521,B,210.86468734202552
10522,C,163.16432684128276
10523,A,456.4261408841748
10524,B,484.81091832965495
10525,C,253.42032603798663
10526,B,152.19824279821316
10527,A,387.3598817581862
10528,C,74.90382752477043
10529,C,385.13823644540395
10530,A,411.284703412556
10531,C,71.202932867312
10532,A,488.66211971031623
10533,C,492.90102229035443
10534,C,468.99254487040207
10535,A,253.05705660906952
10536,A,130.57632971564595
10537,C,295.18454763213737
10538,C,215.76758085100352
10539,A,110.91483591142658
10540,A,217.60144071274533
10541,C,335.30601948201934
10542,C,44.74752228513562
10543,C,173.3748207085481
10544,A,18.719496106284346
10545,C,377.25279767622106
10546,B,323.9387211321834
10547,A,40.709346003963276
10548,C,482.72140420496424
10549,A,21.08456299227933
10550,B,299.0807167732834
10551,A,390.42005628153737
10552,C,396.06919339191427
10553,B,26.799716440669854
10554,B,454.14341499381527
10555,C,460.04131924428987
10556,C,285.0812828456426
10557,C,246.22076745470162
10558,A,31.985056900673907
10559,A,285.35752982983564
10560,A,210.59575006741306
10561,C,388.6751396302415
10562,C,207.90294777418305
10563,A,344.95460832910777
10564,B,59.68999165639009
10565,A,75.1466126753238
10566,B,78.4579934180876
10567,C,32.30749490187432
10568,C,275.25114104220387
10569,A,399.04418576138164
10570,A,309.1014898098964
10571,C,291.72789392089953
10572,A,343.50572491734084
10573,C,176.42620830528725
10574,C,187.35749510763216
10575,B,163.99234812825205
10576,A,358.93337709825204
10577,C,89.2037644786794
10578,A,16.382387353332945
10579,B,302.1362588940213
10580,B,471.7668687197607
10581,A,308.6098793281893
10582,A,393.6316099410386
10583,C,339.66744763835476
10584,B,253.74396022627795
10585,B,362.01227687408453
10586,B,413.8110206890587
10587,A,120.11850564413201
10588,C,174.70393543674132
10589,A,119.62560892660909
10590,A,231.5647482393161
10591,A,443.68162994916713
10592,C,179.15147940931286
10593,A,193.48877567397116
10594,B,431.57994498924654
10595,B,262.53342206489083
10596,B,272.3700098272429
10597,C,431.7925896327843
10598,A,250.35810114248187
10599,C,343.9631919684037
10600,A,51.96588627828975
10601,B,97.5295394321738
10602,A,208.14433835096034
10603,A,252.47114323173867
10604,A,483.2095136057524
10605,C,485.61930019341713
10606,A,427.0865728645932
10607,A,164.64342928993153
10608,A,482.37386250789547
10609,C,347.77702369134414
10610,C,202.54066263052619
10611,C,353.8207093225355
10612,A,18.096137595398027
10613,B,81.61579431436465
10614,B,416.5459986626202
10615,B,326.33108206785386
10616,A,188.45540363302317
10617,B,255.32665370913222
10618,B,453.51965332642584
10619,B,319.4732736447524
10620,A,205.09314912782182
10621,B,68.96006212479216
10622,B,153.9359327965249
10623,A,489.3867140703258
10624,C,224.307900797371
10625,B,241.20133728398181
10626,C,254.31303587453755
10627,B,443.21097124462347
10628,A,305.9248593488018
10629,C,349.90174786144183
10630,C,200.81263584906094
10631,C,24.252933108597432
10632,C,466.1767279789937
10633,B,475.0725636490391
10634,B,475.08499614054506
10635,C,472.4066724568911
10636,B,409.4685511240849
10637,C,345.45206455700014
10638,C,423.80985995096995
10639,A,304.26765711050774
10640,C,75.84111080709157
10641,B,201.6969008702963
10642,C,485.93450686673935
10643,A,182.0575286618716
10644,B,435.23567772837106
10645,A,55.673620679686096
10646,A,173.75008276398012
10647,C,181.967129116416
10648,A,35.28524612340028
10649,A,68.35622179150994
10650,B,104.65095344966778
10651,A,420.5296394969553
10652,C,41.06697507050513
10653,C,156.36344165874974
10654,C,14.985751268741081
10655,A,350.85759524748215
10656,B,313.9485141212561
10657,C,326.0413084060395
10658,A,193.44756451016318
10659,C,112.05123242110884
10660,C,362.95690451015633
10661,B,407.4477576429406
10662,C,77.91473406811886
10663,B,248.54641968933646
10664,A,131.87068416964263
10665,C,92.37236199100552
10666,A,369.81940361254954
10667,A,273.6674983816901
10668,A,115.93081286554721
10669,C,161.9000054936571
10670,B,483.66029895059376
10671,C,425.85298670719277
10672,A,441.1739040078329
10673,B,235.40592756954692
10674,A,315.6655593212288
10675,B,194.6161927001617
10676,C,48.078868087556366
10677,B,206.52396222182344
10678,C,301.0505690715009
10679,A,150.7006926763844
10680,B,425.4957816164337
10681,A,84.03907799555333
10682,B,189.89325382409075
10683,C,71.20291360885943
10684,B,208.36774565276042
10685,B,29.43403943739252
10686,C,143.54920358020627
10687,C,206.360275005705
10688,C,244.30102800557887
10689,B,276.4112156528195
10690,A,144.74565359706025
10691,B,266.2902539612875
10692,B,259.4122645654093
10693,A,164.92724492934212
10694,C,416.79816202167433
10695,B,277.3641520308469
10696,A,172.81216218580704
10697,C,474.19587091958044
10698,C,424.1050824048689
10699,B,491.4680276603824
10700,C,349.19459857625617
10701,C,195.32922369796296
10702,A,147.62172667271605
10703,A,335.0257434004957
10704,C,490.6001254226988
10705,A,317.0903892508859
10706,C,441.99132108502073
10707,B,171.26068121340663
10708,A,209.40735341238525
10709,C,454.0748673987831
10710,C,380.8646839593312
10711,A,490.89105698027385
10712,A,389.6344627687985
10713,B,229.77269653693355
10714,C,270.2233297129579
10715,B,451.25259130693695
10716,B,280.30690068804347
10717,B,135.14471334057816
10718,A,223.45370825727522
10719,B,262.99483453606774
10720,A,57.392718440053486
10721,A,374.4437103839162
10722,B,63.583427343936776
10723,B,208.40967955071477
10724,C,404.2649963547982
10725,B,239.1094771905155
10726,C,422.5876046620689
10727,B,177.52184780749636
10728,B,479.24178405923334
10729,B,112.63953158456542
10730,B,28.749431044757642
10731,C,437.4890060653051
10732,C,378.5793308157
10733,B,123.67208016301267
10734,B,492.5233874969702
10735,C,256.1172633415787
10736,A,476.02206567064013
10737,A,257.4640979796296
10738,A,241.2185475179326
10739,C,230.07788320078788
10740,C,174.0888853051456
10741,A,271.5137336165103
10742,A,231.75178435479825
10743,B,28.005969545541525
10744,C,137.61326437751623
10745,C,114.43017205172362
10746,A,435.0434451373226
10747,A,303.4462888411523
10748,C,384.2047192203664
10749,B,478.8447584971475
10750,A,325.5792435379409
10751,C,491.47889578832473
10752,C,162.7643853095435
10753,B,101.27091933331799
10754,B,207.6218451165266
10755,A,240.69171331854594
10756,A,448.72715599776666
10757,A,284.3708151279714
10758,C,153.16868971482833
10759,A,373.89079860508525
10760,C,257.85764919814477
10761,A,89.44465318483338
10762,B,292.6416959197136
10763,B,456.5833230355691
10764,C,422.88508256315185
10765,B,297.5368865913122
10766,C,194.77075520364417
10767,C,52.619588021463464
10768,B,240.12797243249565
10769,C,378.5189243894938
10770,B,186.5341226691752
10771,A,125.36894452031557
10772,A,466.3760624427672
10773,B,412.5622932244163
10774,B,322.7550535158709
10775,B,77.0238385210545
10776,B,81.00533179902479
10777,A,60.577599813331695
10778,C,311.9853667774442
10779,C,66.62577027193464
10780,A,422.8873274426902
10781,C,496.5528508914678
10782,A,189.51061050724599
10783,C,232.29822501387775
10784,B,358.71691672298255
10785,B,469.20497309962525
10786,B,448.1059490426287
10787,A,38.219996087425805
10788,A,92.84518325281486
10789,C,379.7526272933182
10790,C,347.5576229358992
10791,C,75.2771110796604
10792,A,256.01164518076814
10793,C,392.59916923179486
10794,B,117.20253430871989
10795,C,436.9309415099865
10796,B,35.956169661980304
10797,A,393.2755916833562
10798,B,311.75126089703645
10799,B,164.44767986063107
10800,B,363.2569486875366
10801,A,393.35923962406827
10802,A,467.61049593894495
10803,A,190.20958935558917
10804,A,346.14820063017794
10805,C,305.2819756979985
10806,A,267.35097403397333
10807,B,446.30407233596856
10808,A,11.551983927816158
10809,C,148.23468699076284
10810,C,273.75584737696676
10811,C,97.36369820191065
10812,B,454.85460152905154
10813,A,327.3216076303775
10814,A,244.16266736967506
10815,A,409.20386194266075
10816,B,230.93423381790086
10817,B,283.73997584570463
10818,C,11.34798782142129
10819,C,189.19325979558604
10820,A,78.00733145197518
10821,B,347.94745352452264
10822,B,244.72320989810956
10823,A,157.8612030526131
10824,A,239.2378462921538
10825,C,112.71864509615963
10826,C,463.2924499182089
10827,C,36.44658994994737
10828,A,434.054347295099
10829,A,260.565806479342
10830,C,313.28378310802043
10831,C,158.27675424526487
10832,B,483.68183222921743
10833,B,148.10696967455002
10834,C,298.5502185987491
10835,C,496.77418550249314
10836,B,441.7362542278884
10837,C,272.80161439019196
10838,B,495.2835162539339
10839,B,353.67123224898114
10840,B,112.26320390948658
10841,A,208.74214311354513
10842,A,173.90173366566
10843,C,178.5667170528827
10844,B,382.6236552863345
10845,A,296.28883436366885
10846,C,28.665428678868984
10847,C,439.94975698897827
10848,C,155.43010883528063
10849,C,498.5666896874404
10850,C,477.553457864045
10851,B,470.86005117416295
10852,C,407.4525259913471
10853,B,118.10053252493586
10854,A,270.9900445741032
10855,C,119.90828714423755
10856,A,137.24097323858513
10857,B,309.3663670237759
10858,B,30.008437223001057
10859,A,485.03469774214676
10860,C,460.14985456320255
10861,C,196.57611035728272
10862,A,262.5569995233874
10863,A,238.3985154412019
10864,A,442.2778915225602
10865,C,347.4149193948944
10866,C,146.27451123793466
10867,C,228.95221468799548
10868,A,220.19332808651424
10869,C,480.07423245912014
10870,B,95.90234615217342
10871,A,53.89240527427023
10872,C,441.5032277592282
10873,A,449.3761348578767
10874,B,437.1521530769607
10875,B,260.3786886565226
10876,A,333.2747698520356
10877,A,286.0478933048821
10878,B,44.02943476665645
10879,A,301.959099481354
10880,B,16.67093215548943
10881,B,169.24383068297223
10882,C,466.82336217785183
10883,A,158.98218212154572
10884,A,470.51505489568143
10885,C,132.56563900312966
10886,B,164.13549782615092
10887,A,317.9196732548912
10888,C,383.19721666675446
10889,C,255.68000632239318
10890,A,442.23668672513617
10891,C,29.71780658920343
10892,B,461.8754709308416
10893,C,106.19082194874993
10894,B,443.27698509148144
10895,B,206.42295794832646
10896,A,418.05095737680847
10897,C,339.1161194038106
10898,B,96.21139991434843
10899,B,459.8433092419097
10900,C,130.30352133934525
10901,B,129.62865816054955
10902,C,408.94765935231646
10903,A,61.8778952305353
10904,B,118.79759412152556
10905,B,256.80201097632056
10906,C,416.9337440564459
10907,C,82.26714762126107
10908,C,278.3574349110497
10909,C,358.50788998344035
10910,B,431.69166011081614
10911,A,468.4271244990876
10912,A,394.4735580897769
10913,A,329.88591512878094
10914,A,222.47384180325528
10915,C,64.93397555232562
10916,B,357.77122433750543
10917,B,496.4412791929886
10918,B,371.01269141872893
10919,C,18.188435931485877
10920,B,253.167389240501
10921,C,311.17684991662287
10922,B,347.9403585403931
10923,A,362.6656594443472
10924,C,283.4731361960968
10925,B,119.44656303977773
10926,A,471.6783241235079
10927,A,351.3665691551943
10928,A,126.05161806601063
10929,C,167.93769781243373
10930,C,461.74455860888116
10931,B,444.8677414865945
10932,A,208.52175479546392
10933,B,28.77053877581098
10934,B,33.76371075802971
10935,A,149.11996255001063
10936,B,318.2698874761097
10937,C,296.2553713139353
10938,B,320.5756156025319
10939,A,361.4686562467323
10940,C,19.32580426044182
10941,C,61.491941634497
10942,B,186.1468913953342
10943,B,85.88139878557506
10944,C,46.906820846831536
10945,B,324.07255403869266
10946,A,409.5148739706385
10947,B,378.7870621427984
10948,B,410.3494915184978
10949,C,336.26970658835984
10950,B,370.31920768895907
10951,B,143.17159936206764
10952,B,496.5739377792405
10953,A,99.75117070200469
10954,B,115.10199845079742
10955,A,151.57169758976497
10956,A,487.91289075222363
10957,A,494.26140878341397
10958,A,399.4979373561838
10959,C,318.2382232942205
10960,A,264.8306618404606
10961,B,485.6042143865544
10962,A,350.8551734005413
10963,B,472.9177628797548
10964,A,165.1098917440357
10965,C,173.54964821208716
10966,A,428.81505111803347
10967,A,83.42891108679424
10968,C,473.50465203507713
10969,A,258.66243378506965
10970,B,463.9428005060119
10971,A,175.0284664756484
10972,A,360.81986302830455
10973,A,246.60880976661792
10974,C,317.1337788202818
10975,A,257.1425216381846
10976,A,483.8866525119671
10977,B,349.1316449288194
10978,A,133.14629462689456
10979,A,455.74169173349145
10980,A,154.07457169600113
10981,A,192.08649865741958
10982,B,60.04061202990455
10983,B,450.9835947001335
10984,C,150.19489138165287
10985,A,136.86963278637734
10986,C,460.92867301752744
10987,C,404.70816257846633
10988,A,79.12867154449346
10989,B,386.96900691280354
10990,B,457.38621804635744
10991,A,48.47049692326452
10992,A,414.3553475032408
10993,B,278.23582541779746
10994,A,337.90675019561235
10995,A,251.4986260634191
10996,A,351.9235116035865
10997,B,26.707952216709074
10998,C,383.726294379409
10999,C,26.338411950889622
11000,A,233.0969253961983
11001,B,83.97284663384448
11002,A,413.55139590214054
11003,B,163.6938454960776
11004,A,232.50583685612293
11005,B,220.08786323617267
11006,B,388.5259631855062
11007,C,245.760736300028
11008,A,396.5895841550696
11009,C,46.01905563331087
11010,C,103.8810442724676
11011,B,280.25178232671675
11012,A,474.07327912882056
11013,B,46.631344893672356
11014,B,31.11126591686351
11015,B,86.70983071464929
11016,A,324.16503314147667
11017,A,205.5065291684211
11018,B,414.52066591466627
11019,A,45.247244225869245
11020,B,106.24290253920353
11021,A,157.01293867779887
11022,A,317.09774247750477
11023,C,345.73461824775814
11024,B,70.85961404224918
11025,C,472.46430740595235
11026,C,177.1116262432025
11027,B,359.4526938701387
11028,B,266.8617822843724
11029,A,119.15147563808225
11030,B,424.6518783265514
11031,C,410.93663381404565
11032,C,204.07520841917815
11033,B,298.4177169899892
11034,C,136.33459100861046
11035,A,348.02729808568773
11036,C,161.42313818401138
11037,A,423.5985798472951
11038,C,116.51870109586442
11039,A,17.25367718104743
11040,A,141.56894056428004
11041,B,103.61571836514848
11042,A,259.06035546521287
11043,B,109.81461291172239
11044,C,383.96303665255243
11045,C,128.27161262196194
11046,C,356.4144081572013
11047,A,293.45075227672476
11048,C,493.26242967122334
11049,C,499.9514787345235
11050,B,436.0677808254917
11051,B,382.39185095638805
11052,C,199.36364286028112
11053,C,379.10559629433874
11054,A,478.77101316895045
11055,A,21.455011943767637
11056,C,273.578203096892
11057,B,116.81916915033295
11058,C,283.35939477573675
11059,A,238.55907398185667
11060,B,292.1266049606194
11061,B,279.97148849517487
11062,A,480.4524491925954
11063,C,280.57119337802067
11064,C,424.65372318118494
11065,C,166.7119405324148
11066,A,224.66933750761396
11067,B,240.50260326195684
11068,A,146.57674123433605
11069,C,196.09722812419807
11070,A,303.27140893871984
11071,B,294.2920040192209
11072,A,321.85331884100543
11073,C,182.39077855586913
11074,B,164.75743262499796
11075,A,309.6927625495399
11076,A,75.10225672948724
11077,B,133.9854563307486
11078,B,30.642591106967654
11079,C,45.579317772079264
11080,B,129.25780683769835
11081,C,19.56934734549032
11082,A,130.25119012285614
11083,C,330.93839830039275
11084,A,39.942468449777195
11085,B,224.00097211937407
11086,A,457.4233055905792
11087,B,397.72956617344647
11088,A,159.66437612448004
11089,A,463.15468480390706
11090,A,171.52678340638516
11091,A,45.53259320540562
11092,C,497.08741881637565
11093,A,436.3110383226941
11094,C,238.30706381753524
11095,B,336.5244968542779
11096,B,338.9017581497684
11097,C,105.29629305792557
11098,B,108.02383024527983
11099,B,240.09454464239462
11100,A,456.670838667472
11101,A,14.896949680699683
11102,A,393.42776161518606
11103,C,38.188124020180524
11104,C,244.32883629272774
11105,B,322.55768820600343
11106,A,346.51204087040776
11107,C,38.65483917179658
11108,C,215.11577251814444
11109,A,296.0802576461391
11110,C,42.36231327994339
11111,A,76.19633273170179
11112,B,335.18800485697886
11113,B,265.6027163294193
11114,B,89.29604402146236
11115,A,272.2672750882194
11116,C,457.2192629877637
11117,B,17.637916539928327
11118,B,324.8905490080688
11119,B,46.08871295661755
11120,C,13.160227052703416
11121,C,83.82069944371057
11122,A,217.22424960842045
11123,B,403.14855950115697
11124,C,148.07489333623374
11125,A,316.5798740704917
11126,B,211.46675259810027
11127,C,124.8225780633439
11128,C,261.98108599860075
11129,A,400.7576002825854
11130,B,417.92126132751065
11131,B,424.794570619846
11132,C,175.8933281519399
11133,B,398.79347171071896
11134,A,113.96744300336486
11135,C,371.8282996090128
11136,C,474.7083688735822
11137,A,16.734478998569024
11138,C,225.77832627761103
11139,B,327.40778432286226
11140,B,353.870127538901
11141,C,96.28300155190908
11142,A,486.3698048669105
11143,A,311.4800303057768
11144,B,90.52689460185121
11145,A,20.056030739132492
11146,C,393.7994574069902
11147,C,49.055322328274954
11148,B,79.1149513244159
11149,B,291.6667131592884
11150,B,305.7176966903137
11151,A,346.57468811027525
11152,C,202.82186620517416
11153,C,389.2103477937432
11154,C,487.43571381178543
11155,B,142.8365221091427
11156,C,354.4840221035935
11157,A,464.94963967362685
11158,A,346.28051368235094
11159,C,343.74365433568715
11160,B,119.64855885175123
11161,C,272.21379815664955
11162,A,285.6361933662443
11163,A,353.0634856034169
11164,A,498.4425104491295
11165,C,26.48547304644342
11166,A,41.96400402106855
11167,B,48.19553402115019
11168,C,374.05977589958883
11169,C,76.81335960427118
11170,A,315.00141850026915
11171,A,169.08775016779464
11172,B,234.08677854324839
11173,C,115.67494831053281
11174,A,434.3922150392256
11175,B,297.2136588398829
11176,A,472.8359991553038
11177,C,291.5521623551215
11178,A,70.71493499250386
11179,C,93.72651258085297
11180,A,494.6462484202451
11181,C,365.5269466921252
11182,B,34.14658751425393
11183,C,354.85269246698573
11184,B,211.9647929367097
11185,C,160.53210954336336
11186,B,85.4897889279618
11187,A,421.55293773271717
11188,C,41.28227570465934
11189,A,152.01937656602374
11190,B,160.12761797459515
11191,C,88.84358914211516
11192,C,259.01059281056644
11193,A,15.734287137337386
11194,C,157.47800255110047
11195,C,467.4784275762014
11196,A,162.15948897758278
11197,C,186.6250996823083
11198,A,241.85087363469506
11199,A,285.2297536772226
11200,A,406.26723596216453
11201,A,103.25739934644864
11202,A,437.15572482435306
11203,B,381.1991850005058
11204,B,364.0986639841621
11205,A,52.53424112017127
11206,B,20.603938087546496
11207,B,301.06622344496117
11208,C,432.935641636349
11209,A,296.3763174289116
11210,B,114.4850840683101
11211,C,54.35474999511448
11212,C,352.80226188069014
11213,A,363.66743588572666
11214,A,94.54053333668324
11215,C,23.813254593302776
11216,A,210.05892147936652
11217,A,295.5321640451808
11218,C,355.9411806879237
11219,C,406.87305448492236
11220,A,309.16333938029885
11221,B,64.33149821325767
11222,A,344.4650193497833
11223,B,492.2465550184922
11224,C,453.7364464527279
11225,B,437.1177655420612
11226,C,158.06337514558703
11227,A,377.88620646246034
11228,A,427.0406885229213
11229,C,342.37984026931895
11230,C,132.77526071831045
11231,C,477.37864621872956
11232,A,230.90151161475117
11233,A,73.60472374628091
11234,B,63.791168578122075
11235,C,327.28430377653245
11236,B,224.4777267442022
11237,A,56.297098837692175
11238,B,372.7786403564864
11239,B,401.6693319567236
11240,A,365.45365908536115
11241,A,109.10783006516633
11242,C,347.989973438074
11243,B,15.254173418248698
11244,A,159.50494844242053
11245,A,205.42255038969643
11246,B,419.2710049538958
11247,A,201.2932428040081
11248,C,15.522028632805164
11249,C,182.64974179572462
11250,B,254.47280819605072
11251,C,475.012345469659
11252,A,471.10680885687697
11253,A,98.62827872849167
11254,A,100.72180545233127
11255,A,90.05691366762974
11256,B,396.5717468829106
11257,C,12.95079978051912
11258,C,72.3168271140199
11259,A,273.6002195056085
11260,B,131.3054127745151
11261,A,55.25466453723842
11262,A,186.3402260435788
11263,B,144.36172647951994
11264,B,260.4411101919994
11265,A,489.82446097679593
11266,C,70.90927203931003
11267,A,192.6360853687062
11268,C,466.6726587575126
11269,C,439.6677913119731
11270,B,203.1928070442975
11271,B,352.4870996146709
11272,A,53.04993665485933
11273,C,359.14511721637143
11274,C,486.7002874475233
11275,A,273.3691948887539
11276,A,254.26021124686298
11277,A,101.78612365393606
11278,B,320.556217464573
11279,A,299.3142675816683
11280,A,329.44719914311776
11281,C,22.78081047551369
11282,A,278.8745092910461
11283,C,301.51807331371276
11284,C,111.68976635227307
11285,B,112.08310016938265
11286,A,145.34690257036542
11287,A,358.7435799463464
11288,C,307.0703711308621
11289,B,424.42369659772424
11290,B,154.87270020311811
11291,A,456.91334934527595
11292,C,374.4160193718456
11293,A,203.55571830671153
11294,A,56.6784121564734
11295,A,135.92199461886642
11296,A,478.81642643527664
11297,C,162.0780541831989
11298,B,171.65147047304157
11299,A,102.89857623788134
11300,A,405.35679455799504
11301,A,145.0656728187159
11302,A,171.82654170073926
11303,B,213.03057313149705
11304,B,222.52685708955875
11305,B,211.55698730336064
11306,B,256.834410733617
11307,A,409.1113110120376
11308,C,411.4496699635908
11309,B,401.17343554404
11310,B,59.55117116707888
11311,A,401.84261360465894
11312,A,68.92336900842263
11313,A,71.11464732560641
11314,A,474.45275810113077
11315,C,411.50494390571527
11316,C,280.6811287653242
11317,B,438.7354001941524
11318,C,494.7886748504128
11319,B,309.214612649571
11320,B,310.32023412094384
11321,C,379.6692442883647
11322,B,123.74808665901305
11323,A,91.89118214421168
11324,B,382.19456750738556
11325,A,179.00334954711013
11326,C,76.18447458990767
11327,C,164.29008569969739
11328,B,185.73206525854195
11329,A,482.96155315778844
11330,B,352.00025843308237
11331,C,270.1195955258696
11332,B,484.74783795447644
11333,B,452.53847283234853
11334,A,260.88041974093824
11335,C,453.78302133472056
11336,B,208.10928245070173
11337,A,122.90612602474607
11338,B,124.01230664282171
11339,A,334.53460697664207
11340,A,255.52445714656577
11341,B,332.8859150326689
11342,C,346.17722248846326
11343,C,20.938207719881632
11344,A,36.47940025047215
11345,C,271.01208602971246
11346,A,103.60738410243768
11347,C,319.94154671417544
11348,B,280.57101219361755
11349,C,297.0225756017367
11350,A,158.20313611719524
11351,A,323.52331807616935
11352,C,416.4513918776613
11353,B,499.0549142601962
11354,A,420.837749224385
11355,A,283.1743922431742
11356,A,104.78049992317871
11357,A,343.9084792987122
11358,A,469.4503549234093
11359,B,113.81460446882818
11360,C,135.43785405802277
11361,B,83.01418627170906
11362,B,370.99360537693684
11363,A,209.21513667759305
11364,B,40.7208630543282
11365,A,438.72549583023726
11366,B,283.2592333042577
11367,A,172.23620308017433
11368,A,178.55165826993752
11369,B,152.22309789354432
11370,B,233.1852844723945
11371,C,175.15042735919104
11372,C,278.4936889945986
11373,C,389.02345361293413
11374,B,340.48602888774303
11375,B,154.2838774495174
11376,A,269.08309565449184
11377,C,421.6618183570029
11378,A,43.42105502393548
11379,A,48.36566082358333
11380,A,282.5233333443792
11381,A,323.1664129110036
11382,C,113.59237773019301
11383,A,375.15786207884383
11384,B,326.66905474995644
11385,B,462.41174143578036
11386,B,92.78755891068299
11387,C,378.17339002542525
11388,A,50.98511438580084
11389,C,286.9932806637698
11390,A,280.42861835458143
11391,C,200.3086718769029
11392,C,423.83986235759795
11393,A,12.141615945145995
11394,C,264.88790693027516
11395,A,116.40523941924184
11396,B,374.3143233670521
11397,B,31.103038889987612
11398,B,417.46179720897305
11399,C,420.66519108640625
11400,B,418.1043460777164
11401,A,84.75857809900823
11402,B,318.899194094912
11403,B,17.040005999860906
11404,C,425.5016697317079
11405,A,364.25784481922403
11406,C,270.2653281406338
11407,C,367.9898022173424
11408,A,56.218807359368384
11409,C,269.0413577666596
11410,A,152.72548099005826
11411,B,486.5835369792568
11412,A,429.98779580571187
11413,A,369.3050909586487
11414,A,467.53634127236865
11415,C,179.95321923708212
11416,A,451.4311505042088
11417,A,169.36673373228805
11418,A,369.07039264866495
11419,B,370.84428677046003
11420,A,18.991439462505802
11421,C,186.91925215631562
11422,A,19.522009480163966
11423,A,498.5750886290218
11424,B,69.87641329632662
11425,A,275.97733886757356
11426,C,397.3725569936922
11427,A,108.6191651078373
11428,C,247.6758073667816
11429,B,307.64009285136393
11430,A,88.50032965381723
11431,B,391.4921753566539
11432,A,156.674864022789
11433,C,113.40130740603176
11434,B,283.5614857543343
11435,A,211.05367754503956
11436,C,460.9401128718447
11437,B,441.23072211709547
11438,A,246.84182506055276
11439,B,186.03924961554281
11440,A,169.50381099931997
11441,C,141.1061753099386
11442,C,276.8284483191139
11443,B,404.4395163199263
11444,B,162.2707380197433
11445,A,103.14610394715993
11446,C,242.98706502981054
11447,A,43.8268642308566
11448,C,353.62671300355635
11449,B,263.99555048794747
11450,A,253.22365590669853
11451,A,157.218235979511
11452,C,453.28998439055096
11453,C,54.338283006280825
11454,C,436.2137643546454
11455,B,194.5855491838021
11456,A,441.50552282776096
11457,C,367.09311458286794
11458,B,61.04365606439877
11459,C,417.45278038958327
11460,A,344.2666485127575
11461,C,25.82793732852074
11462,A,75.51431423373828
11463,B,321.4577473594906
11464,B,334.6742464113396
11465,C,375.8592020904216
11466,A,362.9202463797411
11467,A,333.16477778827795
11468,A,385.45706185574704
11469,C,291.7919958872627
11470,A,137.7877789069829
11471,A,457.0645407280519
11472,A,18.924875156669188
11473,A,189.6152427370302
11474,C,367.14644361761003
11475,C,219.3064601633404
11476,A,22.16885966520701
11477,A,42.33064252694446
11478,B,327.8323108777614
11479,B,482.78365370859683
11480,A,280.41318155890445
11481,A,258.31133083164684
11482,B,165.97935439757097
11483,B,135.77843019437094
11484,A,20.28264106057951
11485,C,143.74788514383087
11486,C,230.0641160239737
11487,A,106.99539369398558
11488,A,52.80051435590032
11489,B,361.6866549547553
11490,B,448.3639318433529
11491,C,469.01831414667197
11492,A,312.81937696352475
11493,B,35.85954547364808
11494,C,373.02268868126896
11495,C,63.94669957832433
11496,C,338.1765776670337
11497,B,391.8892595164591
11498,B,365.6737083049716
11499,A,476.423064822954
11500,A,371.691679389021
11501,C,349.6727912110862
11502,C,138.25415436972017
11503,B,463.13665635359183
11504,B,97.97649668914178
11505,A,453.3993396218319
11506,A,163.20464623949607
11507,A,73.78016100005769
11508,B,415.07468336287366
11509,C,11.22277226440628
11510,A,417.723275663607
11511,A,138.5328026025282
11512,B,443.5134236502544
11513,A,348.82479929837376
11514,C,336.42983309678914
11515,B,189.00658595077326
11516,A,39.10745720647778
11517,A,416.73581812073286
11518,B,93.74285963649871
11519,B,192.4067345284286
11520,A,304.17379589945006
11521,C,246.30433189470463
11522,B,107.34371123394584
11523,C,78.90201487231911
11524,A,70.39067340264239
11525,C,432.87386193460844
11526,A,25.464179040053477
11527,A,488.7369872039482
11528,A,107.27905828885291
11529,A,64.05792547074827
11530,C,292.7161108406296
11531,A,49.19311939094135
11532,A,305.20209895016154
11533,C,426.80705595867045
11534,B,33.47003051903817
11535,C,401.93561621898664
11536,C,203.29394608123815
11537,C,88.15041057729289
11538,A,96.28727533105494
11539,A,460.1946264101708
11540,A,64.19681845092559
11541,B,434.723565686672
11542,A,276.67986428197116
11543,B,29.13752762005515
11544,A,237.59331140149578
11545,C,410.55026209338735
11546,A,365.8393659431592
11547,B,249.50338466551176
11548,B,431.42444105114635
11549,A,68.97873327231255
11550,C,455.87111616226076
11551,A,424.75619215684094
11552,A,357.05564457204565
11553,A,410.76499364308717
11554,C,276.46959835290636
11555,B,340.82959025785675
11556,C,284.6930546468117
11557,B,184.15997994889517
11558,B,288.741790706977
11559,B,136.1580129406436
11560,C,225.73679371198477
11561,A,147.57994955751917
11562,A,70.21501683608062
11563,A,167.712309631054
11564,A,427.47373691053764
11565,A,196.7295776147298
11566,C,376.52178799474586
11567,C,95.84694857669902
11568,C,217.9653879921444
11569,C,66.27947397423651
11570,C,77.92432105006995
11571,C,312.5438261461339
11572,C,307.66609055001544
11573,A,114.55223460388248
11574,B,242.46736520151134
11575,C,433.0200218191945
11576,B,95.3587392514766
11577,C,19.41316120602227
11578,C,329.47761892515047
11579,A,36.214121963455646
11580,B,490.1707169004985
11581,A,308.7139390614517
11582,A,240.49421289354643
11583,B,220.69634461191032
11584,A,290.80462267329636
11585,C,54.40597399290531
11586,C,465.70933882155293
11587,C,316.5646135904201
11588,C,100.14946382934531
11589,C,285.6647163446848
11590,A,75.2956878581757
11591,A,18.600831603572935
11592,C,318.953322754859
11593,C,327.7568375163626
11594,A,296.0113255736736
11595,B,99.90677013641131
11596,A,305.6806306624359
11597,A,37.690361053014705
11598,A,308.52679423024193
11599,A,281.4683393627332
11600,A,331.07486711115877
11601,B,448.783046818673
11602,C,426.67547156737294
11603,C,490.520553865644
11604,B,488.35810613892176
11605,C,388.4366497531388
11606,C,478.64561486708675
11607,C,434.96910408566487
11608,B,366.5154004485367
11609,B,46.938284775440046
11610,C,34.03444525224501
11611,C,420.4237880778274
11612,C,249.93137035713215
11613,A,409.15727534371126
11614,A,163.3299526210575
11615,A,204.84843057827626
11616,B,353.09149329584665
11617,C,458.5101010967257
11618,B,53.00312249465411
11619,B,432.12429087095705
11620,B,398.57623519088895
11621,C,164.61424265762878
11622,A,184.0561409244642
11623,C,32.76612383873572
11624,C,17.712899447191813
11625,B,243.73300191528725
11626,B,56.81442629368216
11627,B,105.06088906345438
11628,A,424.91592776806516
11629,A,289.8039117127217
11630,A,320.47989426039555
11631,C,101.86487210764082
11632,B,416.04428418266554
11633,C,435.3100884954763
11634,A,266.43052091939126
11635,B,457.1533082205433
11636,A,423.96602622774503
11637,B,368.3488465704746
11638,B,369.697198689878
11639,C,61.642802235923014
11640,C,142.70965847087624
11641,A,42.755137710661266
11642,C,14.253792520891244
11643,C,87.57167037811597
11644,C,441.4387194970006
11645,B,127.53828892766525
11646,C,485.37544166994365
11647,A,302.672589784991
11648,B,126.25665894099828
11649,B,253.59409370726428
11650,C,117.35646312305653
11651,B,492.1470435093632
11652,A,425.15984211343226
11653,A,22.85700650334126
11654,B,474.41025541906083
11655,C,363.3219025784148
11656,C,50.36681349042638
11657,B,338.61249569995834
11658,A,326.9940820031859
11659,B,117.20648544571588
11660,C,381.63888300371207
11661,C,52.661704623353884
11662,B,249.82813880331142
11663,A,14.862371509913082
11664,B,484.68136955842573
11665,A,378.26617957068555
11666,A,87.83751731823145
11667,B,177.42027957612865
11668,B,88.67556512600638
11669,A,385.64255742336417
11670,A,38.85919945958043
11671,A,421.7992612262199
11672,A,471.6762060295076
11673,C,341.54769197508693
11674,B,114.35307050070276
11675,A,186.44414694863988
11676,B,243.84753865637632
11677,A,306.26613837910435
11678,B,337.6449140077268
11679,B,281.5652105062526
11680,A,182.14382120270932
11681,A,446.5494674768025
11682,B,49.88210842879953
11683,B,238.46546657931256
11684,B,390.02677084906554
11685,C,39.82760599278644
11686,A,355.6142562375376
11687,C,411.65869514912924
11688,C,333.8073362782556
11689,A,16.339077214924437
11690,A,98.26714329478106
11691,C,177.63540865705588
11692,A,124.5081174626425
11693,B,481.69954871143943
11694,B,329.28101791575887
11695,C,155.51576910226945
11696,C,465.5517743460683
11697,A,372.8911577433316
11698,A,149.45753379525055
11699,C,195.65196900695813
11700,C,107.7201405689388
11701,B,485.8262591502527
11702,B,263.4752829861359
11703,A,449.06777687401245
11704,B,179.78488779825537
11705,A,431.8123855177631
11706,A,36.40455572931034
11707,A,491.2242555869011
11708,B,456.8968398463183
11709,C,187.96944294056092
11710,C,389.6138610041429
11711,B,378.60638397217474
11712,C,451.6148505804365
11713,A,160.55494075311745
11714,C,238.10480260393325
11715,B,433.849810176966
11716,C,391.5039325262558
11717,A,202.7986921827368
11718,A,424.40536412693984
11719,B,33.00747922387673
11720,B,393.2026884518652
11721,B,111.31527112251331
11722,A,150.1992448336557
11723,C,251.67527336184088
11724,C,230.36990552428722
11725,B,265.07935236624166
11726,C,276.9400418792917
11727,C,172.4485686054335
11728,B,95.86148137834469
11729,B,386.5558023507799
11730,A,205.98831305269962
11731,A,257.86202260493894
11732,A,325.9013919920479
11733,A,455.7225819302614
11734,C,356.7008872587078
11735,C,32.275020539288406
11736,A,420.89457806502867
11737,A,494.78395741248437
11738,B,241.51766243197724
11739,C,485.09926486275435
11740,C,278.1910837481432
11741,A,235.21183797725539
11742,C,172.388334716453
11743,B,332.20188915833603
11744,B,122.61200605727184
11745,C,61.41776707205812
11746,A,23.3461802662649
11747,C,153.26625523047923
11748,B,203.92770776184872
11749,A,280.5175811778114
11750,C,153.44741434163316
11751,A,492.1891904688515
11752,A,152.95513243817211
11753,B,226.07794033874026
11754,A,60.60532111063117
11755,C,137.70699153516705
11756,A,33.68274849660563
11757,A,284.15923038429077
11758,C,378.0216947348915
11759,B,105.8978090246733
11760,B,190.27635952987467
11761,C,18.141951096308677
11762,C,421.3658073038839
11763,B,392.1821272165181
11764,A,40.994475128403266
11765,C,188.78512856700152
11766,A,478.09044078625277
11767,C,202.09325747869875
11768,B,267.84225159476784
11769,A,184.06900189507405
11770,A,302.1043801828483
11771,C,489.29686906204284
11772,A,498.77622670578654
11773,C,389.61033922548364
11774,B,208.11243803001526
11775,A,252.27177840620428
11776,C,184.79835077502966
11777,A,492.93156865312966
11778,C,356.8025498544478
11779,C,229.97640826242053
11780,C,15.936482353705145
11781,B,265.03687305136873
11782,A,492.12481883379274
11783,B,266.29984539679543
11784,C,99.3890758896657
11785,C,20.825936081339677
11786,B,183.80484148086245
11787,B,459.9317472913374
11788,A,498.31151300618166
11789,C,473.23030765788127
11790,B,367.4157966945858
11791,C,283.4899369359211
11792,C,299.4362117273035
11793,A,274.10608445506085
11794,A,356.4541594122643
11795,A,215.2478810807227
11796,B,337.9099624283251
11797,C,69.5899363290285
11798,B,140.19070021512704
11799,B,419.64148901622843
11800,A,452.83697606426165
11801,C,274.1140364045468
11802,C,25.501452434336876
11803,A,464.2170496879664
11804,C,354.01148643337035
11805,A,212.8736826401268
11806,B,303.2056821677532
11807,B,220.5896688762694
11808,A,238.016221098705
11809,B,444.5368341731068
11810,B,88.93128098938466
11811,A,60.79787638629602
11812,B,11.337084811377716
11813,C,163.86018404994206
11814,B,82.23274557736941
11815,A,117.79289261767447
11816,C,15.507101506034696
11817,C,121.32575319697457
11818,B,173.02867514686324
11819,C,25.468073240841846
11820,A,307.87302090560235
11821,C,288.7121709530414
11822,B,57.54753146986328
11823,B,301.5547909840165
11824,C,499.34042011835004
11825,A,472.78978687765493
11826,A,11.308786750155017
11827,B,399.7353725518762
11828,B,183.26658535587814
11829,A,41.18917146396744
11830,C,155.03177472094194
11831,C,167.65089299335153
11832,C,266.38967726143784
11833,C,333.9310459617388
11834,A,377.03724998211993
11835,B,130.49249085600067
11836,B,167.66757942176352
11837,C,161.10703636127025
11838,A,187.74106537922947
11839,A,499.831591388606
11840,C,391.19221838543865
11841,C,487.74532798166155
11842,C,349.624419178058
11843,B,209.0726438071693
11844,C,200.97464997721772
11845,B,249.40476103777212
11846,A,214.26619384857432
11847,A,415.87986058544544
11848,B,237.85098638307952
11849,B,154.85103650331453
11850,B,389.6815316613594
11851,B,428.66600059688335
11852,C,216.0101885088212
11853,A,337.2262002337107
11854,C,38.81422160526933
11855,B,269.43777746601864
11856,C,32.04075749529895
11857,C,24.303511842289357
11858,A,310.3331767561421
11859,C,158.6343373735437
11860,A,373.8432096031781
11861,B,449.0804547099702
11862,C,78.30167512787185
11863,B,365.0161909036727
11864,A,262.1147991612882
11865,B,64.93843257972244
11866,B,329.2803771755551
11867,A,308.63873352217166
11868,B,262.66451502638347
11869,B,463.97089023423246
11870,B,265.32905109096805
11871,C,495.35240657060416
11872,B,259.52211878557443
11873,A,66.76749876767012
11874,C,240.5309130267649
11875,C,99.3410936519849
11876,A,302.5954077565394
11877,B,349.63476584486455
11878,C,239.5332865664759
11879,C,57.87445416474264
11880,C,239.63428530594092
11881,B,49.9125652198562
11882,C,344.2417181982017
11883,A,397.28043018389286
11884,B,481.56636034124915
11885,A,82.91303249294366
11886,A,270.88596441131904
11887,C,288.0933100923551
11888,C,462.01350155268005
11889,C,317.365553892292
11890,A,81.29972636620734
11891,B,223.81214874196272
11892,C,330.83363896806276
11893,C,353.1393717139557
11894,A,432.906259309381
11895,B,98.44848872375461
11896,A,476.2556519101942
11897,C,38.9783118876402
11898,A,492.043445938762
11899,C,430.30587550454015
11900,B,333.5336635534639
11901,A,370.1477951295666
11902,C,45.61908290021025
11903,C,30.325132818281666
11904,C,59.865240310169106
11905,C,52.806309185427516
11906,A,278.2168044000232
11907,C,115.56755368477668
11908,A,431.500762231296
11909,C,228.41682530335535
11910,A,350.8001334645547
11911,A,329.9078155553783
11912,C,166.72798907555793
11913,C,129.15211102760725
11914,C,177.80357979535125
11915,C,400.36260318642036
11916,B,297.27565572561303
11917,C,134.23394463439593
11918,C,410.7447570996108
11919,C,36.8320991940503
11920,A,352.59985374524473
11921,C,225.15939481716234
11922,A,368.33228917228524
11923,A,464.45602731927914
11924,A,377.5167079939829
11925,A,226.56302410257737
11926,B,83.97808394180157
11927,C,405.1119781446625
11928,A,235.74570819147206
11929,C,46.9030384939936
11930,A,362.33714491066434
11931,B,153.00746329912894
11932,A,33.95523245754076
11933,C,452.34799733729807
11934,C,246.71953512601593
11935,B,147.67091605478058
11936,C,361.0294133636067
11937,C,444.09216506445625
11938,A,10.15046676654019
11939,C,347.0475706706553
11940,A,385.8357300690265
11941,B,112.86443936695156
11942,C,249.91567739098545
11943,A,53.750090469788546
11944,C,375.9074424325203
11945,A,425.25344909604274
11946,B,63.01146208908369
11947,A,410.065524182089
11948,C,388.06938353742146
11949,A,179.98752698173968
11950,C,348.24186966745583
11951,B,10.023580708212755
11952,A,466.5808506883393
11953,C,279.6877853011027
11954,C,313.96604339037975
11955,C,335.6831126341583
11956,A,285.07081843699973
11957,A,429.8143048943369
11958,A,308.7538977542565
11959,B,454.8023957078316
11960,C,295.34249489466436
11961,C,93.84998677047763
11962,B,457.64565236125844
11963,B,343.9974741962906
11964,A,352.6271072734225
11965,A,492.88605778008485
11966,A,46.846311562693785
11967,A,220.01037747663395
11968,A,127.15674256344144
11969,A,318.908967709692
11970,B,405.33772503655524
11971,B,483.4922473572822
11972,B,232.75209240781285
11973,C,395.24693301487605
11974,C,459.355280099786
11975,A,344.8294619425835
11976,B,128.9389507003879
11977,C,307.8485340428178
11978,C,485.2765034304214
11979,B,493.90137614216707
11980,C,324.7563136212213
11981,C,444.6240013572747
11982,B,108.17118828581538
11983,C,130.57851642658622
11984,B,476.91493031358124
11985,C,76.26533399245588
11986,B,103.64215466580468
11987,C,216.06881356882533
11988,C,298.89630099914166
11989,B,305.8704372944531
11990,C,153.06824424612654
11991,B,461.1008099956706
11992,B,458.39895472785275
11993,C,202.1133459956625
11994,A,222.80296702084559
11995,C,354.2235872437168
11996,A,334.8679892354614
11997,A,197.32553733087155
11998,C,212.97968324529168
11999,A,180.5390822765541
12000,B,125.33865340712086
12001,B,234.48779783282845
12002,A,346.3527246322448
12003,B,373.5636856040036
12004,C,391.6480876454217
12005,B,193.61868659202952
12006,A,384.6716371996371
12007,C,13.192994689018885
12008,B,243.75446948127228
12009,C,399.0131560650185
12010,A,318.72191311426315
12011,B,242.29093083570876
12012,C,325.8745832371111
12013,C,454.40354154284535
12014,B,287.5270822990016
12015,C,401.89523381545206
12016,C,490.5639353603468
12017,A,355.7284190170277
12018,A,290.92962430564114
12019,A,28.368114091416725
12020,A,193.4941701447479
12021,A,287.066939422408
12022,A,400.6312201359559
12023,B,224.67134692731236
12024,A,480.428555124739
12025,C,143.1789387856007
12026,B,374.83792565305504
12027,C,215.32539437122247
12028,A,248.13436233729388
12029,A,403.22599659406575
12030,C,155.14547820933572
12031,C,57.437907731620136
12032,C,264.9252364605793
12033,B,269.1093597838369
12034,A,400.6122083904331
12035,C,484.47641105372986
12036,A,37.09733630089072
12037,C,299.92784213412335
12038,A,343.82647985425194
12039,B,493.04266186677563
12040,A,471.8692049956867
12041,C,359.100874708869
12042,A,265.6768115097883
12043,B,89.14672192663802
12044,B,198.24651205016454
12045,A,296.7099392780056
12046,C,365.34819433191933
12047,B,321.345783164765
12048,B,359.9201728955932
12049,A,220.28472723042987
12050,B,366.5373723797944
12051,B,80.43321544966241
12052,C,89.66729276392564
12053,C,89.78775145643678
12054,C,446.52382894753026
12055,A,47.2566910212309
12056,B,402.7391026394032
12057,A,124.4497400429012
12058,B,239.53067084267283
12059,B,458.8187317781822
12060,B,297.1092425468783
12061,C,112.95766625385572
12062,A,149.2041295562155
12063,A,461.018845708935
12064,B,219.30052330388938
12065,A,297.62288667332683
12066,C,235.3667763464405
12067,A,195.4346631437403
12068,B,119.40677219687694
12069,C,346.233835237455
12070,C,361.938592873339
12071,B,144.69369488762575
12072,A,396.6153130968669
12073,B,428.72224814782294
12074,A,461.1307971574189
12075,A,88.99408282000127
12076,C,158.92260497050052
12077,B,431.5731402768109
12078,C,107.28469938566805
12079,B,11.69954502931273
12080,B,436.7053820233009
12081,C,169.96022645817098
12082,B,213.1037873180855
12083,B,228.7036726031126
12084,A,425.65455432694193
12085,B,175.5671508507956
12086,B,447.21714406967607
12087,C,312.3001776435435
12088,C,268.37049477650527
12089,B,169.5511084924566
12090,A,129.41873117778107
12091,A,315.7886369609009
12092,C,228.97813842772229
12093,B,456.1528448666831
12094,B,250.90297089588438
12095,A,260.7795091835836
12096,A,214.19440775664037
12097,A,396.73886852572963
12098,C,218.1712070735425
12099,B,141.97757987737992
12100,C,432.3951284038198
12101,B,302.44582846896776
12102,C,299.84000768681085
12103,B,309.302881510324
12104,A,362.23147662077673
12105,A,163.40331476315777
12106,A,26.583741708171395
12107,C,407.1906488297347
12108,A,73.16347640200235
12109,B,363.69167123316663
12110,C,50.33449616079109
12111,B,193.90084259396113
12112,C,40.88277421745374
12113,B,265.884703017585
12114,B,330.0365286629718
12115,C,94.00223917731228
12116,C,192.09753303481702
12117,A,465.81735061109623
12118,A,226.7706673826538
12119,B,403.24634879851277
12120,B,464.32052507950243
12121,B,487.4294542388704
12122,C,450.17778964877095
12123,C,165.52861128789488
12124,A,481.66071421898454
12125,B,408.073668455563
12126,A,420.216035983349
12127,C,17.434762244199035
12128,C,477.5770430259639
12129,C,391.264209685883
12130,A,386.304073288871
12131,C,49.94711815500727
12132,B,123.95858512593232
12133,A,481.50821591757057
12134,C,255.33176665468338
12135,A,204.9504289362555
12136,A,421.5710004019877
12137,C,52.79680291583272
12138,C,214.30158797281905
12139,A,194.09337946682098
12140,A,181.42717964489245
12141,C,160.76919939000584
12142,B,112.93672882713824
12143,A,94.72629346535588
12144,A,323.79899729064033
12145,B,460.50347219225245
12146,C,259.3373061724419
12147,C,156.00753064985568
12148,B,87.9884968838909
12149,C,416.7702488757712
12150,C,486.03110767187474
12151,A,181.0861467192474
12152,A,152.56570852054315
12153,A,304.73154695772126
12154,B,389.9112006671786
12155,C,233.14737373933553
12156,C,318.73584343186513
12157,A,361.10904333141303
12158,A,480.69022104952785
12159,B,90.86829195484087
12160,C,498.71742197443103
12161,B,202.15676106820212
12162,C,364.36806993601135
12163,B,290.4830452067686
12164,A,248.46762233433165
12165,B,352.0569306784774
12166,B,203.9193866095616
12167,A,71.79389085503513
12168,C,249.55775772940748
12169,C,265.7387766343361
12170,A,108.93205516597021
12171,B,468.45348460104196
12172,B,121.46306685668273
12173,B,210.52152110120787
12174,C,85.91554655391442
12175,B,272.5403566316026
12176,C,160.74242796904394
12177,B,249.74353478828115
12178,A,120.06228906451894
12179,A,36.34981269487072
12180,C,391.8210590303051
12181,C,324.1322791402326
12182,A,176.9622842983963
12183,A,33.272170094337895
12184,B,434.1317807215893
12185,A,93.19955241848288
12186,C,466.06368695789973
12187,A,244.51173551201964
12188,C,176.78948785515703
12189,C,373.4621436765723
12190,B,439.651308976841
12191,B,191.64964618639826
12192,B,209.59843856339177
12193,B,222.2475274801267
12194,A,461.9383001245478
12195,B,349.356355842023
12196,A,131.3465973523712
12197,B,100.64985177596992
12198,B,122.88015507815987
12199,C,139.14630570090355
12200,A,122.78991075366073
12201,C,332.6681591242741
12202,B,66.80742022217811
12203,A,199.80565995690074
12204,B,316.27625075547957
12205,C,152.52138723203612
12206,A,41.98444850381243
12207,C,50.09372219452446
12208,B,71.7237203892963
12209,B,419.56308218539607
12210,B,332.3531177464352
12211,A,41.615981437845946
12212,C,201.62375078419572
12213,C,146.50673469506216
12214,B,293.2396546981121
12215,C,266.1749153394336
12216,A,245.75077145116032
12217,B,164.11106148258045
12218,B,77.52188830155546
12219,B,373.7644276075926
12220,A,441.1298167329007
12221,B,472.6339455240805
12222,B,38.723295600654424
12223,B,372.55526867855264
12224,B,365.98669510941164
12225,C,474.0837109313387
12226,B,133.92815130390505
12227,A,373.66772876462664
12228,B,36.76688149557744
12229,B,319.3104031731934
12230,C,181.91543378556807
12231,B,386.7656253782628
12232,C,433.0191003533428
12233,A,188.76231068658294
12234,C,267.5371854226573
12235,B,67.52799055816395
12236,A,214.28441295950353
12237,B,186.7921926969929
12238,C,99.73049529441369
12239,A,448.29452613572016
12240,A,82.56304063967852
12241,C,321.5122851897917
12242,C,446.16989530514496
12243,A,456.86460413298056
12244,A,398.6874529218785
12245,C,96.30915559834655
12246,B,410.54139051479615
12247,A,145.51675808365604
12248,C,461.9750334419294
12249,B,357.4524738976863
12250,A,394.78110489435437
12251,A,51.66590221594924
12252,C,295.55490558733675
12253,B,412.359642180353
12254,A,432.17927285852466
12255,B,24.029535319484342
12256,B,470.18802395200845
12257,A,31.235979318215065
12258,B,311.11415304067646
12259,A,349.7598885315029
12260,B,62.599192672275805
12261,A,33.525814148504416
12262,C,394.6069556808573
12263,A,198.48860615074264
12264,A,62.4851325044106
12265,A,383.7072300299446
12266,B,426.0899043703741
12267,C,297.8192334718156
12268,B,89.00603613297635
12269,B,17.459011030830496
12270,A,353.3932158379525
12271,B,279.5684406644052
12272,A,328.89059944283895
12273,C,408.4604883978019
12274,B,222.77161072655633
12275,B,71.01257972847401
12276,B,470.5918098415049
12277,A,277.1784423509601
12278,A,311.49411835338475
12279,B,467.37160048035804
12280,B,466.47599159202883
12281,C,290.32635729680504
12282,C,155.82959811349878
12283,C,498.58568066624224
12284,C,343.60037407723263
12285,C,210.1339716771077
12286,A,284.32003339825894
12287,C,213.75868463133455
12288,C,445.26952462535723
12289,B,246.4246936842156
12290,A,413.5289042308111
12291,C,421.68638593327194
12292,C,413.9228454902717
12293,C,363.87242011308047
12294,B,428.8900812357151
12295,B,199.74249401525492
12296,B,66.18497100956057
12297,C,422.8025601425321
12298,B,254.10252368679917
12299,C,72.41425593864699
12300,A,66.5031358691839
12301,C,88.02877306484743
12302,B,377.9768972368818
12303,A,358.31976999847774
12304,C,109.87115329059279
12305,A,424.99247487379967
12306,A,147.83444980884
12307,A,398.56293582432426
12308,C,249.51489479012153
12309,B,368.4588544438974
12310,C,196.87995490604726
12311,B,180.09889257644022
12312,C,422.2662034900728
12313,C,27.29810471189413
12314,C,487.6211041561786
12315,B,327.607983550033
12316,C,221.91686021772662
12317,A,317.74672026370837
12318,C,70.14306376490157
12319,A,261.8857030938383
12320,B,492.6968064365009
12321,B,125.28202454488635
12322,C,363.9162685278112
12323,C,223.13597415753333
12324,C,329.70449275909726
12325,A,110.39474205896997
12326,B,240.52784148262518
12327,A,490.2454297910448
12328,A,105.6907039978447
12329,C,321.858063645891
12330,C,292.0428968957297
12331,A,286.87527728229765
12332,A,311.41041192929237
12333,C,256.09660710723176
12334,C,18.29606762625242
12335,A,451.0474376169277
12336,C,415.2196254671751
12337,C,95.34216365134945
12338,A,212.50385691564583
12339,A,387.5690005398483
12340,B,490.23053453976934
12341,A,476.0571527564754
12342,C,450.68600784132536
12343,A,87.60320967657843
12344,A,458.0928019444124
12345,A,440.4380073460289
12346,B,194.70545647153088
12347,B,203.3160713227684
12348,C,235.35537175802878
12349,B,331.5260591735443
12350,A,137.80945183167773
12351,B,21.244730425572897
12352,A,79.2024670526487
12353,B,225.6567947126191
12354,B,148.1812590188389
12355,B,384.6131149077046
12356,A,62.27813456914298
12357,B,459.5579605218539
12358,A,448.71031817251645
12359,A,455.2908402973112
12360,C,372.40889931563004
12361,B,62.429986026963654
12362,C,224.6874099710877
12363,C,74.38863218467723
12364,A,493.9726044529305
12365,B,173.1888274653499
12366,A,296.8119655261304
12367,A,391.9025965796687
12368,B,461.10188127056625
12369,A,380.21838566226637
12370,B,340.5068515954564
12371,B,238.33107319869416
12372,A,306.6460655377568
12373,A,56.140266337886615
12374,C,443.12204556101864
12375,A,276.4508813315438
12376,B,29.666174713121922
12377,C,460.75204157334974
12378,B,249.75796718006566
12379,C,435.60867936489086
12380,A,429.8750975606249
12381,A,409.71827785398625
12382,A,40.08747945472447
12383,B,131.06265625786233
12384,C,439.0184575080611
12385,B,450.505617465526
12386,C,234.45374256071497
12387,A,225.6203191505591
12388,B,95.81891060421339
12389,A,484.5212864586641
12390,B,114.43785292593115
12391,A,103.55902433187512
12392,B,333.7571953730954
12393,B,128.99370847021936
12394,C,469.998089397051
12395,A,15.344427705719461
12396,C,12.819098538417641
12397,C,257.3896327034438
12398,A,249.15060535760125
12399,B,90.04837073144614
12400,C,252.31458585543936
12401,A,211.71394153329337
12402,B,446.2614674177607
12403,C,14.534420906312102
12404,C,488.3722044661466
12405,C,315.9524545049628
12406,B,84.40328836618507
12407,C,32.91240676747145
12408,B,273.6717726940236
12409,C,125.09618132619185
12410,A,157.57111313061702
12411,C,130.11476076891165
12412,A,328.5844336505303
12413,A,281.22919143690547
12414,A,48.20746752568763
12415,B,267.99800125583596
12416,A,397.68298512601694
12417,C,49.78534950195892
12418,B,445.9720983529058
12419,A,293.3702582293873
12420,B,475.80598994245514
12421,B,82.58919668396408
12422,B,496.84684968312445
12423,C,325.69370432514165
12424,A,288.0721577457208
12425,B,262.48701581492185
12426,B,21.59064281817325
12427,B,470.42320385929327
12428,A,325.55729169855715
12429,B,54.8969774046527
12430,B,20.2665634443172
12431,C,34.883983226008155
12432,A,308.6039240817979
12433,C,310.86755329834676
12434,A,254.83697297290612
12435,A,160.31525211994625
12436,A,270.5539384911743
12437,C,262.98789222936637
12438,C,19.513624339517158
12439,C,148.40992286047404
12440,C,36.06081731890325
12441,B,451.0758282093512
12442,B,365.35934976471634
12443,B,498.096433394527
12444,A,158.06391901959105
12445,B,440.458065400886
12446,A,305.49659128691604
12447,C,232.03144938276643
12448,A,119.06082453143121
12449,A,371.81216099021
12450,B,453.028966963107
12451,C,125.30111505693166
12452,C,95.94126413707015
12453,B,351.14873835238484
12454,C,488.7168497355044
12455,C,377.4779995409982
12456,C,149.44456213334797
12457,B,215.77815783241496
12458,C,198.31564137460214
12459,A,427.52655884305227
12460,A,387.9716816473897
12461,C,298.5979630331449
12462,B,144.7299640944826
12463,B,469.61437858380754
12464,B,330.12446013688185
12465,C,485.5335567564734
12466,C,294.25734619059506
12467,A,412.38445159817087
12468,B,408.42163590331813
12469,A,175.29110064846012
12470,A,482.37015424904183
12471,B,20.751319122806358
12472,C,386.66834529603295
12473,C,483.1229720243815
12474,A,176.0650196090242
12475,A,327.57418801757626
12476,A,285.48939242366316
12477,A,383.13858174149664
12478,B,434.42718160607564
12479,A,305.4918389567785
12480,A,409.7932473269139
12481,C,163.01993218573506
12482,C,122.00765876536028
12483,C,221.02716787109168
12484,B,342.0909337945838
12485,B,101.75100497997458
12486,C,343.37257415442684
12487,C,203.10588780031298
12488,A,399.83188420738963
12489,A,28.04955038061862
12490,B,337.3114925364033
12491,B,328.41294495848416
12492,A,471.05838330140404
12493,C,359.5501012463945
12494,A,400.1879292474078
12495,B,453.2495977680525
12496,B,340.77543996307406
12497,A,152.17528113038756
12498,A,436.1891617959258
12499,A,376.3132785432278
12500,B,217.9744259604378
12501,C,358.15929459848144
12502,A,435.1675498187596
12503,B,488.069544381723
12504,B,476.6522369399371
12505,B,169.41063511442934
12506,A,216.62991972190906
12507,A,63.672936438911925
12508,C,131.29670063884254
12509,B,442.38639215860564
12510,A,186.8164638768859
12511,B,314.07080271149175
12512,B,336.3231529704463
12513,C,393.0963448202229
12514,A,99.57201482035917
12515,A,159.35843596107338
12516,B,229.68480731450848
12517,B,188.77212000675402
12518,C,491.623564101248
12519,C,419.1209935747191
12520,C,245.04650976403815
12521,C,440.8416267823693
12522,C,180.34994431581543
12523,C,395.05587870622963
12524,B,119.60104307216228
12525,C,388.4378021609193
12526,B,233.66216756590688
12527,B,62.674667286198755
12528,A,143.89860273223533
12529,B,207.11456577154667
12530,B,377.1535267155742
12531,C,45.76153021816592
12532,B,333.1780275953934
12533,C,360.84668405709334
12534,C,330.42147126361823
12535,C,382.72812270210227
12536,A,97.30262185119076
12537,C,297.6806439808883
12538,B,471.16102412990114
12539,C,309.28429220422345
12540,C,309.554810006947
12541,C,370.8554246355018
12542,A,173.27007374167093
12543,B,353.23319164755486
12544,A,458.9545783234754
12545,B,15.338781782418067
12546,A,436.35539014334404
12547,B,117.12298231684096
12548,A,233.40240411318385
12549,C,427.6504224667926
12550,A,413.71694245374823
12551,A,447.0444642817674
12552,C,470.8042283899378
12553,C,229.1069088181617
12554,B,331.6182672924934
12555,B,201.33443585779227
12556,B,181.85119157116125
12557,A,221.48175119285804
12558,B,374.10730604351124
12559,A,255.7059660993609
12560,A,408.8892404796876
12561,B,375.1570538261164
12562,B,20.03444595095567
12563,A,318.8166969820192
12564,C,223.91985042120962
12565,C,233.74820468405937
12566,A,411.0027963962484
12567,B,278.3279131814916
12568,A,443.9546934948841
12569,A,359.2747402719283
12570,B,280.8916042943859
12571,C,379.72360831404086
12572,A,28.79103495344958
12573,C,23.27099086582179
12574,C,50.84117019121751
12575,B,224.4070093220999
12576,A,125.37057135720212
12577,A,492.28803426373446
12578,C,275.7221681155698
12579,C,334.58371557976767
12580,B,146.62186676088137
12581,C,167.6804852079283
12582,B,174.3763379291664
12583,A,352.3804955236473
12584,B,242.11604176776115
12585,C,263.6649897397365
12586,A,300.08146125807923
12587,B,386.71771155672633
12588,A,54.28117677111429
12589,B,390.6682169872226
12590,C,285.9851837488381
12591,C,337.85676797907604
12592,A,170.50036477197338
12593,A,210.59955004006008
12594,A,123.27125163042092
12595,B,489.8569987345286
12596,C,253.53145653005515
12597,A,498.077688740333
12598,A,249.9951292500205
12599,A,117.678119548193
12600,B,258.6516744010598
12601,A,29.40183018154812
12602,A,453.33720269675615
12603,B,411.0896230852762
12604,B,365.65205514019954
12605,A,308.8150905668054
12606,A,294.11877449847793
12607,B,498.3968248989368
12608,C,146.2187426697696
12609,B,392.0453390291332
12610,C,294.88833740469215
12611,A,488.1814664418538
12612,A,415.6235598161437
12613,C,499.2773053649004
12614,B,298.2792472865987
12615,A,110.22653919701817
12616,C,256.80664749041955
12617,B,358.44445568478153
12618,C,389.43658922897816
12619,B,10.249894617812348
12620,B,257.4632733661241
12621,B,125.26494418561681
12622,B,438.7067982948463
12623,C,84.92366758461199
12624,C,336.56356229166835
12625,C,140.37047325921318
12626,C,184.7056501749934
12627,C,470.874037770854
12628,B,127.81958144995895
12629,A,56.551353293236026
12630,A,43.94960170767066
12631,C,257.2614039487364
12632,C,324.43862631930114
12633,A,170.37388534973473
12634,B,348.2272734786096
12635,C,39.90652210088652
12636,B,430.0939760122096
12637,A,410.11793277222654
12638,A,492.89317298212194
12639,C,468.8874406419043
12640,B,184.53661032027475
12641,C,205.6449381676328
12642,A,375.52277526434716
12643,B,75.70055825794176
12644,C,163.86720801996907
12645,C,68.08505911806765
12646,C,232.89436004568736
12647,A,280.4820971438056
12648,C,113.46863028174867
12649,B,23.04952658791145
12650,C,362.4843575577563
12651,A,19.80253056882257
12652,C,486.96727837489453
12653,A,118.58755580377377
12654,A,335.3110451369826
12655,B,223.02834585759467
12656,B,39.24019156518253
12657,C,241.36996725088906
12658,A,263.2127108054318
12659,A,428.79477196550556
12660,B,368.85104412747
12661,B,48.85821262915932
12662,C,112.48971488180989
12663,A,162.82496526532438
12664,B,67.03976636776154
12665,C,233.88054474810036
12666,A,492.3115035226424
12667,A,262.1602677065032
12668,B,373.52226247835296
12669,C,344.6395208726796
12670,B,426.4566031951476
12671,C,115.70451032814863
12672,A,379.37486822958385
12673,C,441.86406774981725
12674,C,94.03981326031895
12675,C,179.93308769612185
12676,C,485.3498645224651
12677,C,392.5860445300983
12678,B,148.46950794339085
12679,C,286.3314671257986
12680,C,208.1198001962446
12681,A,250.08293640029365
12682,C,184.03143378144716
12683,A,146.8721990798669
12684,B,340.6338902817952
12685,B,391.48548939219756
12686,C,438.23899014619894
12687,B,86.11168398591214
12688,C,413.1992065861679
12689,B,134.85240399376113
12690,C,219.3948310559248
12691,C,451.70740606613083
12692,A,232.70676448147498
12693,A,106.56113168171494
12694,A,88.33564106618772
12695,A,241.76204565954558
12696,C,383.7094877485115
12697,B,498.6305205474076
12698,C,395.8302279311419
12699,A,439.73585988199824
12700,A,376.43785685809513
12701,B,448.7631993704919
12702,A,47.38383622381749
12703,C,465.66648350100627
12704,C,204.2390153255715
12705,C,461.59096940741784
12706,C,47.109090355143024
12707,C,360.46904898935657
12708,B,370.4874868484002
12709,C,498.4863357559086
12710,A,386.7390826380087
12711,A,197.46111584964729
12712,A,283.0517902930872
12713,A,189.6099597016292
12714,B,106.04913619938048
12715,A,131.76614047611403
12716,B,118.78516179441726
12717,A,278.91951177997436
12718,B,454.0187109206277
12719,B,457.2360467833148
12720,B,36.8342509876545
12721,A,49.15070646642782
12722,B,130.10833801444832
12723,C,134.9791317100427
12724,C,56.495695867233046
12725,A,200.34703717498584
12726,C,297.9854424187307
12727,C,293.2994782937372
12728,C,276.2805438167104
12729,A,175.94924319487362
12730,A,356.16328580512453
12731,C,414.977131080725
12732,A,179.67439057393014
12733,B,51.912326056736376
12734,C,155.20182303500968
12735,A,77.31064074170236
12736,A,239.0057763413186
12737,C,86.40822414487835
12738,A,236.79393125240887
12739,C,118.2914172390774
12740,A,371.97824167657745
12741,B,23.50843800956436
12742,C,281.82568887764353
12743,B,93.04925471082778
12744,C,10.486013590117263
12745,A,435.90804315175546
12746,B,339.04861602889315
12747,A,58.48198280475647
12748,C,335.3954601650892
12749,C,309.7071930414233
12750,C,241.94477665116963
12751,C,215.43646822855086
12752,C,444.6641838287101
12753,B,130.12252974975112
12754,C,205.1719279365578
12755,A,171.26655231846536
12756,B,387.8885042279504
12757,A,459.06800005394433
12758,C,426.39303238271293
12759,A,400.8749258468866
12760,B,493.5270733293406
12761,B,351.60082970108874
12762,B,378.01635769463155
12763,A,491.5732444554593
12764,B,13.4254848455953
12765,A,320.68370445381885
12766,C,372.0960506571119
12767,C,459.73525634102555
12768,A,443.08370905032797
12769,B,422.5607338045592
12770,A,473.4377232514348
12771,A,273.3158020777167
12772,A,13.39084683656511
12773,C,15.416655361534668
12774,A,276.87313725275044
12775,C,223.28339704333123
12776,A,231.11007614906978
12777,C,206.19832123291812
12778,A,459.6856464547055
12779,A,185.99347207319704
12780,B,429.5512014639108
12781,B,452.40374895790404
12782,A,254.75586729948785
12783,A,228.99963830889328
12784,A,382.90009606556896
12785,A,356.90603874354235
12786,B,170.9822071321409
12787,C,60.24858170307682
12788,A,139.77767608941537
12789,B,74.2039678480265
12790,A,154.41881513057876
12791,A,138.29256713459154
12792,C,322.47859770448963
12793,A,477.703053942842
12794,A,346.01442884193693
12795,C,464.0582099516391
12796,C,394.22480671813724
12797,C,366.6600348148749
12798,C,212.8903507045373
12799,B,169.14930640305064
12800,B,424.6759125117304
12801,B,453.6426841352126
12802,A,231.4224218889567
12803,C,14.440918111455762
12804,C,398.34021886417054
12805,B,149.6837318314229
12806,A,14.845053858291163
12807,A,404.44439389829984
12808,A,263.5329525202801
12809,B,345.75326570584986
12810,A,458.198012360794
12811,A,275.17517676767164
12812,A,256.56509556369326
12813,C,152.42443946064913
12814,B,159.5449788755768
12815,C,400.30561235452643
12816,C,230.02433033710915
12817,B,90.127842217979
12818,C,56.319094360242836
12819,A,241.73085726227188
12820,A,237.8279615726879
12821,A,330.19455632064404
12822,A,240.82306409511892
12823,B,80.30309502576522
12824,C,258.82341355127164
12825,C,454.3268079041523
12826,A,88.12629169390408
12827,A,347.979774079097
12828,C,300.991039833108
12829,B,376.80700608878334
12830,C,83.79413397952044
12831,A,471.38661508393733
12832,A,314.2735496059077
12833,B,425.06485746865707
12834,C,130.83731420331543
12835,B,372.31231580500116
12836,B,392.70504512362027
12837,A,204.74328346966706
12838,C,198.13719191287683
12839,A,332.32016986261715
12840,C,55.76976406250582
12841,A,370.4558336065794
12842,A,31.014512321311354
12843,C,103.38924754920473
12844,C,335.4304410482699
12845,A,58.178596875062276
12846,C,486.2026248236271
12847,A,435.5141426363313
12848,C,316.88814287930086
12849,A,411.3381532779814
12850,A,444.91422380888827
12851,A,137.14306829019102
12852,B,426.2116780951665
12853,C,105.44895398242488
12854,A,212.53770943291954
12855,B,283.5472193118137
12856,A,359.8065719062759
12857,B,24.769245684038736
12858,A,152.3496122613126
12859,A,308.1743581230912
12860,B,185.1106527830682
12861,B,389.7622772584518
12862,C,329.309558963851
12863,C,124.85671232463054
12864,B,81.5052000002432
12865,C,318.2330268576547
12866,B,230.7289905753313
12867,C,92.78895013964612
12868,A,169.9233606060049
12869,C,158.49290667610742
12870,A,62.9846664462938
12871,A,277.98541943996173
12872,C,384.1878306171515
12873,B,291.97877553796366
12874,A,414.88276881930267
12875,A,72.50858813556135
12876,C,223.4498103328897
12877,B,308.61340079246855
12878,B,341.2407648615346
12879,C,350.93529014747924
12880,B,367.1930592779617
12881,C,329.20060797604816
12882,C,56.17176358102515
12883,C,350.6997820251253
12884,A,365.1435018194499
12885,A,496.8051678234773
12886,A,349.7475939835517
12887,C,346.54689391825895
12888,A,262.25851218916625
12889,A,435.2822252067058
12890,A,498.4490333609676
12891,C,391.7319863967417
12892,C,310.1251851503261
12893,C,48.687865196468415
12894,A,366.1021745475175
12895,B,357.1951686051557
12896,A,390.02839242662156
12897,A,71.03214031574976
12898,C,330.3289250618103
12899,C,154.9047134263206
12900,A,382.5329092673885
12901,A,127.78323747541845
12902,B,345.14955164200126
12903,B,154.54654402215004
12904,C,14.407203480541257
12905,B,320.34537686681676
12906,B,65.50185074787197
12907,C,333.05282166622493
12908,B,463.5486296948994
12909,A,484.93050776343426
12910,B,125.60231279053016
12911,C,406.5340815488209
12912,A,183.24110566749576
12913,B,451.2239656465114
12914,A,395.86988862839314
12915,A,46.221641156424184
12916,B,209.49712699986588
12917,B,175.2857347447403
12918,C,394.7387001544057
12919,C,211.03999822004798
12920,A,345.44831485001106
12921,C,305.1932752393158
12922,A,488.0629723578406
12923,A,469.5146288327913
12924,C,219.57276222197217
12925,C,364.5533237041632
12926,C,416.43544605079865
12927,B,450.45401939245113
12928,A,43.385789250477
12929,A,158.01861164401342
12930,A,166.91272007457567
12931,C,222.87851609774052
12932,C,92.93972785055531
12933,C,253.14088117550395
12934,C,334.9750203762435
12935,C,253.7083209061917
12936,B,336.2386166468317
12937,C,42.55639959077115
12938,A,439.23379253663103
12939,C,470.14390412952355
12940,A,312.7746378181378
12941,C,441.8815893320795
12942,C,74.40854815762408
12943,A,400.74997083739197
12944,A,68.38261480157105
12945,A,209.92501343379297
12946,A,168.67108193355477
12947,B,296.9399943580226
12948,A,157.74212226737143
12949,C,322.283678536895
12950,C,190.01977168445933
12951,B,431.78728670492757
12952,A,320.60308170760965
12953,C,115.4961656875086
12954,B,174.70341679376264
12955,C,425.23623493706134
12956,B,199.37507749385466
12957,B,272.5415421271661
12958,A,327.98154861664307
12959,B,180.4267282970992
12960,C,154.04952907145346
12961,C,242.874902277934
12962,A,115.29167632546667
12963,A,149.2631875903411
12964,B,40.41845717569768
12965,A,158.94543522579266
12966,C,167.14500574814898
12967,C,481.29825148274665
12968,A,298.9671244782813
12969,A,395.81738845374474
12970,A,32.234853862358
12971,B,62.20297986810224
12972,B,409.12311082267024
12973,C,315.5392792146415
12974,B,103.58119496469942
12975,B,208.34974887225172
12976,B,273.9495249909952
12977,B,423.36881627734647
12978,C,39.60187593030215
12979,A,302.39392179000754
12980,C,361.34760157747513
12981,B,489.1670103761251
12982,A,405.50843836317034
12983,A,145.35138364698398
12984,A,357.69380500034987
12985,C,384.0061636142188
12986,A,367.57039496001363
12987,C,411.8705932964163
12988,C,452.82768834468243
12989,B,58.230635804776725
12990,B,61.33429026374824
12991,A,400.23599449761656
12992,A,133.66251349552073
12993,B,38.68529675553819
12994,C,206.60229868049683
12995,C,411.73968679477827
12996,B,72.0168616688504
12997,C,339.20256618418904
12998,B,11.77177226806817
12999,B,63.77134913410047
13000,A,181.91666942655854
13001,A,50.965117701962875
13002,B,424.4918170441853
13003,A,433.39454654127974
13004,B,380.22964451876686
13005,C,128.81501938385256
13006,C,266.3910668675901
13007,C,100.25237750645198
13008,C,147.8264405358243
13009,B,262.8425931651576
13010,C,370.1567661457909
13011,C,56.380646392883186
13012,C,155.3813818377622
13013,C,464.0444608002419
13014,B,220.2704257131252
13015,C,470.04614021556404
13016,A,495.78626536054645
13017,A,268.0633147945938
13018,A,151.14156479457677
13019,A,397.4806362005637
13020,A,88.06226040725733
13021,A,133.50296123931457
13022,B,394.5911556546483
13023,A,222.48650311869466
13024,C,108.75358912395671
13025,A,329.05161502663896
13026,B,369.0533120770246
13027,A,71.28490733077885
13028,C,145.72032738771773
13029,C,118.42561013239428
13030,B,196.12876809360154
13031,B,384.0879988322716
13032,B,359.71697011441887
13033,B,334.63671608801496
13034,A,13.07991747560969
13035,A,79.65022355639083
13036,C,119.41579906001273
13037,B,143.2583645590363
13038,B,81.74900540796101
13039,A,211.05462022220593
13040,B,46.838486656872696
13041,C,377.51087329001257
13042,C,395.98318577509144
13043,B,291.39067790444005
13044,C,53.95538975056424
13045,C,446.1407530779114
13046,A,483.1615560669761
13047,C,109.15814455767679
13048,B,355.2735115259527
13049,B,422.549929014818
13050,C,274.52332604592414
13051,B,168.42831876810695
13052,A,244.4937703893728
13053,C,261.01168788438144
13054,C,206.31215165213368
13055,C,465.622821880516
13056,B,374.502724361826
13057,B,128.23780470493233
13058,C,296.92302178673555
13059,B,347.45768395627204
13060,B,78.67664663404383
13061,C,185.6286137662729
13062,C,453.7186579859188
13063,B,287.9148190907487
13064,C,116.32889556955526
13065,C,70.16455107838388
13066,C,263.93117780269006
13067,C,278.3660042842806
13068,B,173.86308116376006
13069,C,318.9038539253681
13070,A,43.65549624750047
13071,C,81.1184497004089
13072,A,277.674172295517
13073,C,40.28968998378244
13074,A,441.6452948456393
13075,A,79.65172152369323
13076,C,340.22073830142284
13077,C,201.68968644006836
13078,C,205.89599629570174
13079,A,384.79586901946044
13080,B,254.73644574472783
13081,B,365.5711771854945
13082,C,257.5437020888569
13083,B,300.5236172885791
13084,B,382.75016765613543
13085,C,307.5812840314249
13086,A,311.6514036005064
13087,C,396.7175997995213
13088,B,475.0525397514929
13089,A,194.59091542831501
13090,B,292.7874070407161
13091,A,52.27384728943734
13092,B,185.81390147874478
13093,C,211.9041206857991
13094,B,419.266285243785
13095,B,261.56227704158164
13096,A,368.2225229162443
13097,B,19.313626012578965
13098,C,237.60140811787463
13099,C,451.6456559301563
13100,C,119.9138155598347
13101,A,25.445870800485334
13102,A,222.37027951960346
13103,B,355.1715921173217
13104,B,232.68711835232006
13105,B,235.38937362052025
13106,A,338.2044702067766
13107,A,134.650516058694
13108,B,378.42599790456893
13109,A,85.02563014380938
13110,A,203.91779659013397
13111,C,331.4439731507498
13112,C,415.90081354279687
13113,B,397.85022487087707
13114,B,363.62594366077195
13115,C,185.95722793283161
13116,A,69.92911498392468
13117,B,116.2487666695654
13118,B,433.76856914247765
13119,B,430.09237136500315
13120,A,476.26481774411775
13121,C,47.234439428815385
13122,B,273.0364517859535
13123,C,327.85469200307443
13124,C,358.22211476275976
13125,A,325.4929851551108
13126,A,387.3055810521182
13127,A,186.14107238177738
13128,A,97.92205834638625
13129,A,110.24585235371488
13130,A,15.869557840380526
13131,B,181.65771733204895
13132,C,54.95458493118887
13133,A,167.52945946719353
13134,B,317.82293781146143
13135,C,448.29424723754175
13136,A,421.40667098535306
13137,A,133.81036385921266
13138,B,75.700739677043
13139,C,104.60541416039834
13140,A,485.78345943276736
13141,C,279.2424950458905
13142,B,99.42608927028166
13143,A,421.9656157965394
13144,C,203.6437097131519
13145,B,450.6188544676164
13146,B,137.7317921488984
13147,A,202.67866181407572
13148,C,257.4244037671415
13149,A,447.3815137036255
13150,A,435.69114148647736
13151,C,291.43398444890016
13152,C,118.66999979263643
13153,C,207.6449161515588
13154,B,488.06020202909764
13155,B,307.808879699927
13156,C,392.7379000108564
13157,B,230.43370072709567
13158,A,270.68356497873515
13159,C,220.1875149939466
13160,A,354.4312890503643
13161,C,427.22079680456994
13162,A,258.6081361800361
13163,C,245.6250547317506
13164,A,176.7403688782145
13165,C,96.77738020410106
13166,C,470.2313842088033
13167,B,164.87906215295746
13168,A,402.3388171513999
13169,B,360.52004043086237
13170,A,397.5496241362832
13171,B,469.0163853523302
13172,C,315.45167250823965
13173,B,449.9956682572018
13174,B,92.17168822702389
13175,C,317.08916221882595
13176,B,388.4150503281602
13177,C,143.1041540646453
13178,A,372.9693626330629
13179,B,391.45364626695607
13180,C,417.2820984480579
13181,C,163.31262717200707
13182,B,343.9872291824715
13183,A,159.08410887078344
13184,B,372.1297898742431
13185,C,236.857095921399
13186,A,302.7967435183378
13187,B,213.76159090097875
13188,C,89.37163419561391
13189,B,97.2344695066282
13190,A,48.008764558445904
13191,A,312.85561306361427
13192,A,425.83281499699905
13193,A,20.21004486841966
13194,A,42.457356023293215
13195,B,234.15882622842605
13196,A,371.4831607224128
13197,A,87.27674590885614
13198,C,143.109146579105
13199,A,123.68303862808551
13200,C,205.53509714886553
13201,C,120.24935173860986
13202,C,182.77335248692899
13203,B,366.9858733443526
13204,B,309.39453174255266
13205,C,49.77903564192952
13206,B,322.4953764604017
13207,A,243.7678140640146
13208,B,467.937131606498
13209,A,151.7591153809861
13210,A,365.8215456525884
13211,B,368.1218032918392
13212,B,118.5353826945018
13213,C,452.5795762357587
13214,B,250.6797682105055
13215,B,342.65284977575817
13216,B,81.46922385291722
13217,A,136.32391932606492
13218,A,297.1924877892392
13219,A,166.32336150294125
13220,C,254.84953009977698
13221,C,193.26254769291174
13222,C,323.87136035558353
13223,A,248.70122776259635
13224,B,12.2588686268524
13225,C,328.34361059323817
13226,C,216.83956295458904
13227,A,177.4321868402092
13228,C,56.13190861877954
13229,B,117.98114837758082
13230,A,119.64842287461818
13231,A,468.3310547083172
13232,B,221.93135762580795
13233,B,30.61226513543332
13234,B,78.02017429922724
13235,C,48.72601110912691
13236,B,298.54600120153356
13237,A,101.4445308677451
13238,B,254.29324373807023
13239,A,191.33041080628803
13240,A,403.8994248006577
13241,C,167.0399222600275
13242,B,234.55008637443606
13243,C,363.42991881293466
13244,B,222.34209139601327
13245,B,398.67561264646264
13246,B,334.2253345559658
13247,B,211.15926583389083
13248,B,256.9511435863177
13249,A,483.9296933626748
13250,A,334.18963328911224
13251,B,453.44766072643915
13252,A,97.59166670082153
13253,C,246.78571656012446
13254,C,455.2442182240748
13255,C,168.07991010629465
13256,B,484.1554570917462
13257,B,57.567970332092145
13258,A,452.30887343476803
13259,A,228.15393981227075
13260,A,46.134640919168724
13261,C,440.96558036718284
13262,C,133.45070408046558
13263,C,20.90256149266035
13264,C,76.54548172890422
13265,A,332.9662235308832
13266,B,489.12762967771545
13267,B,64.61644839592324
13268,C,236.35454358113336
13269,B,98.51190996429092
13270,B,375.06790170978013
13271,B,67.84886088328895
13272,C,127.52245675563589
13273,A,106.23892414804497
13274,A,280.7346923798192
13275,B,437.8602050803098
13276,A,260.43419856664514
13277,A,38.53929185802092
13278,C,286.0605759924473
13279,C,400.78528966582456
13280,B,74.75653667911813
13281,B,45.62849502884994
13282,B,102.02581100320884
13283,C,375.58229818259747
13284,A,299.92340557068076
13285,C,274.89138044125696
13286,C,132.2451483695665
13287,A,172.79593167096112
13288,A,483.2836563422377
13289,B,127.90636109739899
13290,A,451.80625739499334
13291,A,294.4604371842909
13292,A,70.41526852191143
13293,A,238.98306529598332
13294,B,474.7888715068292
13295,B,215.0971430873057
13296,A,433.0594167467875
13297,A,135.65006037933676
13298,B,289.7518543821828
13299,B,423.4875085189671
13300,A,461.1373361731508
13301,C,248.05344990413735
13302,B,323.44717005126023
13303,B,11.460264083342164
13304,B,134.07942068156092
13305,A,146.56893083600343
13306,A,55.81157571067109
13307,B,147.05055654491858
13308,A,167.34979619848818
13309,A,484.6953593884147
13310,B,337.61516647481045
13311,A,218.74248891400867
13312,C,494.14668574079957
13313,A,85.08383691495949
13314,A,243.26508502593742
13315,B,327.0604814540342
13316,B,37.23451089719774
13317,C,361.3294404607282
13318,A,58.935002931775045
13319,C,78.7383312138417
13320,C,88.2478611064212
13321,B,465.15601506120373
13322,A,344.7854171177022
13323,B,331.159475540521
13324,C,282.19181326784616
13325,C,153.4749393606004
13326,B,314.2359552536822
13327,B,210.9733627454335
13328,B,81.2539135453813
13329,B,347.9026722605892
13330,B,73.49526228566214
13331,C,103.42760470037489
13332,B,410.6726628053269
13333,A,333.45737710132545
13334,C,319.18566556468477
13335,C,214.9193643279348
13336,A,204.17745393729186
13337,A,348.22867850084657
13338,C,372.6027139184324
13339,B,260.00446915851217
13340,C,484.9419297307779
13341,C,478.29278387024726
13342,A,212.09045010625172
13343,C,412.1049045987453
13344,B,276.20124238322353
13345,A,260.7603849030155
13346,C,36.9323900755394
13347,C,291.247608129472
13348,B,451.28318597595063
13349,C,392.2655861055951
13350,C,395.2954009026384
13351,C,88.36522890240622
13352,C,185.6402290954462
13353,B,124.27040915861554
13354,C,164.79848840326162
13355,C,293.97427831192545
13356,C,188.74406855142146
13357,A,284.7419305574904
13358,B,224.86561165454276
13359,A,150.44162364036654
13360,A,56.747682760527724
13361,B,447.0008440989435
13362,A,15.572949342277846
13363,A,10.80971918956587
13364,A,415.1308924841375
13365,B,498.4373607596371
13366,C,366.28038557969154
13367,B,17.48418065081352
13368,B,121.07821106757154
13369,B,486.19312312836104
13370,A,406.2160835651791
13371,C,287.7319234643084
13372,B,126.0617476257759
13373,B,17.041400904107
13374,C,20.222121592330414
13375,C,309.87062312981107
13376,C,20.697619412687327
13377,A,496.8787695434326
13378,C,99.85807841193167
13379,A,358.2466073159459
13380,B,85.97926349208258
13381,A,274.64577633788014
13382,C,49.49953134844661
13383,A,385.72142802128917
13384,C,296.61133641516653
13385,A,52.22167976669336
13386,B,425.8072327080027
13387,A,278.039121240584
13388,B,461.5802319065258
13389,C,459.1454531022752
13390,B,461.04881684842536
13391,C,48.114748098229306
13392,C,69.26930325971648
13393,B,493.975846760937
13394,B,248.92440248536593
13395,A,126.72488588628235
13396,A,387.1355993643424
13397,B,139.49975839411618
13398,B,366.3356871291347
13399,B,420.27003114638296
13400,B,394.2890548746875
13401,C,144.28342601698833
13402,B,206.79310129882617
13403,B,212.4929915843054
13404,B,250.72372987119118
13405,B,92.01269725466666
13406,C,231.71032470302777
13407,A,260.28366535258505
13408,A,270.53740832471567
13409,A,411.7512106923845
13410,A,263.49390425495267
13411,A,123.08412203170084
13412,C,334.9330817396517
13413,A,400.6839306024463
13414,C,166.49211655474826
13415,C,326.19990521862655
13416,A,81.9996180135462
13417,A,177.54388924325139
13418,A,455.51972547932075
13419,B,456.5409999496597
13420,C,291.9090435841012
13421,A,354.1522158239023
13422,B,428.4675534509113
13423,C,479.6910608031871
13424,B,250.04435574198703
13425,B,285.17211094675685
13426,A,213.66436765743683
13427,C,45.271149157650086
13428,B,217.17370149992104
13429,C,397.4073962977078
13430,A,404.393894015849
13431,C,447.2647861507169
13432,B,35.21868553622485
13433,B,268.3057488945106
13434,C,62.637999089167366
13435,B,108.36366975121423
13436,B,451.10608616649716
13437,B,253.42771663055098
13438,A,381.6870112393407
13439,A,41.548211905053606
13440,B,214.24498692317746
13441,C,340.3777375255255
13442,A,75.36917582632452
13443,C,169.65076076178474
13444,B,41.62842446170279
13445,B,329.1565710260601
13446,C,485.7367169384781
13447,A,415.25229065998656
13448,C,487.5653272357072
13449,C,424.34634959821426
13450,B,429.0459450365195
13451,A,292.81682573195786
13452,C,263.9436325924729
13453,A,209.0645905496355
13454,B,410.8664985724812
13455,A,99.21313001623206
13456,B,37.55020875385467
13457,A,474.4679731154908
13458,C,11.851310749703758
13459,B,488.64636771916736
13460,C,367.13815123814527
13461,B,170.96447065193553
13462,A,351.93172311229205
13463,A,410.75882702071243
13464,B,130.2274074333536
13465,B,387.73888480699515
13466,B,404.1411162540377
13467,A,132.18376876141926
13468,B,30.54391364521193
13469,B,110.01991943346786
13470,C,108.31674035580328
13471,B,41.96782254598676
13472,C,365.743618481046
13473,C,196.18771298462002
13474,C,443.3492220523906
13475,A,133.5638417759411
13476,C,232.0837608989644
13477,B,323.1185401741138
13478,A,439.9578253391712
13479,A,267.0643397934937
13480,A,193.02706762806758
13481,A,434.83738845128437
13482,A,162.02074809692917
13483,A,48.91761281996246
13484,A,228.07063268001758
13485,C,394.695720184016
13486,B,25.08260755922631
13487,B,297.08230004490014
13488,C,301.2873837783457
13489,C,464.985464079417
13490,A,150.36776040106068
13491,A,146.62994047324113
13492,C,225.83698915644229
13493,A,184.88830172104244
13494,B,370.8094727177701
13495,B,324.4585177944593
13496,A,381.8713085740705
13497,A,411.82047768735765
13498,A,462.2607550397324
13499,B,221.15899857447735
13500,A,492.50172084105924
13501,C,115.67379856778983
13502,A,360.038929354191
13503,C,271.66456548052275
13504,A,410.28129139559286
13505,A,243.61755509714874
13506,B,394.1299313275913
13507,C,465.7826701773622
13508,C,368.8241904086428
13509,C,390.2862002469789
13510,B,42.9159613202695
13511,C,110.42925449381751
13512,B,487.4088328467609
13513,A,349.66163185582326
13514,A,285.11001848239226
13515,C,189.81842296426052
13516,A,31.750610591389776
13517,A,190.87659490242615
13518,C,254.4673079118922
13519,A,113.6151595995745
13520,C,94.83702772417794
13521,C,259.12411016518325
13522,A,297.0930754574965
13523,A,127.55978023871718
13524,A,297.82084248354437
13525,A,451.16658229840453
13526,A,241.85489643046336
13527,B,430.12118309771887
13528,A,464.36300782132605
13529,B,55.27307417917199
13530,C,56.94767403183052
13531,A,243.2616496149247
13532,A,298.1701977156743
13533,A,218.68289758786432
13534,C,169.96087750457647
13535,B,324.0871169018164
13536,B,11.01994105146093
13537,A,484.3559076232338
13538,A,123.71875321213085
13539,A,459.37839660567346
13540,A,63.417224821907936
13541,C,126.66271920184056
13542,A,125.08811353287518
13543,C,498.1149230583166
13544,A,12.254267405683365
13545,B,323.42272255871296
13546,B,436.1464247198179
13547,A,339.41409047212096
13548,A,187.73957092630263
13549,C,479.5715877244381
13550,A,447.8251697486301
13551,A,222.6379109222637
13552,A,290.9309613794701
13553,B,484.08440202456796
13554,C,491.45457734397036
13555,B,230.4134051017966
13556,C,425.2015137901134
13557,B,157.9703112074288
13558,A,192.18830773602568
13559,B,90.76272266521087
13560,B,112.50045046059785
13561,C,331.86791810708587
13562,C,260.2829928234696
13563,B,123.2546117065454
13564,C,207.42571201720975
13565,C,192.85989533320404
13566,C,493.8065002223138
13567,C,428.2472602335759
13568,C,200.10350335807388
13569,B,457.8191236590562
13570,C,177.89134189780387
13571,A,337.2717412400811
13572,B,483.65849837423514
13573,B,201.23664335439062
13574,B,343.14363290141756
13575,C,155.00266742069027
13576,A,140.49303464300758
13577,C,291.33676655146047
13578,B,489.8396530362769
13579,B,232.03558587288327
13580,B,469.4421154551245
13581,B,458.0381249199332
13582,C,134.34368004904744
13583,A,206.89150947132043
13584,A,325.2182144621497
13585,B,263.8424833615819
13586,A,57.019679632955416
13587,B,496.91203476230754
13588,B,378.8004605935272
13589,A,224.47007873010875
13590,B,312.9025893364827
13591,A,52.91068046045276
13592,B,252.6978103079089
13593,A,466.107883750569
13594,B,449.33446944693935
13595,A,175.31661428674136
13596,B,270.370253272456
13597,B,351.7179268029469
13598,B,176.60454078487362
13599,A,41.79081686602986
13600,C,257.6664117917243
13601,B,304.8015105534348
13602,B,12.862384059540021
13603,A,56.831933033880006
13604,B,111.57241536113462
13605,B,180.54562062555775
13606,B,275.11509918698437
13607,B,153.983030192236
13608,C,145.33006905918683
13609,C,435.98117846841006
13610,B,81.07481399269886
13611,B,252.77546525445652
13612,B,476.88411129870667
13613,C,316.25649206686245
13614,C,361.43068514827485
13615,A,221.3061257813975
13616,A,19.766761888662586
13617,B,326.60388049993065
13618,B,319.6428978997808
13619,C,64.10954186703322
13620,B,236.45825967606942
13621,B,458.5111828861687
13622,C,110.49156766626781
13623,C,235.93838977071405
13624,C,235.940560748255
13625,C,407.27311939234283
13626,A,414.04217646142786
13627,C,382.04201563506206
13628,C,189.07253800225413
13629,B,45.298093259074854
13630,B,181.24665883976692
13631,B,343.0976886229564
13632,A,354.34582149964746
13633,C,482.8501026435923
13634,C,232.28420340741715
13635,A,319.89343564074227
13636,C,274.2035266540405
13637,B,83.80309445548632
13638,A,235.98921134474668
13639,C,276.9692257976072
13640,A,475.8673069607067
13641,A,189.60413666038846
13642,C,490.2485605229091
13643,B,275.72703627180135
13644,C,128.80992921849818
13645,C,103.91554963774581
13646,B,79.43050945751357
13647,C,231.93710658099198
13648,C,20.743950596572382
13649,C,228.07218882428404
13650,A,494.3182991564137
13651,A,338.35232990391063
13652,A,382.2951993881983
13653,C,68.31264145194865
13654,B,241.8194221301445
13655,A,150.2493195025998
13656,B,448.10778871462435
13657,C,98.83331128681714
13658,A,234.77933029700355
13659,C,298.14338198936247
13660,B,261.880134873481
13661,A,416.8193287054996
13662,A,123.41205394662379
13663,A,194.9216441076087
13664,A,398.1213053212367
13665,B,268.75499175103437
13666,A,207.03751896749907
13667,C,24.426832224967438
13668,A,379.1588577676486
13669,B,486.36921820371253
13670,A,313.9406346493699
13671,B,429.70519813750934
13672,B,263.26911416551377
13673,C,123.52367305744865
13674,A,17.07663107522128
13675,A,330.16515111909473
13676,A,251.62333564163987
13677,C,393.2280920729247
13678,C,350.3943845432992
13679,B,494.0966604212167
13680,B,260.0531658718995
13681,B,219.31564693977458
13682,C,150.50244782525454
13683,C,243.6620329777245
13684,C,437.70702428023185
13685,B,30.79546563795322
13686,C,489.1710231702325
13687,B,496.72052521082105
13688,B,302.93247550807183
13689,A,172.4566598107467
13690,A,119.29399447779167
13691,A,145.48029388559058
13692,B,34.551658987436205
13693,A,242.80436965684584
13694,A,38.08889272355886
13695,A,362.05236524020336
13696,C,192.2454332110985
13697,B,107.68871855610996
13698,A,276.97824333965883
13699,C,487.14206054907675
13700,C,350.6142140190249
13701,C,250.9559565510385
13702,A,390.6880066347081
13703,C,371.36347123050444
13704,B,446.9503759183189
13705,C,110.28778432103427
13706,C,430.8500123667787
13707,C,157.50278265043244
13708,C,471.0894746342976
13709,B,147.72192298390024
13710,A,464.15578614971133
13711,B,482.2574500873992
13712,B,81.29076515393699
13713,A,487.5049427987637
13714,C,52.00425453034832
13715,A,117.09821544013576
13716,A,227.64270262767423
13717,B,496.86270919873795
13718,A,249.39589507103588
13719,C,279.7006271574581
13720,B,350.26822526658776
13721,C,484.4638435537462
13722,B,393.8421860608798
13723,C,119.8354621676123
13724,A,158.4655560255338
13725,A,57.83783740817696
13726,A,325.78165844072254
13727,C,98.56275020421857
13728,B,136.1283953548892
13729,B,445.1756910383848
13730,B,170.11028091268744
13731,A,287.6568919935418
13732,C,204.80734430669673
13733,B,46.27533082889766
13734,C,187.80327664938548
13735,B,209.9534194876061
13736,A,448.8935399366439
13737,C,168.98082028670638
13738,B,195.82814868341325
13739,B,393.6194166494439
13740,B,381.888759093683
13741,B,401.1597855577605
13742,A,477.34766263724197
13743,B,399.82317421344425
13744,B,209.72801957676654
13745,A,412.53917328006503
13746,B,259.2505697240698
13747,C,146.079875934097
13748,C,158.42936338419608
13749,B,119.68277039606518
13750,A,81.04654933167917
13751,A,100.40030180828866
13752,A,40.95724447737149
13753,B,445.3409238168693
13754,B,466.1938267280704
13755,C,297.5174923220088
13756,A,421.83988273825565
13757,B,99.9498403000421
13758,B,451.8201743612227
13759,B,258.1171642189491
13760,A,42.91084637672199
13761,A,79.2432448021385
13762,C,161.39846578554042
13763,A,31.343214373828204
13764,B,161.55375522854737
13765,C,39.365912228256974
13766,A,125.65352654448434
13767,A,140.1781803696564
13768,A,497.240798419729
13769,A,125.41787014419558
13770,B,127.20135997990435
13771,A,346.52659449560866
13772,B,431.08516447306147
13773,B,199.6571521750224
13774,B,439.0528297709393
13775,C,176.66959016640098
13776,B,106.53778101135947
13777,A,171.52302392058454
13778,C,308.58462322471627
13779,A,189.90014806291614
13780,B,339.7179639547515
13781,A,126.09858091701638
13782,C,353.4865180546829
13783,C,180.24479799174867
13784,A,233.3755020849479
13785,A,283.295118817019
13786,A,346.2502515611369
13787,C,126.96970900587951
13788,B,419.61331333129715
13789,A,363.7029473800675
13790,B,124.70798032175973
13791,C,487.7375356754261
13792,A,335.75052560492463
13793,A,231.68917436868574
13794,C,87.188389521223
13795,A,271.27829113098437
13796,B,90.74018454528792
13797,C,220.45092256194346
13798,C,210.26913614236423
13799,A,362.77042573025545
13800,C,104.2677587998824
13801,A,412.71696388671444
13802,A,169.80484023792124
13803,C,227.55442721469979
13804,A,388.4470780213828
13805,B,316.44227585962227
13806,B,160.9324223829493
13807,A,199.23943302748168
13808,B,159.83553885490898
13809,A,301.437381965807
13810,B,172.98602127135146
13811,C,365.591870443739
13812,A,294.0957077060258
13813,A,81.3962397562794
13814,A,162.0316231531424
13815,A,118.50924653597632
13816,A,201.25347415022782
13817,A,262.8322022425879
13818,C,258.3138000692138
13819,C,379.7166015160116
13820,B,102.69421316483758
13821,A,473.77168635574895
13822,B,177.99410237226263
13823,B,157.12193498890787
13824,C,345.7375033083077
13825,B,404.70314805470065
13826,C,195.45116475869017
13827,B,375.9550176980488
13828,A,443.0306185066668
13829,B,385.73379595140915
13830,C,26.756277929708165
13831,C,415.4107665694322
13832,C,389.49566964264
13833,B,337.95221669506117
13834,B,382.4109853530727
13835,C,489.91844395765
13836,A,221.24531503099135
13837,A,42.93938512775293
13838,B,235.83608511758118
13839,B,32.75249114161349
13840,C,154.18269996334595
13841,B,297.5710979804119
13842,B,161.7152175338166
13843,C,345.8436704956739
13844,C,412.77330056600334
13845,B,216.01519784697308
13846,A,451.0675961335717
13847,B,49.121076361696105
13848,A,421.6554504582204
13849,A,416.0008412652565
13850,A,167.7770092001148
13851,C,156.37044169106133
13852,C,159.4965407652212
13853,C,407.58291904876137
13854,B,417.5102089289956
13855,C,171.56400482555713
13856,C,300.3692702477863
13857,B,78.0772824258227
13858,B,239.70158175770084
13859,A,499.40849691921375
13860,B,87.83118237606095
13861,B,474.3056935804289
13862,C,413.8848137628538
13863,A,486.3851789636723
13864,A,97.99359269916118
13865,B,114.62406031724848
13866,C,18.264919050080756
13867,C,365.1038883286467
13868,C,325.606399783731
13869,C,97.25206477911873
13870,B,397.6610331156152
13871,C,156.60579800454545
13872,A,76.14782897201123
13873,A,217.05570585948058
13874,B,54.57522572915948
13875,C,138.98939157389086
13876,C,191.95334562939962
13877,C,427.41344551193345
13878,C,398.34888323367846
13879,B,226.94960001780294
13880,C,365.0417782986699
13881,B,288.6383217277124
13882,C,177.01250898825336
13883,C,365.67842831268956
13884,A,344.9145856885252
13885,B,313.356276674865
13886,A,312.79820531119276
13887,B,344.6611762402186
13888,C,198.42730119484372
13889,C,435.84714938317416
13890,B,89.5308442932658
13891,A,443.1038769871855
13892,B,177.71810308567726
13893,B,71.26549164822504
13894,C,304.0134273127737
13895,A,194.23346784449856
13896,B,409.59486628072443
13897,A,221.084879579096
13898,A,337.5956375254338
13899,B,161.0464148573645
13900,A,112.63166376241664
13901,C,200.14402516492368
13902,C,307.3358389551924
13903,C,331.9039022135624
13904,C,293.321265996029
13905,A,494.1473021258134
13906,C,348.634191382631
13907,B,466.4446175224897
13908,C,67.7872654986355
13909,B,40.072735608604646
13910,B,162.3874039858573
13911,C,76.92857980444774
13912,C,267.67557883185117
13913,A,264.3008142264066
13914,B,291.7731115575356
13915,C,375.16166160722565
13916,A,485.95155310403675
13917,C,440.34675880518176
13918,C,67.99994739203498
13919,C,175.87170749762205
13920,B,135.35328227354051
13921,C,96.64050531209847
13922,A,276.9151895613344
13923,C,281.09955699603796
13924,C,121.34996566515005
13925,A,358.8296526502759
13926,A,369.1280065930576
13927,B,20.28019746862732
13928,B,203.9212748239351
13929,B,446.1689141887943
13930,B,264.95611803948077
13931,A,180.3376227051072
13932,C,134.30131428161377
13933,C,129.24371475995832
13934,C,58.88633658689511
13935,B,410.44094535561516
13936,A,52.4621286431439
13937,A,153.22443527228975
13938,A,32.38111189751307
13939,C,392.87941916461324
13940,B,29.249004291127328
13941,A,161.06754089542213
13942,B,290.9157113424654
13943,A,210.68506654378746
13944,B,148.3128229520592
13945,A,144.8426454894954
13946,B,400.9172499430622
13947,A,487.2492665927501
13948,A,180.54012451990877
13949,B,29.181301668418097
13950,B,27.917231175463126
13951,C,382.01457345325184
13952,B,280.6612125884722
13953,A,393.9604021344919
13954,A,351.77353504140166
13955,B,454.6781111400443
13956,C,444.05390261284555
13957,B,396.2804238543769
13958,A,242.84268842065043
13959,A,160.9819397258877
13960,C,258.44312584787355
13961,B,256.01508758671355
13962,A,309.03501895577546
13963,A,101.187808213623
13964,A,331.2537414180445
13965,B,233.73445286084973
13966,B,313.900367651021
13967,C,127.40636323057737
13968,A,222.85349799990394
13969,A,112.99859508173493
13970,C,438.8995268108328
13971,A,249.10091207035342
13972,C,120.24089363116794
13973,C,30.19226091335768
13974,A,341.11194568023546
13975,B,115.1759098549803
13976,B,494.8952742362014
13977,B,271.5131829734341
13978,B,151.59872816153572
13979,A,332.26194255838885
13980,C,144.85776248466192
13981,C,411.9344040157758
13982,A,161.03566495567154
13983,B,494.2413888739955
13984,C,306.52094486819385
13985,A,423.761462981905
13986,A,45.679580093426885
13987,B,180.66671451923222
13988,A,371.36867222141336
13989,C,330.9789184968855
13990,C,105.1791295025413
13991,A,184.53943594975783
13992,C,139.08726966889506
13993,A,310.5513831833031
13994,C,178.83843243479973
13995,B,161.4365785801714
13996,C,111.61521041380743
13997,B,210.42328924817767
13998,B,105.79626919631126
13999,A,481.65909781503984
14000,B,85.70588763269866
14001,C,457.51931032980036
14002,C,219.95181809672516
14003,B,195.1543358652438
14004,A,123.34670244337593
14005,B,321.52060384008433
14006,C,345.90872735530985
14007,C,239.10977150368456
14008,B,37.29637888977783
14009,B,460.06997383738945
14010,B,490.3612751094267
14011,C,221.21127345379915
14012,C,310.6937956305703
14013,C,230.6463268594359
14014,A,167.7210289341991
14015,C,47.886208500325736
14016,C,233.47318789467644
14017,A,411.00843261613124
14018,A,18.34541593312175
14019,A,295.2327647583089
14020,A,441.57833327607756
14021,A,116.59922070703543
14022,A,99.79537369764047
14023,B,388.4155465939521
14024,B,134.9923512484537
14025,B,104.07229110471775
14026,B,195.21473277892517
14027,C,202.32598601240682
14028,A,438.3095208781173
14029,C,313.03730124750166
14030,A,208.9211136063988
14031,A,271.85010250002574
14032,C,477.4429643293843
14033,B,65.47519153884873
14034,C,111.7806056450988
14035,C,481.6390662274121
14036,A,479.08917577833
14037,A,96.81105641973859
14038,A,81.10332039139612
14039,B,216.3317158259237
14040,C,34.36196331910486
14041,C,330.90273081971867
14042,B,47.97305061425367
14043,C,38.43451727619755
14044,C,247.74159874233612
14045,A,479.31545169394974
14046,B,219.1300086709482
14047,A,184.67576774367004
14048,B,498.9987905961201
14049,A,270.66479078179987
14050,C,193.86828937622178
14051,B,199.0717985373849
14052,B,105.53015305642013
14053,A,260.9892981492941
14054,B,225.03896380232285
14055,C,142.68969521023257
14056,C,88.66464243486229
14057,C,162.5070456471013
14058,A,259.2548305669874
14059,B,38.58330341955282
14060,A,85.33457400613842
14061,C,474.3520608148567
14062,B,275.99912200535607
14063,C,41.09015879341855
14064,B,349.61300179709076
14065,B,40.28340633872702
14066,A,372.04837125272275
14067,B,377.48173364281314
14068,C,329.0286981171338
14069,B,368.78022686348135
14070,C,53.103232696398294
14071,A,366.12247065408116
14072,C,76.97727666470264
14073,B,176.35789456320347
14074,C,471.9451742153101
14075,C,256.40898405297867
14076,B,484.0389517206768
14077,C,53.5720048545014
14078,B,244.00273378595824
14079,A,40.577136935666616
14080,C,318.80302857564953
14081,A,48.56643067057303
14082,C,95.93022324478488
14083,C,136.82685193394744
14084,A,376.88448731559674
14085,C,90.34143822085663
14086,C,424.8497061136032
14087,A,74.63293002709243
14088,C,27.269780044376606
14089,B,203.57225529513724
14090,C,489.9264045659346
14091,C,64.06769161650084
14092,C,59.84203757941823
14093,A,378.0715902898557
14094,B,162.959230056847
14095,B,361.4679924406013
14096,C,108.00518882724805
14097,A,235.43527715709982
14098,A,139.99204009696976
14099,B,231.2488252907526
14100,A,386.85757536679887
14101,C,383.3848708340542
14102,C,262.7284209601246
14103,A,464.902203423315
14104,C,139.25421019965427
14105,B,127.75256204842421
14106,C,310.7651365759625
14107,A,314.43554676622665
14108,B,32.80461938683726
14109,C,307.8110790695798
14110,B,193.47371710101703
14111,A,376.24683740707394
14112,C,405.9717756271837
14113,C,280.5553715780479
14114,B,10.835465436109892
14115,C,321.8192469816546
14116,C,376.9518270363078
14117,C,132.00180045344197
14118,C,237.67654055898652
14119,A,483.20604547177624
14120,C,156.0766211631107
14121,B,119.34509301045298
14122,A,113.31884733422497
14123,B,283.81240883345816
14124,B,475.39567964092316
14125,B,308.2581633081738
14126,A,158.62832891645337
14127,A,322.8991912530525
14128,A,316.1727258229158
14129,C,302.49331650753055
14130,B,88.11884137526798
14131,A,320.93773167904715
14132,B,220.78058173210482
14133,A,19.110108725286352
14134,A,274.4845987022726
14135,A,494.74070515702465
14136,B,181.37239951355193
14137,C,483.1240169761425
14138,A,57.14081341467133
14139,A,368.90055677498003
14140,A,66.02169738478932
14141,C,144.05007104208434
14142,B,289.71200930784096
14143,B,300.46205004860695
14144,B,389.85354544474393
14145,B,311.5025895414452
14146,A,300.8712051464748
14147,C,457.05301262467776
14148,A,231.55876858248703
14149,C,120.38023156057697
14150,B,89.27640666157882
14151,C,205.9973524366549
14152,A,359.2488500449109
14153,A,30.84630761565144
14154,B,73.236159389609
14155,A,61.99559545078332
14156,A,296.7725749952148
14157,C,129.00367876032047
14158,A,91.46711986768429
14159,B,300.4576526740809
14160,B,383.04185857166584
14161,A,172.75590906180554
14162,B,293.3202567815321
14163,C,58.080962467735496
14164,C,468.2436049242093
14165,A,175.0791308042387
14166,A,498.7777896550156
14167,C,489.5080003663932
14168,B,391.6234901745476
14169,A,19.832876749413693
14170,A,276.302710988338
14171,B,52.54984601560563
14172,A,448.6176327211429
14173,B,396.9217637972274
14174,B,486.44678453188465
14175,B,308.10764704339977
14176,B,265.8646741973256
14177,B,264.29718941274996
14178,C,199.359703482629
14179,B,239.65813294227908
14180,C,321.35216573632164
14181,B,467.1443277025758
14182,A,301.9833257454552
14183,C,429.98681173550995
14184,A,432.7621565382253
14185,B,264.228011165647
14186,B,180.2601243338346
14187,A,323.3911979327197
14188,B,228.47989753827295
14189,A,49.90602498774712
14190,B,195.1264592118925
14191,B,497.09534764416924
14192,C,33.77081631288073
14193,A,351.3667868314541
14194,B,422.18246548491106
14195,A,327.87569270293557
14196,C,289.1766332700121
14197,A,356.7016643195912
14198,C,220.37794127683128
14199,A,54.76725128134961
14200,A,481.56215960865705
14201,C,221.82737729225607
14202,B,336.0407262123286
14203,B,270.3421140757547
14204,B,36.78980526900173
14205,A,476.84583448634385
14206,A,398.34324079601845
14207,B,83.05796829000352
14208,A,491.00794938125074
14209,A,371.08167236413686
14210,B,241.43760870987134
14211,C,309.5713277141909
14212,A,62.30097418715278
14213,A,284.60163990764937
14214,A,46.09392528835911
14215,A,276.97907598845796
14216,C,280.8208874937649
14217,B,438.47500472876453
14218,A,365.27817513342404
14219,B,132.28067218540883
14220,A,445.3288096720499
14221,C,290.88890577552286
14222,B,307.12594450127654
14223,C,92.80087091886737
14224,A,430.30906202486585
14225,C,466.17290635810656
14226,C,389.745418252505
14227,A,470.96870179605304
14228,A,158.12695301994947
14229,B,431.9483924977579
14230,A,249.55764000323384
14231,B,90.31942944235661
14232,C,337.7122935263666
14233,C,345.21893264588067
14234,B,150.59301174077817
14235,A,23.47173249750933
14236,A,107.92515695192603
14237,C,205.8909983602045
14238,B,92.10582641933559
14239,C,105.07467463740605
14240,C,201.78142554731207
14241,A,481.2754410111946
14242,B,384.4793225497477
14243,C,166.6767166010164
14244,A,476.2859937700886
14245,C,326.366928206779
14246,C,233.17032587366867
14247,A,239.46709748802206
14248,A,211.264789239342
14249,B,124.16610574751044
14250,C,199.4497741847158
14251,B,268.6692281812624
14252,A,268.7334018578083
14253,A,383.2510820841338
14254,C,185.81095000710275
14255,B,361.2310343589367
14256,B,293.2650009966555
14257,C,481.30424821814887
14258,C,198.7896137566515
14259,B,451.59606748778725
14260,A,412.11484817616184
14261,A,322.4554994488339
14262,C,330.71208870363745
14263,B,51.478467957141234
14264,B,475.61005674078183
14265,B,62.39867111291452
14266,A,285.98432128431847
14267,A,171.7346922200857
14268,B,220.62746936202737
14269,B,308.98967531004035
14270,C,455.3371751623376
14271,C,234.20789055042772
14272,B,493.98748210015617
14273,B,300.4779120222349
14274,A,88.6714318946655
14275,B,103.10455446731362
14276,C,360.894407438733
14277,A,34.694919179257056
14278,C,245.36737234889114
14279,C,82.62736380372314
14280,A,222.27713123714403
14281,C,377.45953681514254
14282,B,234.81833483830275
14283,C,90.09104340065421
14284,A,133.4434314747548
14285,A,190.09439843956937
14286,A,44.08497990834321
14287,C,296.3254416797497
14288,B,307.6915577262446
14289,A,40.45444429495805
14290,B,207.13254737533939
14291,A,212.86033461351522
14292,B,173.57158859077458
14293,B,283.2924727622448
14294,B,179.51917012945478
14295,A,214.04054694412497
14296,C,400.7865382463867
14297,C,89.4335841607987
14298,C,313.3662006986762
14299,B,257.74125682851434
14300,A,159.48510236488104
14301,B,366.49198168030125
14302,A,280.0822961751625
14303,B,243.90714821074073
14304,A,337.15796423788805
14305,A,403.1222509108668
14306,A,486.60770711645233
14307,B,318.381680504423
14308,C,438.4755928461876
14309,B,10.534855101248903
14310,B,269.8154894356867
14311,A,115.17729889739707
14312,A,56.15430397073722
14313,C,270.6657983615521
14314,C,375.9449880130561
14315,A,212.01353601244608
14316,C,338.3526501787731
14317,C,249.96243438206548
14318,A,224.17207432011875
14319,B,152.2257538135717
14320,C,197.47082210549223
14321,A,181.39985908926965
14322,C,326.6317201672919
14323,C,66.84907052677838
14324,A,55.391820657024944
14325,C,333.4063671621456
14326,C,277.6860542406516
14327,C,220.79804740390222
14328,B,84.69701335987274
14329,B,211.40328481596265
14330,C,396.96856402680567
14331,A,445.91440553673596
14332,C,354.26251928246785
14333,C,39.356966181631606
14334,B,338.5007905345481
14335,B,128.08293887768434
14336,B,164.4731090829385
14337,C,105.97787190039242
14338,C,390.12033740390024
14339,A,327.8150400922667
14340,C,309.7991767535986
14341,C,337.3065787379453
14342,B,126.01840808791266
14343,B,227.87576301942718
14344,B,320.2943235590047
14345,B,321.9310735329672
14346,B,398.00741275001394
14347,A,150.68094367717418
14348,A,387.464699631443
14349,A,225.6903955022985
14350,B,338.38461910887804
14351,B,233.30249623199052
14352,B,474.8189831975622
14353,A,97.85810972340579
14354,B,340.752493405355
14355,A,292.5021503763979
14356,B,94.63821006439485
14357,C,42.34310454771728
14358,A,401.5807505961152
14359,C,87.15115348666994
14360,A,101.38827456503023
14361,B,489.4327697546293
14362,B,361.45781722354906
14363,C,132.73855238459902
14364,B,299.5649904742846
14365,A,271.7148008172315
14366,B,423.7919010817853
14367,B,367.36716643798593
14368,A,417.54335149166104
14369,C,113.6382281089076
14370,C,323.7074101398325
14371,B,29.718020625006357
14372,A,43.78090001681785
14373,C,359.6282460252527
14374,C,21.965850295526362
14375,B,294.0848543612495
14376,A,421.79849823781973
14377,C,196.17148612483402
14378,B,31.971814051557267
14379,B,359.7852503180761
14380,B,465.5463617074339
14381,B,361.41398210855124
14382,C,293.4391490713599
14383,A,122.71412664073942
14384,B,17.534055781803527
14385,B,350.3893331547361
14386,C,123.20282616370355
14387,B,430.4997118193552
14388,B,238.51841822797954
14389,A,270.01143536250356
14390,B,379.4289066905197
14391,C,391.9209978236382
14392,A,324.8989082094784
14393,C,469.83158955224405
14394,A,491.3262337970055
14395,A,473.97386774356227
14396,B,413.84780081853233
14397,B,355.7563579196832
14398,B,335.0296703620171
14399,C,60.83758669106161
14400,B,143.0273299413651
14401,B,12.787229529394747
14402,A,77.33083641465602
14403,B,225.2224438129023
14404,B,81.80290988664593
14405,B,451.81507319161136
14406,B,404.79260081428816
14407,A,45.08983692386393
14408,B,131.96772057896035
14409,A,411.3452234596393
14410,C,403.49260201433805
14411,B,473.2707695577165
14412,B,498.7984031925065
14413,B,488.3723309881497
14414,A,210.9676130035063
14415,B,132.66093746299578
14416,B,381.6209933092606
14417,C,156.6437174445751
14418,A,405.1361764643516
14419,A,271.63781789498296
14420,C,399.0243648651274
14421,A,145.18114106133513
14422,B,258.9333846213722
14423,B,286.3716588650692
14424,C,472.12295318286476
14425,A,140.63281264690448
14426,A,468.9772372495984
14427,A,404.38086857820076
14428,C,368.1380865024807
14429,B,395.56643190071134
14430,C,306.6582724812279
14431,B,129.59920512661807
14432,C,102.85253473152784
14433,B,434.50730356669135
14434,A,365.31830727195825
14435,A,114.47009855286504
14436,A,311.3957492784568
14437,C,229.29777589296967
14438,C,87.74103328191602
14439,C,270.6099835850105
14440,A,147.94435530854446
14441,B,57.15962083721006
14442,A,238.8095662872513
14443,A,299.1531905258453
14444,B,32.98414108676375
14445,B,207.02544721138844
14446,B,136.2543407199758
14447,B,25.018789446543884
14448,A,71.57464930963783
14449,C,78.126737821005
14450,A,99.60838157780586
14451,B,403.6550100045814
14452,C,225.3510145742882
14453,C,82.07213621248957
14454,A,59.14551379466573
14455,A,155.99082477722914
14456,A,401.02760416518163
14457,C,188.5853254904253
14458,C,88.34970654402966
14459,C,208.01692895761835
14460,B,282.1026630706582
14461,B,24.496249982626786
14462,A,317.54448270568486
14463,C,203.59936897724677
14464,A,14.765678814285248
14465,C,340.20580548372664
14466,A,359.0699414256976
14467,B,318.13149639375456
14468,C,177.5458066232269
14469,B,269.50637849232095
14470,C,199.70727600538333
14471,A,353.3046477782503
14472,C,295.95429125450744
14473,B,50.08156577545038
14474,C,325.1158435273087
14475,A,346.74682302552276
14476,C,191.6440685012027
14477,B,439.13503267025516
14478,A,423.0770338740317
14479,B,95.83159671087155
14480,C,453.09049115807557
14481,B,226.02746203258798
14482,C,364.63732979080373
14483,A,408.9075334139456
14484,B,257.505086324148
14485,B,205.5599502916997
14486,C,458.5711706213982
14487,B,123.11824093835737
14488,B,135.9153380823808
14489,A,187.19395386658417
14490,C,431.13823120557714
14491,C,470.00624946440723
14492,A,117.83318022988232
14493,A,433.2963723393102
14494,C,136.51945013959897
14495,A,485.61421090744517
14496,A,302.72986707097533
14497,A,13.472369049217374
14498,C,26.723652994877163
14499,A,82.26742009430716
14500,B,101.9108473311908
14501,B,386.13337018503233
14502,C,119.15527944430545
14503,A,484.8793938244313
14504,B,321.6949080294398
14505,C,349.3335795342237
14506,B,116.73009444975168
14507,A,447.4260939065915
14508,C,337.2291406817664
14509,B,433.5587559275133
14510,C,478.6757376433012
14511,B,71.56407878370226
14512,B,57.327742831783375
14513,A,403.6698350289215
14514,A,434.4017689561434
14515,B,296.043096230213
14516,C,189.3402683977551
14517,C,329.7885216768596
14518,A,159.77539557030408
14519,B,126.8089891551994
14520,A,249.19115266836008
14521,B,115.91537552712605
14522,B,247.01476807443473
14523,A,478.73718767715025
14524,C,421.49417745252134
14525,A,471.3991505550109
14526,B,405.1011976752057
14527,A,183.82795861367558
14528,C,407.90216689026397
14529,C,462.22871434107486
14530,B,474.0475360401567
14531,A,344.7669468356486
14532,C,113.56965546940545
14533,A,29.467285148698515
14534,C,82.12811179847633
14535,B,483.1179897680333
14536,B,236.427443854457
14537,A,428.9431472677082
14538,B,237.87163524356265
14539,C,333.8006158953213
14540,B,21.828980789943486
14541,C,132.4338219324897
14542,C,223.77194722086873
14543,B,319.00921310553997
14544,C,94.04538214605746
14545,C,384.6302174925401
14546,A,188.55830600675628
14547,A,410.5432819246034
14548,A,58.00485429358297
14549,B,343.0807279643622
14550,A,153.73088327119
14551,C,399.7377553200828
14552,B,207.06350925078118
14553,B,336.0213198091476
14554,B,467.809581631872
14555,B,20.107049686744535
14556,C,15.44722334384308
14557,C,387.4368335665896
14558,A,326.7325952389583
14559,B,153.560063047172
14560,A,252.25438435938858
14561,C,30.548476143445683
14562,B,104.29834662700799
14563,C,218.00322351831207
14564,A,418.68176394852634
14565,C,245.03691960144155
14566,B,297.3176272177296
14567,B,438.1393580769524
14568,A,161.3212676585342
14569,B,353.3426673400074
14570,C,432.2169567523441
14571,C,109.2816933411266
14572,C,184.6743009224379
14573,C,490.106985205784
14574,A,491.7770967501434
14575,C,119.38266584402957
14576,A,42.558461057387774
14577,C,142.7515895419259
14578,A,204.88865907880677
14579,C,226.09274445627022
14580,C,313.2150905919076
14581,A,450.75635246445773
14582,B,171.8705258345096
14583,B,426.49242239461216
14584,B,55.804671254047186
14585,A,30.51860249687521
14586,B,256.982139730496
14587,B,39.234489431996394
14588,A,202.32000260477278
14589,B,449.42127726592486
14590,B,128.32668774166194
14591,B,355.92812981120255
14592,A,158.15904227113276
14593,A,32.01082706864645
14594,B,282.7783848910516
14595,B,419.07821036300834
14596,A,210.6395396878835
14597,B,312.4739749644627
14598,A,451.0115628522857
14599,B,396.950311241124
14600,A,104.99943570248146
14601,C,369.35814008885285
14602,C,255.92758232847447
14603,A,375.5237358641815
14604,C,252.3126197558869
14605,B,72.69950041306839
14606,A,289.2556288777272
14607,A,251.14565627469656
14608,B,263.7816494843065
14609,B,440.66220228647643
14610,A,448.4701528860632
14611,B,232.233182315202
14612,A,233.3087002272433
14613,B,262.44160984758184
14614,A,264.5987463837859
14615,B,475.68970064776516
14616,B,328.20622901497177
14617,C,145.95392749509253
14618,C,270.4530305074551
14619,C,317.3395556249116
14620,B,323.4881432968426
14621,A,296.7745708567095
14622,B,97.09071576455331
14623,C,26.460662648958664
14624,B,175.54309565975865
14625,C,219.48585573452425
14626,C,40.28407739228244
14627,A,409.3339956297246
14628,A,178.59794438003414
14629,C,457.6800456274673
14630,C,85.66095284270993
14631,B,37.89812889928358
14632,C,246.33489114929768
14633,B,102.67337504459626
14634,C,469.325645033152
14635,A,15.048665242332088
14636,A,212.18364077892713
14637,C,464.10640795913247
14638,B,198.36492129758648
14639,B,55.62354749422577
14640,B,158.41852200227567
14641,C,254.0250929788724
14642,C,100.72432679823322
14643,A,238.61523552019833
14644,A,419.80816593506034
14645,C,437.5828053963404
14646,A,34.13776000825874
14647,B,88.84264544576101
14648,B,144.89216652573404
14649,C,301.4842669349249
14650,B,186.8874318083089
14651,C,423.580047588577
14652,B,361.1692154586394
14653,C,59.223451325619024
14654,B,316.0331762309247
14655,B,65.37618642001942
14656,A,134.96747812186544
14657,A,97.15661043177174
14658,A,94.80035510834543
14659,A,312.033807140661
14660,A,286.1664120515391
14661,A,96.25379486598617
14662,C,495.1846746550316
14663,C,216.69999886046395
14664,A,57.56397079591895
14665,C,69.07881830800642
14666,A,296.1079197260314
14667,C,489.7440076579017
14668,B,290.25603979340696
14669,C,475.03032354215225
14670,C,227.62509687143313
14671,C,223.56214078948588
14672,B,255.0036060647823
14673,A,351.73847449622207
14674,C,190.131823561153
14675,C,433.30415601268896
14676,B,24.347878536391654
14677,A,225.48445556393673
14678,C,260.38600649015973
14679,B,307.44579674891713
14680,A,145.275237059273
14681,A,219.46518578305933
14682,C,247.42349760488776
14683,C,346.5858895547745
14684,C,389.03665052054885
14685,C,371.5353903984557
14686,B,177.3756956218968
14687,B,499.73075626606214
14688,C,425.8460027757179
14689,A,137.41145284103476
14690,C,105.60184477968549
14691,A,163.87041278586133
14692,A,231.648977969826
14693,A,426.89169537661076
14694,B,391.39750925932185
14695,A,427.1106005178793
14696,A,143.25898630606096
14697,B,300.7959990013997
14698,A,148.79204051591347
14699,A,63.42134875255164
14700,C,345.25689430259354
14701,A,80.068800085765
14702,A,337.171903236171
14703,A,327.5025094036505
14704,A,407.02173776776834
14705,A,78.38175623614654
14706,B,393.9052727693173
14707,A,499.64549771365614
14708,A,427.01079980709204
14709,B,378.38791740055643
14710,B,334.46102380040674
14711,A,216.67292749586042
14712,A,367.9450822668851
14713,A,364.84723721882204
14714,C,319.4341585167712
14715,C,400.1764053659359
14716,A,229.894305329149
14717,B,69.41382894487141
14718,A,283.9431865285263
14719,B,139.87132906855788
14720,B,198.37221774028362
14721,B,18.53330293120075
14722,A,197.56738807976285
14723,A,406.3125420063728
14724,B,275.93395979974485
14725,C,14.802258197645811
14726,C,240.22347191752516
14727,C,152.81130734624963
14728,B,243.99982114461386
14729,A,208.29943350945976
14730,B,466.6698175831169
14731,C,30.176876491877746
14732,A,344.9581255281468
14733,B,427.0030321878533
14734,B,480.02690647873294
14735,C,97.04175100670498
14736,B,270.33935296343503
14737,A,31.35889288543384
14738,C,254.59992698299337
14739,C,71.47446387508114
14740,A,420.5693706023696
14741,C,65.79630127662878
14742,B,261.5112965893827
14743,B,265.3370738064493
14744,C,486.1087439864867
14745,A,330.9405400790552
14746,B,151.04174360763295
14747,A,127.99166186968785
14748,B,72.8416207660818
14749,B,380.69221478403915
14750,C,348.4707615293459
14751,C,308.8397923809719
14752,A,30.011817045494286
14753,C,383.7861445332043
14754,B,324.52491280275484
14755,B,482.3055453741393
14756,A,297.7290436396379
14757,A,158.936434264237
14758,B,196.94507057276692
14759,C,96.16194563533392
14760,C,364.22794927867875
14761,A,356.7836134106454
14762,A,108.31850758406136
14763,B,87.65976835931652
14764,B,47.73241726907535
14765,A,456.8681144040617
14766,B,124.20421851047705
14767,A,178.64012810838395
14768,A,147.4472091049704
14769,C,212.6760552792876
14770,A,359.8839116974168
14771,B,436.5918605258794
14772,C,99.47338726898468
14773,C,346.34204843317093
14774,B,182.75544969881773
14775,B,490.4583124656735
14776,B,156.47038804919765
14777,A,13.524548443851382
14778,C,262.66358726972413
14779,A,83.85823129520949
14780,A,31.80226914101556
14781,A,352.1519236543772
14782,A,368.80704842914366
14783,C,235.74251642708623
14784,C,341.67390321072287
14785,A,273.7373296410956
14786,B,318.6025427837465
14787,C,302.384946862101
14788,A,336.2531543872403
14789,B,107.81901784985392
14790,B,141.6662438179831
14791,A,225.5819432587691
14792,C,228.60272461540134
14793,B,389.46173867758307
14794,C,190.0228930224707
14795,C,89.62752646899936
14796,B,133.21832554062718
14797,A,115.2194161682719
14798,B,368.5134094354508
14799,B,240.4664111667312
14800,C,357.2290420057819
14801,A,213.9476435712372
14802,C,445.9704452269135
14803,B,491.9249507841399
14804,A,338.2228292642797
14805,A,433.2681530457472
14806,A,258.8873009143107
14807,A,467.9642117734149
14808,A,417.47737797968574
14809,B,495.97150016535915
14810,B,315.3159303106125
14811,B,391.811302731432
14812,C,276.0053885893246
14813,A,136.9688510929972
14814,A,183.83003385358128
14815,B,448.0626532183449
14816,A,37.41449383332408
14817,C,299.82514417646
14818,A,192.51717592701326
14819,A,199.4793436227223
14820,C,443.439891142746
14821,B,428.372963527651
14822,B,303.43276403050965
14823,A,143.73023522812363
14824,C,242.97360961939177
14825,B,210.06376295671586
14826,B,183.2728343092227
14827,B,60.36493349307525
14828,A,276.125804490507
14829,C,157.89733595849697
14830,A,333.79589203448893
14831,B,166.40992855451006
14832,C,221.27011163605286
14833,A,35.65658335525969
14834,B,496.34365425368406
14835,B,258.7290878048361
14836,A,21.87642114044468
14837,B,275.2030227929606
14838,B,436.47345965976837
14839,C,388.5505457904393
14840,B,353.4442752234325
14841,A,78.3376807535271
14842,C,332.29116870386144
14843,A,385.48620522600754
14844,B,290.4853413430933
14845,C,447.44701221497223
14846,C,145.72499307459387
14847,C,128.6509028722328
14848,C,436.08917502189655
14849,A,316.4451390658117
14850,B,10.709138055289669
14851,B,183.03439017041572
14852,C,430.3494330491905
14853,B,23.38656070445421
14854,A,11.591484848139352
14855,B,147.8170523573136
14856,A,457.8600181345462
14857,A,451.724014920308
14858,B,264.19335344273884
14859,A,281.08606685841505
14860,A,172.6839255454225
14861,A,129.43096439362682
14862,A,409.45870856393793
14863,C,62.0844816448243
14864,B,248.80364173053152
14865,C,320.8546571535714
14866,A,60.80334228180432
14867,B,264.60747678144963
14868,A,292.98543107709713
14869,B,373.8230696486088
14870,C,125.0696640822911
14871,B,153.73047661247156
14872,A,289.0653618501864
14873,B,491.7319408909909
14874,B,116.57165958185607
14875,C,493.0928752904974
14876,A,360.0278411966958
14877,B,414.78021411871134
14878,C,53.92422143580622
14879,B,157.20589184100982
14880,A,38.29077702898071
14881,B,192.05802755155585
14882,B,490.8319333608254
14883,B,61.583800481105854
14884,B,285.56266336188776
14885,A,12.974605178768037
14886,C,359.2145798615907
14887,C,106.62441926230012
14888,B,73.49642319113383
14889,A,175.13872795878595
14890,A,387.81170599010096
14891,A,62.240412292493296
14892,A,122.62110794136073
14893,A,14.147566592481674
14894,A,484.5232827208528
14895,B,300.1513439945433
14896,C,362.75082182850275
14897,C,329.1777538664471
14898,B,80.73863384614044
14899,C,301.5205701070571
14900,A,74.39364161921843
14901,A,206.6058624419327
14902,C,288.7919366033936
14903,A,283.8517459100564
14904,A,68.34597873154307
14905,C,26.87362512679587
14906,B,401.13481379816875
14907,C,365.7019941280426
14908,C,50.09126323672165
14909,C,72.4336042127612
14910,C,447.36605043091396
14911,B,386.87316179467217
14912,B,498.11854514617033
14913,A,134.45385011046062
14914,A,249.0234645457193
14915,C,125.86519227055429
14916,A,315.1720678538818
14917,B,66.5529771547458
14918,A,72.34915464408621
14919,A,45.22506678851009
14920,A,349.8571803094418
14921,C,252.0955629422713
14922,A,312.6882960137687
14923,B,440.8575128287859
14924,B,372.7609575301257
14925,B,236.24422990167858
14926,B,492.33443431317096
14927,A,233.56548955956688
14928,C,65.10082988443126
14929,B,496.40082615383085
14930,B,21.182157707275177
14931,C,279.44294414899855
14932,C,161.45678946285753
14933,B,256.7405539983225
14934,B,283.76934677131555
14935,C,127.64698917645892
14936,B,282.8607903112583
14937,B,380.4699448827134
14938,A,140.58982024955918
14939,C,197.87880532381448
14940,A,141.43891965038839
14941,A,412.0742681842192
14942,C,365.24130701270235
14943,A,436.8862542370196
14944,B,93.32444752181304
14945,A,46.05402269827826
14946,C,68.49791689074993
14947,B,88.89898308387583
14948,B,271.21050373065316
14949,B,485.7469144777548
14950,B,185.0453541422232
14951,A,479.6690519865005
14952,A,28.718389544698063
14953,B,464.1673793791826
14954,C,98.76477757943587
14955,B,457.1127430024809
14956,A,37.55144075657597
14957,B,474.627529272566
14958,A,108.39114951624181
14959,B,158.32988943584874
14960,C,250.56174861044948
14961,B,196.55323180538286
14962,C,337.08870493894347
14963,C,487.6558059525379
14964,B,307.1489804944209
14965,C,363.52785062390916
14966,C,53.12257264979373
14967,A,317.6280902443026
14968,A,232.38639075274244
14969,C,444.0333553806179
14970,B,200.22343882511996
14971,C,342.9325305844604
14972,B,121.79532684694875
14973,A,137.09254142685603
14974,B,194.29999115191407
14975,C,158.99113337818633
14976,C,134.40063130113668
14977,C,34.337665891396554
14978,C,420.0057025587049
14979,C,41.507750136729314
14980,B,444.8091026454541
14981,C,71.47804064334953
14982,A,41.978251160702925
14983,C,285.87233435054156
14984,B,256.1964783616137
14985,C,250.7049387276237
14986,C,291.5071204756849
14987,B,150.6577369983863
14988,C,334.8451439805095
14989,B,256.1770876565198
14990,C,174.02429880908937
14991,A,414.9853268205568
14992,C,366.58333720008795
14993,B,202.86906755286478
14994,A,425.33271476214765
14995,B,460.92654255476936
14996,C,273.0644708713376
14997,A,115.32670057689118
14998,B,458.73815670802355
14999,A,102.84501384680344
