id,categoria,valor,timestamp
1,A,1.5,2026-01-01 00:00:00
2,B,3.0,2026-01-01 00:01:00
3,C,4.5,2026-01-01 00:02:00
4,D,6.0,2026-01-01 00:03:00
5,A,7.5,2026-01-01 00:04:00
6,B,9.0,2026-01-01 00:05:00
7,C,10.5,2026-01-01 00:06:00
8,D,12.0,2026-01-01 00:07:00
9,A,13.5,2026-01-01 00:08:00
10,B,15.0,2026-01-01 00:09:00
11,C,16.5,2026-01-01 00:10:00
12,D,18.0,2026-01-01 00:11:00
13,A,19.5,2026-01-01 00:12:00
14,B,21.0,2026-01-01 00:13:00
15,C,22.5,2026-01-01 00:14:00
16,D,24.0,2026-01-01 00:15:00
17,A,25.5,2026-01-01 00:16:00
18,B,27.0,2026-01-01 00:17:00
19,C,28.5,2026-01-01 00:18:00
20,D,30.0,2026-01-01 00:19:00
21,A,31.5,2026-01-01 00:20:00
22,B,33.0,2026-01-01 00:21:00
23,C,34.5,2026-01-01 00:22:00
24,D,36.0,2026-01-01 00:23:00
25,A,37.5,2026-01-01 00:24:00
26,B,39.0,2026-01-01 00:25:00
27,C,40.5,2026-01-01 00:26:00
28,D,42.0,2026-01-01 00:27:00
29,A,43.5,2026-01-01 00:28:00
30,B,45.0,2026-01-01 00:29:00
31,C,46.5,2026-01-01 00:30:00
32,D,48.0,2026-01-01 00:31:00
33,A,49.5,2026-01-01 00:32:00
34,B,51.0,2026-01-01 00:33:00
35,C,52.5,2026-01-01 00:34:00
36,D,54.0,2026-01-01 00:35:00
37,A,55.5,2026-01-01 00:36:00
38,B,57.0,2026-01-01 00:37:00
39,C,58.5,2026-01-01 00:38:00
40,D,60.0,2026-01-01 00:39:00
41,A,61.5,2026-01-01 00:40:00
42,B,63.0,2026-01-01 00:41:00
43,C,64.5,2026-01-01 00:42:00
44,D,66.0,2026-01-01 00:43:00
45,A,67.5,2026-01-01 00:44:00
46,B,69.0,2026-01-01 00:45:00
47,C,70.5,2026-01-01 00:46:00
48,D,72.0,2026-01-01 00:47:00
49,A,73.5,2026-01-01 00:48:00
50,B,75.0,2026-01-01 00:49:00
51,C,76.5,2026-01-01 00:50:00
52,D,78.0,2026-01-01 00:51:00
53,A,79.5,2026-01-01 00:52:00
54,B,81.0,2026-01-01 00:53:00
55,C,82.5,2026-01-01 00:54:00
56,D,84.0,2026-01-01 00:55:00
57,A,85.5,2026-01-01 00:56:00
58,B,87.0,2026-01-01 00:57:00
59,C,88.5,2026-01-01 00:58:00
60,D,90.0,2026-01-01 00:59:00
61,A,91.5,2026-01-01 01:00:00
62,B,93.0,2026-01-01 01:01:00
63,C,94.5,2026-01-01 01:02:00
64,D,96.0,2026-01-01 01:03:00
65,A,97.5,2026-01-01 01:04:00
66,B,99.0,2026-01-01 01:05:00
67,C,100.5,2026-01-01 01:06:00
68,D,102.0,2026-01-01 01:07:00
69,A,103.5,2026-01-01 01:08:00
70,B,105.0,2026-01-01 01:09:00
71,C,106.5,2026-01-01 01:10:00
72,D,108.0,2026-01-01 01:11:00
73,A,109.5,2026-01-01 01:12:00
74,B,111.0,2026-01-01 01:13:00
75,C,112.5,2026-01-01 01:14:00
76,D,114.0,2026-01-01 01:15:00
77,A,115.5,2026-01-01 01:16:00
78,B,117.0,2026-01-01 01:17:00
79,C,118.5,2026-01-01 01:18:00
80,D,120.0,2026-01-01 01:19:00
81,A,121.5,2026-01-01 01:20:00
82,B,123.0,2026-01-01 01:21:00
83,C,124.5,2026-01-01 01:22:00
84,D,126.0,2026-01-01 01:23:00
85,A,127.5,2026-01-01 01:24:00
86,B,129.0,2026-01-01 01:25:00
87,C,130.5,2026-01-01 01:26:00
88,D,132.0,2026-01-01 01:27:00
89,A,133.5,2026-01-01 01:28:00
90,B,135.0,2026-01-01 01:29:00
91,C,136.5,2026-01-01 01:30:00
92,D,138.0,2026-01-01 01:31:00
93,A,139.5,2026-01-01 01:32:00
94,B,141.0,2026-01-01 01:33:00
95,C,142.5,2026-01-01 01:34:00
96,D,144.0,2026-01-01 01:35:00
97,A,145.5,2026-01-01 01:36:00
98,B,147.0,2026-01-01 01:37:00
99,C,148.5,2026-01-01 01:38:00
100,D,150.0,2026-01-01 01:39:00
101,A,151.5,2026-01-01 01:40:00
102,B,153.0,2026-01-01 01:41:00
103,C,154.5,2026-01-01 01:42:00
104,D,156.0,2026-01-01 01:43:00
105,A,157.5,2026-01-01 01:44:00
106,B,159.0,2026-01-01 01:45:00
107,C,160.5,2026-01-01 01:46:00
108,D,162.0,2026-01-01 01:47:00
109,A,163.5,2026-01-01 01:48:00
110,B,165.0,2026-01-01 01:49:00
111,C,166.5,2026-01-01 01:50:00
112,D,168.0,2026-01-01 01:51:00
113,A,169.5,2026-01-01 01:52:00
114,B,171.0,2026-01-01 01:53:00
115,C,172.5,2026-01-01 01:54:00
116,D,174.0,2026-01-01 01:55:00
117,A,175.5,2026-01-01 01:56:00
118,B,177.0,2026-01-01 01:57:00
119,C,178.5,2026-01-01 01:58:00
120,D,180.0,2026-01-01 01:59:00
121,A,181.5,2026-01-01 02:00:00
122,B,183.0,2026-01-01 02:01:00
123,C,184.5,2026-01-01 02:02:00
124,D,186.0,2026-01-01 02:03:00
125,A,187.5,2026-01-01 02:04:00
126,B,189.0,2026-01-01 02:05:00
127,C,190.5,2026-01-01 02:06:00
128,D,192.0,2026-01-01 02:07:00
129,A,193.5,2026-01-01 02:08:00
130,B,195.0,2026-01-01 02:09:00
131,C,196.5,2026-01-01 02:10:00
132,D,198.0,2026-01-01 02:11:00
133,A,199.5,2026-01-01 02:12:00
134,B,201.0,2026-01-01 02:13:00
135,C,202.5,2026-01-01 02:14:00
136,D,204.0,2026-01-01 02:15:00
137,A,205.5,2026-01-01 02:16:00
138,B,207.0,2026-01-01 02:17:00
139,C,208.5,2026-01-01 02:18:00
140,D,210.0,2026-01-01 02:19:00
141,A,211.5,2026-01-01 02:20:00
142,B,213.0,2026-01-01 02:21:00
143,C,214.5,2026-01-01 02:22:00
144,D,216.0,2026-01-01 02:23:00
145,A,217.5,2026-01-01 02:24:00
146,B,219.0,2026-01-01 02:25:00
147,C,220.5,2026-01-01 02:26:00
148,D,222.0,2026-01-01 02:27:00
149,A,223.5,2026-01-01 02:28:00
150,B,225.0,2026-01-01 02:29:00
151,C,226.5,2026-01-01 02:30:00
152,D,228.0,2026-01-01 02:31:00
153,A,229.5,2026-01-01 02:32:00
154,B,231.0,2026-01-01 02:33:00
155,C,232.5,2026-01-01 02:34:00
156,D,234.0,2026-01-01 02:35:00
157,A,235.5,2026-01-01 02:36:00
158,B,237.0,2026-01-01 02:37:00
159,C,238.5,2026-01-01 02:38:00
160,D,240.0,2026-01-01 02:39:00
161,A,241.5,2026-01-01 02:40:00
162,B,243.0,2026-01-01 02:41:00
163,C,244.5,2026-01-01 02:42:00
164,D,246.0,2026-01-01 02:43:00
165,A,247.5,2026-01-01 02:44:00
166,B,249.0,2026-01-01 02:45:00
167,C,250.5,2026-01-01 02:46:00
168,D,252.0,2026-01-01 02:47:00
169,A,253.5,2026-01-01 02:48:00
170,B,255.0,2026-01-01 02:49:00
171,C,256.5,2026-01-01 02:50:00
172,D,258.0,2026-01-01 02:51:00
173,A,259.5,2026-01-01 02:52:00
174,B,261.0,2026-01-01 02:53:00
175,C,262.5,2026-01-01 02:54:00
176,D,264.0,2026-01-01 02:55:00
177,A,265.5,2026-01-01 02:56:00
178,B,267.0,2026-01-01 02:57:00
179,C,268.5,2026-01-01 02:58:00
180,D,270.0,2026-01-01 02:59:00
181,A,271.5,2026-01-01 03:00:00
182,B,273.0,2026-01-01 03:01:00
183,C,274.5,2026-01-01 03:02:00
184,D,276.0,2026-01-01 03:03:00
185,A,277.5,2026-01-01 03:04:00
186,B,279.0,2026-01-01 03:05:00
187,C,280.5,2026-01-01 03:06:00
188,D,282.0,2026-01-01 03:07:00
189,A,283.5,2026-01-01 03:08:00
190,B,285.0,2026-01-01 03:09:00
191,C,286.5,2026-01-01 03:10:00
192,D,288.0,2026-01-01 03:11:00
193,A,289.5,2026-01-01 03:12:00
194,B,291.0,2026-01-01 03:13:00
195,C,292.5,2026-01-01 03:14:00
196,D,294.0,2026-01-01 03:15:00
197,A,295.5,2026-01-01 03:16:00
198,B,297.0,2026-01-01 03:17:00
199,C,298.5,2026-01-01 03:18:00
200,D,300.0,2026-01-01 03:19:00
201,A,301.5,2026-01-01 03:20:00
202,B,303.0,2026-01-01 03:21:00
203,C,304.5,2026-01-01 03:22:00
204,D,306.0,2026-01-01 03:23:00
205,A,307.5,2026-01-01 03:24:00
206,B,309.0,2026-01-01 03:25:00
207,C,310.5,2026-01-01 03:26:00
208,D,312.0,2026-01-01 03:27:00
209,A,313.5,2026-01-01 03:28:00
210,B,315.0,2026-01-01 03:29:00
211,C,316.5,2026-01-01 03:30:00
212,D,318.0,2026-01-01 03:31:00
213,A,319.5,2026-01-01 03:32:00
214,B,321.0,2026-01-01 03:33:00
215,C,322.5,2026-01-01 03:34:00
216,D,324.0,2026-01-01 03:35:00
217,A,325.5,2026-01-01 03:36:00
218,B,327.0,2026-01-01 03:37:00
219,C,328.5,2026-01-01 03:38:00
220,D,330.0,2026-01-01 03:39:00
221,A,331.5,2026-01-01 03:40:00
222,B,333.0,2026-01-01 03:41:00
223,C,334.5,2026-01-01 03:42:00
224,D,336.0,2026-01-01 03:43:00
225,A,337.5,2026-01-01 03:44:00
226,B,339.0,2026-01-01 03:45:00
227,C,340.5,2026-01-01 03:46:00
228,D,342.0,2026-01-01 03:47:00
229,A,343.5,2026-01-01 03:48:00
230,B,345.0,2026-01-01 03:49:00
231,C,346.5,2026-01-01 03:50:00
232,D,348.0,2026-01-01 03:51:00
233,A,349.5,2026-01-01 03:52:00
234,B,351.0,2026-01-01 03:53:00
235,C,352.5,2026-01-01 03:54:00
236,D,354.0,2026-01-01 03:55:00
237,A,355.5,2026-01-01 03:56:00
238,B,357.0,2026-01-01 03:57:00
239,C,358.5,2026-01-01 03:58:00
240,D,360.0,2026-01-01 03:59:00
241,A,361.5,2026-01-01 04:00:00
242,B,363.0,2026-01-01 04:01:00
243,C,364.5,2026-01-01 04:02:00
244,D,366.0,2026-01-01 04:03:00
245,A,367.5,2026-01-01 04:04:00
246,B,369.0,2026-01-01 04:05:00
247,C,370.5,2026-01-01 04:06:00
248,D,372.0,2026-01-01 04:07:00
249,A,373.5,2026-01-01 04:08:00
250,B,375.0,2026-01-01 04:09:00
251,C,376.5,2026-01-01 04:10:00
252,D,378.0,2026-01-01 04:11:00
253,A,379.5,2026-01-01 04:12:00
254,B,381.0,2026-01-01 04:13:00
255,C,382.5,2026-01-01 04:14:00
256,D,384.0,2026-01-01 04:15:00
257,A,385.5,2026-01-01 04:16:00
258,B,387.0,2026-01-01 04:17:00
259,C,388.5,2026-01-01 04:18:00
260,D,390.0,2026-01-01 04:19:00
261,A,391.5,2026-01-01 04:20:00
262,B,393.0,2026-01-01 04:21:00
263,C,394.5,2026-01-01 04:22:00
264,D,396.0,2026-01-01 04:23:00
265,A,397.5,2026-01-01 04:24:00
266,B,399.0,2026-01-01 04:25:00
267,C,400.5,2026-01-01 04:26:00
268,D,402.0,2026-01-01 04:27:00
269,A,403.5,2026-01-01 04:28:00
270,B,405.0,2026-01-01 04:29:00
271,C,406.5,2026-01-01 04:30:00
272,D,408.0,2026-01-01 04:31:00
273,A,409.5,2026-01-01 04:32:00
274,B,411.0,2026-01-01 04:33:00
275,C,412.5,2026-01-01 04:34:00
276,D,414.0,2026-01-01 04:35:00
277,A,415.5,2026-01-01 04:36:00
278,B,417.0,2026-01-01 04:37:00
279,C,418.5,2026-01-01 04:38:00
280,D,420.0,2026-01-01 04:39:00
281,A,421.5,2026-01-01 04:40:00
282,B,423.0,2026-01-01 04:41:00
283,C,424.5,2026-01-01 04:42:00
284,D,426.0,2026-01-01 04:43:00
285,A,427.5,2026-01-01 04:44:00
286,B,429.0,2026-01-01 04:45:00
287,C,430.5,2026-01-01 04:46:00
288,D,432.0,2026-01-01 04:47:00
289,A,433.5,2026-01-01 04:48:00
290,B,435.0,2026-01-01 04:49:00
291,C,436.5,2026-01-01 04:50:00
292,D,438.0,2026-01-01 04:51:00
293,A,439.5,2026-01-01 04:52:00
294,B,441.0,2026-01-01 04:53:00
295,C,442.5,2026-01-01 04:54:00
296,D,444.0,2026-01-01 04:55:00
297,A,445.5,2026-01-01 04:56:00
298,B,447.0,2026-01-01 04:57:00
299,C,448.5,2026-01-01 04:58:00
300,D,450.0,2026-01-01 04:59:00
301,A,451.5,2026-01-01 05:00:00
302,B,453.0,2026-01-01 05:01:00
303,C,454.5,2026-01-01 05:02:00
304,D,456.0,2026-01-01 05:03:00
305,A,457.5,2026-01-01 05:04:00
306,B,459.0,2026-01-01 05:05:00
307,C,460.5,2026-01-01 05:06:00
308,D,462.0,2026-01-01 05:07:00
309,A,463.5,2026-01-01 05:08:00
310,B,465.0,2026-01-01 05:09:00
311,C,466.5,2026-01-01 05:10:00
312,D,468.0,2026-01-01 05:11:00
313,A,469.5,2026-01-01 05:12:00
314,B,471.0,2026-01-01 05:13:00
315,C,472.5,2026-01-01 05:14:00
316,D,474.0,2026-01-01 05:15:00
317,A,475.5,2026-01-01 05:16:00
318,B,477.0,2026-01-01 05:17:00
319,C,478.5,2026-01-01 05:18:00
320,D,480.0,2026-01-01 05:19:00
321,A,481.5,2026-01-01 05:20:00
322,B,483.0,2026-01-01 05:21:00
323,C,484.5,2026-01-01 05:22:00
324,D,486.0,2026-01-01 05:23:00
325,A,487.5,2026-01-01 05:24:00
326,B,489.0,2026-01-01 05:25:00
327,C,490.5,2026-01-01 05:26:00
328,D,492.0,2026-01-01 05:27:00
329,A,493.5,2026-01-01 05:28:00
330,B,495.0,2026-01-01 05:29:00
331,C,496.5,2026-01-01 05:30:00
332,D,498.0,2026-01-01 05:31:00
333,A,499.5,2026-01-01 05:32:00
334,B,501.0,2026-01-01 05:33:00
335,C,502.5,2026-01-01 05:34:00
336,D,504.0,2026-01-01 05:35:00
337,A,505.5,2026-01-01 05:36:00
338,B,507.0,2026-01-01 05:37:00
339,C,508.5,2026-01-01 05:38:00
340,D,510.0,2026-01-01 05:39:00
341,A,511.5,2026-01-01 05:40:00
342,B,513.0,2026-01-01 05:41:00
343,C,514.5,2026-01-01 05:42:00
344,D,516.0,2026-01-01 05:43:00
345,A,517.5,2026-01-01 05:44:00
346,B,519.0,2026-01-01 05:45:00
347,C,520.5,2026-01-01 05:46:00
348,D,522.0,2026-01-01 05:47:00
349,A,523.5,2026-01-01 05:48:00
350,B,525.0,2026-01-01 05:49:00
351,C,526.5,2026-01-01 05:50:00
352,D,528.0,2026-01-01 05:51:00
353,A,529.5,2026-01-01 05:52:00
354,B,531.0,2026-01-01 05:53:00
355,C,532.5,2026-01-01 05:54:00
356,D,534.0,2026-01-01 05:55:00
357,A,535.5,2026-01-01 05:56:00
358,B,537.0,2026-01-01 05:57:00
359,C,538.5,2026-01-01 05:58:00
360,D,540.0,2026-01-01 05:59:00
361,A,541.5,2026-01-01 06:00:00
362,B,543.0,2026-01-01 06:01:00
363,C,544.5,2026-01-01 06:02:00
364,D,546.0,2026-01-01 06:03:00
365,A,547.5,2026-01-01 06:04:00
366,B,549.0,2026-01-01 06:05:00
367,C,550.5,2026-01-01 06:06:00
368,D,552.0,2026-01-01 06:07:00
369,A,553.5,2026-01-01 06:08:00
370,B,555.0,2026-01-01 06:09:00
371,C,556.5,2026-01-01 06:10:00
372,D,558.0,2026-01-01 06:11:00
373,A,559.5,2026-01-01 06:12:00
374,B,561.0,2026-01-01 06:13:00
375,C,562.5,2026-01-01 06:14:00
376,D,564.0,2026-01-01 06:15:00
377,A,565.5,2026-01-01 06:16:00
378,B,567.0,2026-01-01 06:17:00
379,C,568.5,2026-01-01 06:18:00
380,D,570.0,2026-01-01 06:19:00
381,A,571.5,2026-01-01 06:20:00
382,B,573.0,2026-01-01 06:21:00
383,C,574.5,2026-01-01 06:22:00
384,D,576.0,2026-01-01 06:23:00
385,A,577.5,2026-01-01 06:24:00
386,B,579.0,2026-01-01 06:25:00
387,C,580.5,2026-01-01 06:26:00
388,D,582.0,2026-01-01 06:27:00
389,A,583.5,2026-01-01 06:28:00
390,B,585.0,2026-01-01 06:29:00
391,C,586.5,2026-01-01 06:30:00
392,D,588.0,2026-01-01 06:31:00
393,A,589.5,2026-01-01 06:32:00
394,B,591.0,2026-01-01 06:33:00
395,C,592.5,2026-01-01 06:34:00
396,D,594.0,2026-01-01 06:35:00
397,A,595.5,2026-01-01 06:36:00
398,B,597.0,2026-01-01 06:37:00
399,C,598.5,2026-01-01 06:38:00
400,D,600.0,2026-01-01 06:39:00
401,A,601.5,2026-01-01 06:40:00
402,B,603.0,2026-01-01 06:41:00
403,C,604.5,2026-01-01 06:42:00
404,D,606.0,2026-01-01 06:43:00
405,A,607.5,2026-01-01 06:44:00
406,B,609.0,2026-01-01 06:45:00
407,C,610.5,2026-01-01 06:46:00
408,D,612.0,2026-01-01 06:47:00
409,A,613.5,2026-01-01 06:48:00
410,B,615.0,2026-01-01 06:49:00
411,C,616.5,2026-01-01 06:50:00
412,D,618.0,2026-01-01 06:51:00
413,A,619.5,2026-01-01 06:52:00
414,B,621.0,2026-01-01 06:53:00
415,C,622.5,2026-01-01 06:54:00
416,D,624.0,2026-01-01 06:55:00
417,A,625.5,2026-01-01 06:56:00
418,B,627.0,2026-01-01 06:57:00
419,C,628.5,2026-01-01 06:58:00
420,D,630.0,2026-01-01 06:59:00
421,A,631.5,2026-01-01 07:00:00
422,B,633.0,2026-01-01 07:01:00
423,C,634.5,2026-01-01 07:02:00
424,D,636.0,2026-01-01 07:03:00
425,A,637.5,2026-01-01 07:04:00
426,B,639.0,2026-01-01 07:05:00
427,C,640.5,2026-01-01 07:06:00
428,D,642.0,2026-01-01 07:07:00
429,A,643.5,2026-01-01 07:08:00
430,B,645.0,2026-01-01 07:09:00
431,C,646.5,2026-01-01 07:10:00
432,D,648.0,2026-01-01 07:11:00
433,A,649.5,2026-01-01 07:12:00
434,B,651.0,2026-01-01 07:13:00
435,C,652.5,2026-01-01 07:14:00
436,D,654.0,2026-01-01 07:15:00
437,A,655.5,2026-01-01 07:16:00
438,B,657.0,2026-01-01 07:17:00
439,C,658.5,2026-01-01 07:18:00
440,D,660.0,2026-01-01 07:19:00
441,A,661.5,2026-01-01 07:20:00
442,B,663.0,2026-01-01 07:21:00
443,C,664.5,2026-01-01 07:22:00
444,D,666.0,2026-01-01 07:23:00
445,A,667.5,2026-01-01 07:24:00
446,B,669.0,2026-01-01 07:25:00
447,C,670.5,2026-01-01 07:26:00
448,D,672.0,2026-01-01 07:27:00
449,A,673.5,2026-01-01 07:28:00
450,B,675.0,2026-01-01 07:29:00
451,C,676.5,2026-01-01 07:30:00
452,D,678.0,2026-01-01 07:31:00
453,A,679.5,2026-01-01 07:32:00
454,B,681.0,2026-01-01 07:33:00
455,C,682.5,2026-01-01 07:34:00
456,D,684.0,2026-01-01 07:35:00
457,A,685.5,2026-01-01 07:36:00
458,B,687.0,2026-01-01 07:37:00
459,C,688.5,2026-01-01 07:38:00
460,D,690.0,2026-01-01 07:39:00
461,A,691.5,2026-01-01 07:40:00
462,B,693.0,2026-01-01 07:41:00
463,C,694.5,2026-01-01 07:42:00
464,D,696.0,2026-01-01 07:43:00
465,A,697.5,2026-01-01 07:44:00
466,B,699.0,2026-01-01 07:45:00
467,C,700.5,2026-01-01 07:46:00
468,D,702.0,2026-01-01 07:47:00
469,A,703.5,2026-01-01 07:48:00
470,B,705.0,2026-01-01 07:49:00
471,C,706.5,2026-01-01 07:50:00
472,D,708.0,2026-01-01 07:51:00
473,A,709.5,2026-01-01 07:52:00
474,B,711.0,2026-01-01 07:53:00
475,C,712.5,2026-01-01 07:54:00
476,D,714.0,2026-01-01 07:55:00
477,A,715.5,2026-01-01 07:56:00
478,B,717.0,2026-01-01 07:57:00
479,C,718.5,2026-01-01 07:58:00
480,D,720.0,2026-01-01 07:59:00
481,A,721.5,2026-01-01 08:00:00
482,B,723.0,2026-01-01 08:01:00
483,C,724.5,2026-01-01 08:02:00
484,D,726.0,2026-01-01 08:03:00
485,A,727.5,2026-01-01 08:04:00
486,B,729.0,2026-01-01 08:05:00
487,C,730.5,2026-01-01 08:06:00
488,D,732.0,2026-01-01 08:07:00
489,A,733.5,2026-01-01 08:08:00
490,B,735.0,2026-01-01 08:09:00
491,C,736.5,2026-01-01 08:10:00
492,D,738.0,2026-01-01 08:11:00
493,A,739.5,2026-01-01 08:12:00
494,B,741.0,2026-01-01 08:13:00
495,C,742.5,2026-01-01 08:14:00
496,D,744.0,2026-01-01 08:15:00
497,A,745.5,2026-01-01 08:16:00
498,B,747.0,2026-01-01 08:17:00
499,C,748.5,2026-01-01 08:18:00
500,D,750.0,2026-01-01 08:19:00
501,A,751.5,2026-01-01 08:20:00
502,B,753.0,2026-01-01 08:21:00
503,C,754.5,2026-01-01 08:22:00
504,D,756.0,2026-01-01 08:23:00
505,A,757.5,2026-01-01 08:24:00
506,B,759.0,2026-01-01 08:25:00
507,C,760.5,2026-01-01 08:26:00
508,D,762.0,2026-01-01 08:27:00
509,A,763.5,2026-01-01 08:28:00
510,B,765.0,2026-01-01 08:29:00
511,C,766.5,2026-01-01 08:30:00
512,D,768.0,2026-01-01 08:31:00
513,A,769.5,2026-01-01 08:32:00
514,B,771.0,2026-01-01 08:33:00
515,C,772.5,2026-01-01 08:34:00
516,D,774.0,2026-01-01 08:35:00
517,A,775.5,2026-01-01 08:36:00
518,B,777.0,2026-01-01 08:37:00
519,C,778.5,2026-01-01 08:38:00
520,D,780.0,2026-01-01 08:39:00
521,A,781.5,2026-01-01 08:40:00
522,B,783.0,2026-01-01 08:41:00
523,C,784.5,2026-01-01 08:42:00
524,D,786.0,2026-01-01 08:43:00
525,A,787.5,2026-01-01 08:44:00
526,B,789.0,2026-01-01 08:45:00
527,C,790.5,2026-01-01 08:46:00
528,D,792.0,2026-01-01 08:47:00
529,A,793.5,2026-01-01 08:48:00
530,B,795.0,2026-01-01 08:49:00
531,C,796.5,2026-01-01 08:50:00
532,D,798.0,2026-01-01 08:51:00
533,A,799.5,2026-01-01 08:52:00
534,B,801.0,2026-01-01 08:53:00
535,C,802.5,2026-01-01 08:54:00
536,D,804.0,2026-01-01 08:55:00
537,A,805.5,2026-01-01 08:56:00
538,B,807.0,2026-01-01 08:57:00
539,C,808.5,2026-01-01 08:58:00
540,D,810.0,2026-01-01 08:59:00
541,A,811.5,2026-01-01 09:00:00
542,B,813.0,2026-01-01 09:01:00
543,C,814.5,2026-01-01 09:02:00
544,D,816.0,2026-01-01 09:03:00
545,A,817.5,2026-01-01 09:04:00
546,B,819.0,2026-01-01 09:05:00
547,C,820.5,2026-01-01 09:06:00
548,D,822.0,2026-01-01 09:07:00
549,A,823.5,2026-01-01 09:08:00
550,B,825.0,2026-01-01 09:09:00
551,C,826.5,2026-01-01 09:10:00
552,D,828.0,2026-01-01 09:11:00
553,A,829.5,2026-01-01 09:12:00
554,B,831.0,2026-01-01 09:13:00
555,C,832.5,2026-01-01 09:14:00
556,D,834.0,2026-01-01 09:15:00
557,A,835.5,2026-01-01 09:16:00
558,B,837.0,2026-01-01 09:17:00
559,C,838.5,2026-01-01 09:18:00
560,D,840.0,2026-01-01 09:19:00
561,A,841.5,2026-01-01 09:20:00
562,B,843.0,2026-01-01 09:21:00
563,C,844.5,2026-01-01 09:22:00
564,D,846.0,2026-01-01 09:23:00
565,A,847.5,2026-01-01 09:24:00
566,B,849.0,2026-01-01 09:25:00
567,C,850.5,2026-01-01 09:26:00
568,D,852.0,2026-01-01 09:27:00
569,A,853.5,2026-01-01 09:28:00
570,B,855.0,2026-01-01 09:29:00
571,C,856.5,2026-01-01 09:30:00
572,D,858.0,2026-01-01 09:31:00
573,A,859.5,2026-01-01 09:32:00
574,B,861.0,2026-01-01 09:33:00
575,C,862.5,2026-01-01 09:34:00
576,D,864.0,2026-01-01 09:35:00
577,A,865.5,2026-01-01 09:36:00
578,B,867.0,2026-01-01 09:37:00
579,C,868.5,2026-01-01 09:38:00
580,D,870.0,2026-01-01 09:39:00
581,A,871.5,2026-01-01 09:40:00
582,B,873.0,2026-01-01 09:41:00
583,C,874.5,2026-01-01 09:42:00
584,D,876.0,2026-01-01 09:43:00
585,A,877.5,2026-01-01 09:44:00
586,B,879.0,2026-01-01 09:45:00
587,C,880.5,2026-01-01 09:46:00
588,D,882.0,2026-01-01 09:47:00
589,A,883.5,2026-01-01 09:48:00
590,B,885.0,2026-01-01 09:49:00
591,C,886.5,2026-01-01 09:50:00
592,D,888.0,2026-01-01 09:51:00
593,A,889.5,2026-01-01 09:52:00
594,B,891.0,2026-01-01 09:53:00
595,C,892.5,2026-01-01 09:54:00
596,D,894.0,2026-01-01 09:55:00
597,A,895.5,2026-01-01 09:56:00
598,B,897.0,2026-01-01 09:57:00
599,C,898.5,2026-01-01 09:58:00
600,D,900.0,2026-01-01 09:59:00
601,A,901.5,2026-01-01 10:00:00
602,B,903.0,2026-01-01 10:01:00
603,C,904.5,2026-01-01 10:02:00
604,D,906.0,2026-01-01 10:03:00
605,A,907.5,2026-01-01 10:04:00
606,B,909.0,2026-01-01 10:05:00
607,C,910.5,2026-01-01 10:06:00
608,D,912.0,2026-01-01 10:07:00
609,A,913.5,2026-01-01 10:08:00
610,B,915.0,2026-01-01 10:09:00
611,C,916.5,2026-01-01 10:10:00
612,D,918.0,2026-01-01 10:11:00
613,A,919.5,2026-01-01 10:12:00
614,B,921.0,2026-01-01 10:13:00
615,C,922.5,2026-01-01 10:14:00
616,D,924.0,2026-01-01 10:15:00
617,A,925.5,2026-01-01 10:16:00
618,B,927.0,2026-01-01 10:17:00
619,C,928.5,2026-01-01 10:18:00
620,D,930.0,2026-01-01 10:19:00
621,A,931.5,2026-01-01 10:20:00
622,B,933.0,2026-01-01 10:21:00
623,C,934.5,2026-01-01 10:22:00
624,D,936.0,2026-01-01 10:23:00
625,A,937.5,2026-01-01 10:24:00
626,B,939.0,2026-01-01 10:25:00
627,C,940.5,2026-01-01 10:26:00
628,D,942.0,2026-01-01 10:27:00
629,A,943.5,2026-01-01 10:28:00
630,B,945.0,2026-01-01 10:29:00
631,C,946.5,2026-01-01 10:30:00
632,D,948.0,2026-01-01 10:31:00
633,A,949.5,2026-01-01 10:32:00
634,B,951.0,2026-01-01 10:33:00
635,C,952.5,2026-01-01 10:34:00
636,D,954.0,2026-01-01 10:35:00
637,A,955.5,2026-01-01 10:36:00
638,B,957.0,2026-01-01 10:37:00
639,C,958.5,2026-01-01 10:38:00
640,D,960.0,2026-01-01 10:39:00
641,A,961.5,2026-01-01 10:40:00
642,B,963.0,2026-01-01 10:41:00
643,C,964.5,2026-01-01 10:42:00
644,D,966.0,2026-01-01 10:43:00
645,A,967.5,2026-01-01 10:44:00
646,B,969.0,2026-01-01 10:45:00
647,C,970.5,2026-01-01 10:46:00
648,D,972.0,2026-01-01 10:47:00
649,A,973.5,2026-01-01 10:48:00
650,B,975.0,2026-01-01 10:49:00
651,C,976.5,2026-01-01 10:50:00
652,D,978.0,2026-01-01 10:51:00
653,A,979.5,2026-01-01 10:52:00
654,B,981.0,2026-01-01 10:53:00
655,C,982.5,2026-01-01 10:54:00
656,D,984.0,2026-01-01 10:55:00
657,A,985.5,2026-01-01 10:56:00
658,B,987.0,2026-01-01 10:57:00
659,C,988.5,2026-01-01 10:58:00
660,D,990.0,2026-01-01 10:59:00
661,A,991.5,2026-01-01 11:00:00
662,B,993.0,2026-01-01 11:01:00
663,C,994.5,2026-01-01 11:02:00
664,D,996.0,2026-01-01 11:03:00
665,A,997.5,2026-01-01 11:04:00
666,B,999.0,2026-01-01 11:05:00
667,C,1000.5,2026-01-01 11:06:00
668,D,1002.0,2026-01-01 11:07:00
669,A,1003.5,2026-01-01 11:08:00
670,B,1005.0,2026-01-01 11:09:00
671,C,1006.5,2026-01-01 11:10:00
672,D,1008.0,2026-01-01 11:11:00
673,A,1009.5,2026-01-01 11:12:00
674,B,1011.0,2026-01-01 11:13:00
675,C,1012.5,2026-01-01 11:14:00
676,D,1014.0,2026-01-01 11:15:00
677,A,1015.5,2026-01-01 11:16:00
678,B,1017.0,2026-01-01 11:17:00
679,C,1018.5,2026-01-01 11:18:00
680,D,1020.0,2026-01-01 11:19:00
681,A,1021.5,2026-01-01 11:20:00
682,B,1023.0,2026-01-01 11:21:00
683,C,1024.5,2026-01-01 11:22:00
684,D,1026.0,2026-01-01 11:23:00
685,A,1027.5,2026-01-01 11:24:00
686,B,1029.0,2026-01-01 11:25:00
687,C,1030.5,2026-01-01 11:26:00
688,D,1032.0,2026-01-01 11:27:00
689,A,1033.5,2026-01-01 11:28:00
690,B,1035.0,2026-01-01 11:29:00
691,C,1036.5,2026-01-01 11:30:00
692,D,1038.0,2026-01-01 11:31:00
693,A,1039.5,2026-01-01 11:32:00
694,B,1041.0,2026-01-01 11:33:00
695,C,1042.5,2026-01-01 11:34:00
696,D,1044.0,2026-01-01 11:35:00
697,A,1045.5,2026-01-01 11:36:00
698,B,1047.0,2026-01-01 11:37:00
699,C,1048.5,2026-01-01 11:38:00
700,D,1050.0,2026-01-01 11:39:00
701,A,1051.5,2026-01-01 11:40:00
702,B,1053.0,2026-01-01 11:41:00
703,C,1054.5,2026-01-01 11:42:00
704,D,1056.0,2026-01-01 11:43:00
705,A,1057.5,2026-01-01 11:44:00
706,B,1059.0,2026-01-01 11:45:00
707,C,1060.5,2026-01-01 11:46:00
708,D,1062.0,2026-01-01 11:47:00
709,A,1063.5,2026-01-01 11:48:00
710,B,1065.0,2026-01-01 11:49:00
711,C,1066.5,2026-01-01 11:50:00
712,D,1068.0,2026-01-01 11:51:00
713,A,1069.5,2026-01-01 11:52:00
714,B,1071.0,2026-01-01 11:53:00
715,C,1072.5,2026-01-01 11:54:00
716,D,1074.0,2026-01-01 11:55:00
717,A,1075.5,2026-01-01 11:56:00
718,B,1077.0,2026-01-01 11:57:00
719,C,1078.5,2026-01-01 11:58:00
720,D,1080.0,2026-01-01 11:59:00
721,A,1081.5,2026-01-01 12:00:00
722,B,1083.0,2026-01-01 12:01:00
723,C,1084.5,2026-01-01 12:02:00
724,D,1086.0,2026-01-01 12:03:00
725,A,1087.5,2026-01-01 12:04:00
726,B,1089.0,2026-01-01 12:05:00
727,C,1090.5,2026-01-01 12:06:00
728,D,1092.0,2026-01-01 12:07:00
729,A,1093.5,2026-01-01 12:08:00
730,B,1095.0,2026-01-01 12:09:00
731,C,1096.5,2026-01-01 12:10:00
732,D,1098.0,2026-01-01 12:11:00
733,A,1099.5,2026-01-01 12:12:00
734,B,1101.0,2026-01-01 12:13:00
735,C,1102.5,2026-01-01 12:14:00
736,D,1104.0,2026-01-01 12:15:00
737,A,1105.5,2026-01-01 12:16:00
738,B,1107.0,2026-01-01 12:17:00
739,C,1108.5,2026-01-01 12:18:00
740,D,1110.0,2026-01-01 12:19:00
741,A,1111.5,2026-01-01 12:20:00
742,B,1113.0,2026-01-01 12:21:00
743,C,1114.5,2026-01-01 12:22:00
744,D,1116.0,2026-01-01 12:23:00
745,A,1117.5,2026-01-01 12:24:00
746,B,1119.0,2026-01-01 12:25:00
747,C,1120.5,2026-01-01 12:26:00
748,D,1122.0,2026-01-01 12:27:00
749,A,1123.5,2026-01-01 12:28:00
750,B,1125.0,2026-01-01 12:29:00
751,C,1126.5,2026-01-01 12:30:00
752,D,1128.0,2026-01-01 12:31:00
753,A,1129.5,2026-01-01 12:32:00
754,B,1131.0,2026-01-01 12:33:00
755,C,1132.5,2026-01-01 12:34:00
756,D,1134.0,2026-01-01 12:35:00
757,A,1135.5,2026-01-01 12:36:00
758,B,1137.0,2026-01-01 12:37:00
759,C,1138.5,2026-01-01 12:38:00
760,D,1140.0,2026-01-01 12:39:00
761,A,1141.5,2026-01-01 12:40:00
762,B,1143.0,2026-01-01 12:41:00
763,C,1144.5,2026-01-01 12:42:00
764,D,1146.0,2026-01-01 12:43:00
765,A,1147.5,2026-01-01 12:44:00
766,B,1149.0,2026-01-01 12:45:00
767,C,1150.5,2026-01-01 12:46:00
768,D,1152.0,2026-01-01 12:47:00
769,A,1153.5,2026-01-01 12:48:00
770,B,1155.0,2026-01-01 12:49:00
771,C,1156.5,2026-01-01 12:50:00
772,D,1158.0,2026-01-01 12:51:00
773,A,1159.5,2026-01-01 12:52:00
774,B,1161.0,2026-01-01 12:53:00
775,C,1162.5,2026-01-01 12:54:00
776,D,1164.0,2026-01-01 12:55:00
777,A,1165.5,2026-01-01 12:56:00
778,B,1167.0,2026-01-01 12:57:00
779,C,1168.5,2026-01-01 12:58:00
780,D,1170.0,2026-01-01 12:59:00
781,A,1171.5,2026-01-01 13:00:00
782,B,1173.0,2026-01-01 13:01:00
783,C,1174.5,2026-01-01 13:02:00
784,D,1176.0,2026-01-01 13:03:00
785,A,1177.5,2026-01-01 13:04:00
786,B,1179.0,2026-01-01 13:05:00
787,C,1180.5,2026-01-01 13:06:00
788,D,1182.0,2026-01-01 13:07:00
789,A,1183.5,2026-01-01 13:08:00
790,B,1185.0,2026-01-01 13:09:00
791,C,1186.5,2026-01-01 13:10:00
792,D,1188.0,2026-01-01 13:11:00
793,A,1189.5,2026-01-01 13:12:00
794,B,1191.0,2026-01-01 13:13:00
795,C,1192.5,2026-01-01 13:14:00
796,D,1194.0,2026-01-01 13:15:00
797,A,1195.5,2026-01-01 13:16:00
798,B,1197.0,2026-01-01 13:17:00
799,C,1198.5,2026-01-01 13:18:00
800,D,1200.0,2026-01-01 13:19:00
801,A,1201.5,2026-01-01 13:20:00
802,B,1203.0,2026-01-01 13:21:00
803,C,1204.5,2026-01-01 13:22:00
804,D,1206.0,2026-01-01 13:23:00
805,A,1207.5,2026-01-01 13:24:00
806,B,1209.0,2026-01-01 13:25:00
807,C,1210.5,2026-01-01 13:26:00
808,D,1212.0,2026-01-01 13:27:00
809,A,1213.5,2026-01-01 13:28:00
810,B,1215.0,2026-01-01 13:29:00
811,C,1216.5,2026-01-01 13:30:00
812,D,1218.0,2026-01-01 13:31:00
813,A,1219.5,2026-01-01 13:32:00
814,B,1221.0,2026-01-01 13:33:00
815,C,1222.5,2026-01-01 13:34:00
816,D,1224.0,2026-01-01 13:35:00
817,A,1225.5,2026-01-01 13:36:00
818,B,1227.0,2026-01-01 13:37:00
819,C,1228.5,2026-01-01 13:38:00
820,D,1230.0,2026-01-01 13:39:00
821,A,1231.5,2026-01-01 13:40:00
822,B,1233.0,2026-01-01 13:41:00
823,C,1234.5,2026-01-01 13:42:00
824,D,1236.0,2026-01-01 13:43:00
825,A,1237.5,2026-01-01 13:44:00
826,B,1239.0,2026-01-01 13:45:00
827,C,1240.5,2026-01-01 13:46:00
828,D,1242.0,2026-01-01 13:47:00
829,A,1243.5,2026-01-01 13:48:00
830,B,1245.0,2026-01-01 13:49:00
831,C,1246.5,2026-01-01 13:50:00
832,D,1248.0,2026-01-01 13:51:00
833,A,1249.5,2026-01-01 13:52:00
834,B,1251.0,2026-01-01 13:53:00
835,C,1252.5,2026-01-01 13:54:00
836,D,1254.0,2026-01-01 13:55:00
837,A,1255.5,2026-01-01 13:56:00
838,B,1257.0,2026-01-01 13:57:00
839,C,1258.5,2026-01-01 13:58:00
840,D,1260.0,2026-01-01 13:59:00
841,A,1261.5,2026-01-01 14:00:00
842,B,1263.0,2026-01-01 14:01:00
843,C,1264.5,2026-01-01 14:02:00
844,D,1266.0,2026-01-01 14:03:00
845,A,1267.5,2026-01-01 14:04:00
846,B,1269.0,2026-01-01 14:05:00
847,C,1270.5,2026-01-01 14:06:00
848,D,1272.0,2026-01-01 14:07:00
849,A,1273.5,2026-01-01 14:08:00
850,B,1275.0,2026-01-01 14:09:00
851,C,1276.5,2026-01-01 14:10:00
852,D,1278.0,2026-01-01 14:11:00
853,A,1279.5,2026-01-01 14:12:00
854,B,1281.0,2026-01-01 14:13:00
855,C,1282.5,2026-01-01 14:14:00
856,D,1284.0,2026-01-01 14:15:00
857,A,1285.5,2026-01-01 14:16:00
858,B,1287.0,2026-01-01 14:17:00
859,C,1288.5,2026-01-01 14:18:00
860,D,1290.0,2026-01-01 14:19:00
861,A,1291.5,2026-01-01 14:20:00
862,B,1293.0,2026-01-01 14:21:00
863,C,1294.5,2026-01-01 14:22:00
864,D,1296.0,2026-01-01 14:23:00
865,A,1297.5,2026-01-01 14:24:00
866,B,1299.0,2026-01-01 14:25:00
867,C,1300.5,2026-01-01 14:26:00
868,D,1302.0,2026-01-01 14:27:00
869,A,1303.5,2026-01-01 14:28:00
870,B,1305.0,2026-01-01 14:29:00
871,C,1306.5,2026-01-01 14:30:00
872,D,1308.0,2026-01-01 14:31:00
873,A,1309.5,2026-01-01 14:32:00
874,B,1311.0,2026-01-01 14:33:00
875,C,1312.5,2026-01-01 14:34:00
876,D,1314.0,2026-01-01 14:35:00
877,A,1315.5,2026-01-01 14:36:00
878,B,1317.0,2026-01-01 14:37:00
879,C,1318.5,2026-01-01 14:38:00
880,D,1320.0,2026-01-01 14:39:00
881,A,1321.5,2026-01-01 14:40:00
882,B,1323.0,2026-01-01 14:41:00
883,C,1324.5,2026-01-01 14:42:00
884,D,1326.0,2026-01-01 14:43:00
885,A,1327.5,2026-01-01 14:44:00
886,B,1329.0,2026-01-01 14:45:00
887,C,1330.5,2026-01-01 14:46:00
888,D,1332.0,2026-01-01 14:47:00
889,A,1333.5,2026-01-01 14:48:00
890,B,1335.0,2026-01-01 14:49:00
891,C,1336.5,2026-01-01 14:50:00
892,D,1338.0,2026-01-01 14:51:00
893,A,1339.5,2026-01-01 14:52:00
894,B,1341.0,2026-01-01 14:53:00
895,C,1342.5,2026-01-01 14:54:00
896,D,1344.0,2026-01-01 14:55:00
897,A,1345.5,2026-01-01 14:56:00
898,B,1347.0,2026-01-01 14:57:00
899,C,1348.5,2026-01-01 14:58:00
900,D,1350.0,2026-01-01 14:59:00
901,A,1351.5,2026-01-01 15:00:00
902,B,1353.0,2026-01-01 15:01:00
903,C,1354.5,2026-01-01 15:02:00
904,D,1356.0,2026-01-01 15:03:00
905,A,1357.5,2026-01-01 15:04:00
906,B,1359.0,2026-01-01 15:05:00
907,C,1360.5,2026-01-01 15:06:00
908,D,1362.0,2026-01-01 15:07:00
909,A,1363.5,2026-01-01 15:08:00
910,B,1365.0,2026-01-01 15:09:00
911,C,1366.5,2026-01-01 15:10:00
912,D,1368.0,2026-01-01 15:11:00
913,A,1369.5,2026-01-01 15:12:00
914,B,1371.0,2026-01-01 15:13:00
915,C,1372.5,2026-01-01 15:14:00
916,D,1374.0,2026-01-01 15:15:00
917,A,1375.5,2026-01-01 15:16:00
918,B,1377.0,2026-01-01 15:17:00
919,C,1378.5,2026-01-01 15:18:00
920,D,1380.0,2026-01-01 15:19:00
921,A,1381.5,2026-01-01 15:20:00
922,B,1383.0,2026-01-01 15:21:00
923,C,1384.5,2026-01-01 15:22:00
924,D,1386.0,2026-01-01 15:23:00
925,A,1387.5,2026-01-01 15:24:00
926,B,1389.0,2026-01-01 15:25:00
927,C,1390.5,2026-01-01 15:26:00
928,D,1392.0,2026-01-01 15:27:00
929,A,1393.5,2026-01-01 15:28:00
930,B,1395.0,2026-01-01 15:29:00
931,C,1396.5,2026-01-01 15:30:00
932,D,1398.0,2026-01-01 15:31:00
933,A,1399.5,2026-01-01 15:32:00
934,B,1401.0,2026-01-01 15:33:00
935,C,1402.5,2026-01-01 15:34:00
936,D,1404.0,2026-01-01 15:35:00
937,A,1405.5,2026-01-01 15:36:00
938,B,1407.0,2026-01-01 15:37:00
939,C,1408.5,2026-01-01 15:38:00
940,D,1410.0,2026-01-01 15:39:00
941,A,1411.5,2026-01-01 15:40:00
942,B,1413.0,2026-01-01 15:41:00
943,C,1414.5,2026-01-01 15:42:00
944,D,1416.0,2026-01-01 15:43:00
945,A,1417.5,2026-01-01 15:44:00
946,B,1419.0,2026-01-01 15:45:00
947,C,1420.5,2026-01-01 15:46:00
948,D,1422.0,2026-01-01 15:47:00
949,A,1423.5,2026-01-01 15:48:00
950,B,1425.0,2026-01-01 15:49:00
951,C,1426.5,2026-01-01 15:50:00
952,D,1428.0,2026-01-01 15:51:00
953,A,1429.5,2026-01-01 15:52:00
954,B,1431.0,2026-01-01 15:53:00
955,C,1432.5,2026-01-01 15:54:00
956,D,1434.0,2026-01-01 15:55:00
957,A,1435.5,2026-01-01 15:56:00
958,B,1437.0,2026-01-01 15:57:00
959,C,1438.5,2026-01-01 15:58:00
960,D,1440.0,2026-01-01 15:59:00
961,A,1441.5,2026-01-01 16:00:00
962,B,1443.0,2026-01-01 16:01:00
963,C,1444.5,2026-01-01 16:02:00
964,D,1446.0,2026-01-01 16:03:00
965,A,1447.5,2026-01-01 16:04:00
966,B,1449.0,2026-01-01 16:05:00
967,C,1450.5,2026-01-01 16:06:00
968,D,1452.0,2026-01-01 16:07:00
969,A,1453.5,2026-01-01 16:08:00
970,B,1455.0,2026-01-01 16:09:00
971,C,1456.5,2026-01-01 16:10:00
972,D,1458.0,2026-01-01 16:11:00
973,A,1459.5,2026-01-01 16:12:00
974,B,1461.0,2026-01-01 16:13:00
975,C,1462.5,2026-01-01 16:14:00
976,D,1464.0,2026-01-01 16:15:00
977,A,1465.5,2026-01-01 16:16:00
978,B,1467.0,2026-01-01 16:17:00
979,C,1468.5,2026-01-01 16:18:00
980,D,1470.0,2026-01-01 16:19:00
981,A,1471.5,2026-01-01 16:20:00
982,B,1473.0,2026-01-01 16:21:00
983,C,1474.5,2026-01-01 16:22:00
984,D,1476.0,2026-01-01 16:23:00
985,A,1477.5,2026-01-01 16:24:00
986,B,1479.0,2026-01-01 16:25:00
987,C,1480.5,2026-01-01 16:26:00
988,D,1482.0,2026-01-01 16:27:00
989,A,1483.5,2026-01-01 16:28:00
990,B,1485.0,2026-01-01 16:29:00
991,C,1486.5,2026-01-01 16:30:00
992,D,1488.0,2026-01-01 16:31:00
993,A,1489.5,2026-01-01 16:32:00
994,B,1491.0,2026-01-01 16:33:00
995,C,1492.5,2026-01-01 16:34:00
996,D,1494.0,2026-01-01 16:35:00
997,A,1495.5,2026-01-01 16:36:00
998,B,1497.0,2026-01-01 16:37:00
999,C,1498.5,2026-01-01 16:38:00
1000,D,1500.0,2026-01-01 16:39:00
1001,A,1501.5,2026-01-01 16:40:00
1002,B,1503.0,2026-01-01 16:41:00
1003,C,1504.5,2026-01-01 16:42:00
1004,D,1506.0,2026-01-01 16:43:00
1005,A,1507.5,2026-01-01 16:44:00
1006,B,1509.0,2026-01-01 16:45:00
1007,C,1510.5,2026-01-01 16:46:00
1008,D,1512.0,2026-01-01 16:47:00
1009,A,1513.5,2026-01-01 16:48:00
1010,B,1515.0,2026-01-01 16:49:00
1011,C,1516.5,2026-01-01 16:50:00
1012,D,1518.0,2026-01-01 16:51:00
1013,A,1519.5,2026-01-01 16:52:00
1014,B,1521.0,2026-01-01 16:53:00
1015,C,1522.5,2026-01-01 16:54:00
1016,D,1524.0,2026-01-01 16:55:00
1017,A,1525.5,2026-01-01 16:56:00
1018,B,1527.0,2026-01-01 16:57:00
1019,C,1528.5,2026-01-01 16:58:00
1020,D,1530.0,2026-01-01 16:59:00
1021,A,1531.5,2026-01-01 17:00:00
1022,B,1533.0,2026-01-01 17:01:00
1023,C,1534.5,2026-01-01 17:02:00
1024,D,1536.0,2026-01-01 17:03:00
1025,A,1537.5,2026-01-01 17:04:00
1026,B,1539.0,2026-01-01 17:05:00
1027,C,1540.5,2026-01-01 17:06:00
1028,D,1542.0,2026-01-01 17:07:00
1029,A,1543.5,2026-01-01 17:08:00
1030,B,1545.0,2026-01-01 17:09:00
1031,C,1546.5,2026-01-01 17:10:00
1032,D,1548.0,2026-01-01 17:11:00
1033,A,1549.5,2026-01-01 17:12:00
1034,B,1551.0,2026-01-01 17:13:00
1035,C,1552.5,2026-01-01 17:14:00
1036,D,1554.0,2026-01-01 17:15:00
1037,A,1555.5,2026-01-01 17:16:00
1038,B,1557.0,2026-01-01 17:17:00
1039,C,1558.5,2026-01-01 17:18:00
1040,D,1560.0,2026-01-01 17:19:00
1041,A,1561.5,2026-01-01 17:20:00
1042,B,1563.0,2026-01-01 17:21:00
1043,C,1564.5,2026-01-01 17:22:00
1044,D,1566.0,2026-01-01 17:23:00
1045,A,1567.5,2026-01-01 17:24:00
1046,B,1569.0,2026-01-01 17:25:00
1047,C,1570.5,2026-01-01 17:26:00
1048,D,1572.0,2026-01-01 17:27:00
1049,A,1573.5,2026-01-01 17:28:00
1050,B,1575.0,2026-01-01 17:29:00
1051,C,1576.5,2026-01-01 17:30:00
1052,D,1578.0,2026-01-01 17:31:00
1053,A,1579.5,2026-01-01 17:32:00
1054,B,1581.0,2026-01-01 17:33:00
1055,C,1582.5,2026-01-01 17:34:00
1056,D,1584.0,2026-01-01 17:35:00
1057,A,1585.5,2026-01-01 17:36:00
1058,B,1587.0,2026-01-01 17:37:00
1059,C,1588.5,2026-01-01 17:38:00
1060,D,1590.0,2026-01-01 17:39:00
1061,A,1591.5,2026-01-01 17:40:00
1062,B,1593.0,2026-01-01 17:41:00
1063,C,1594.5,2026-01-01 17:42:00
1064,D,1596.0,2026-01-01 17:43:00
1065,A,1597.5,2026-01-01 17:44:00
1066,B,1599.0,2026-01-01 17:45:00
1067,C,1600.5,2026-01-01 17:46:00
1068,D,1602.0,2026-01-01 17:47:00
1069,A,1603.5,2026-01-01 17:48:00
1070,B,1605.0,2026-01-01 17:49:00
1071,C,1606.5,2026-01-01 17:50:00
1072,D,1608.0,2026-01-01 17:51:00
1073,A,1609.5,2026-01-01 17:52:00
1074,B,1611.0,2026-01-01 17:53:00
1075,C,1612.5,2026-01-01 17:54:00
1076,D,1614.0,2026-01-01 17:55:00
1077,A,1615.5,2026-01-01 17:56:00
1078,B,1617.0,2026-01-01 17:57:00
1079,C,1618.5,2026-01-01 17:58:00
1080,D,1620.0,2026-01-01 17:59:00
1081,A,1621.5,2026-01-01 18:00:00
1082,B,1623.0,2026-01-01 18:01:00
1083,C,1624.5,2026-01-01 18:02:00
1084,D,1626.0,2026-01-01 18:03:00
1085,A,1627.5,2026-01-01 18:04:00
1086,B,1629.0,2026-01-01 18:05:00
1087,C,1630.5,2026-01-01 18:06:00
1088,D,1632.0,2026-01-01 18:07:00
1089,A,1633.5,2026-01-01 18:08:00
1090,B,1635.0,2026-01-01 18:09:00
1091,C,1636.5,2026-01-01 18:10:00
1092,D,1638.0,2026-01-01 18:11:00
1093,A,1639.5,2026-01-01 18:12:00
1094,B,1641.0,2026-01-01 18:13:00
1095,C,1642.5,2026-01-01 18:14:00
1096,D,1644.0,2026-01-01 18:15:00
1097,A,1645.5,2026-01-01 18:16:00
1098,B,1647.0,2026-01-01 18:17:00
1099,C,1648.5,2026-01-01 18:18:00
1100,D,1650.0,2026-01-01 18:19:00
1101,A,1651.5,2026-01-01 18:20:00
1102,B,1653.0,2026-01-01 18:21:00
1103,C,1654.5,2026-01-01 18:22:00
1104,D,1656.0,2026-01-01 18:23:00
1105,A,1657.5,2026-01-01 18:24:00
1106,B,1659.0,2026-01-01 18:25:00
1107,C,1660.5,2026-01-01 18:26:00
1108,D,1662.0,2026-01-01 18:27:00
1109,A,1663.5,2026-01-01 18:28:00
1110,B,1665.0,2026-01-01 18:29:00
1111,C,1666.5,2026-01-01 18:30:00
1112,D,1668.0,2026-01-01 18:31:00
1113,A,1669.5,2026-01-01 18:32:00
1114,B,1671.0,2026-01-01 18:33:00
1115,C,1672.5,2026-01-01 18:34:00
1116,D,1674.0,2026-01-01 18:35:00
1117,A,1675.5,2026-01-01 18:36:00
1118,B,1677.0,2026-01-01 18:37:00
1119,C,1678.5,2026-01-01 18:38:00
1120,D,1680.0,2026-01-01 18:39:00
1121,A,1681.5,2026-01-01 18:40:00
1122,B,1683.0,2026-01-01 18:41:00
1123,C,1684.5,2026-01-01 18:42:00
1124,D,1686.0,2026-01-01 18:43:00
1125,A,1687.5,2026-01-01 18:44:00
1126,B,1689.0,2026-01-01 18:45:00
1127,C,1690.5,2026-01-01 18:46:00
1128,D,1692.0,2026-01-01 18:47:00
1129,A,1693.5,2026-01-01 18:48:00
1130,B,1695.0,2026-01-01 18:49:00
1131,C,1696.5,2026-01-01 18:50:00
1132,D,1698.0,2026-01-01 18:51:00
1133,A,1699.5,2026-01-01 18:52:00
1134,B,1701.0,2026-01-01 18:53:00
1135,C,1702.5,2026-01-01 18:54:00
1136,D,1704.0,2026-01-01 18:55:00
1137,A,1705.5,2026-01-01 18:56:00
1138,B,1707.0,2026-01-01 18:57:00
1139,C,1708.5,2026-01-01 18:58:00
1140,D,1710.0,2026-01-01 18:59:00
1141,A,1711.5,2026-01-01 19:00:00
1142,B,1713.0,2026-01-01 19:01:00
1143,C,1714.5,2026-01-01 19:02:00
1144,D,1716.0,2026-01-01 19:03:00
1145,A,1717.5,2026-01-01 19:04:00
1146,B,1719.0,2026-01-01 19:05:00
1147,C,1720.5,2026-01-01 19:06:00
1148,D,1722.0,2026-01-01 19:07:00
1149,A,1723.5,2026-01-01 19:08:00
1150,B,1725.0,2026-01-01 19:09:00
1151,C,1726.5,2026-01-01 19:10:00
1152,D,1728.0,2026-01-01 19:11:00
1153,A,1729.5,2026-01-01 19:12:00
1154,B,1731.0,2026-01-01 19:13:00
1155,C,1732.5,2026-01-01 19:14:00
1156,D,1734.0,2026-01-01 19:15:00
1157,A,1735.5,2026-01-01 19:16:00
1158,B,1737.0,2026-01-01 19:17:00
1159,C,1738.5,2026-01-01 19:18:00
1160,D,1740.0,2026-01-01 19:19:00
1161,A,1741.5,2026-01-01 19:20:00
1162,B,1743.0,2026-01-01 19:21:00
1163,C,1744.5,2026-01-01 19:22:00
1164,D,1746.0,2026-01-01 19:23:00
1165,A,1747.5,2026-01-01 19:24:00
1166,B,1749.0,2026-01-01 19:25:00
1167,C,1750.5,2026-01-01 19:26:00
1168,D,1752.0,2026-01-01 19:27:00
1169,A,1753.5,2026-01-01 19:28:00
1170,B,1755.0,2026-01-01 19:29:00
1171,C,1756.5,2026-01-01 19:30:00
1172,D,1758.0,2026-01-01 19:31:00
1173,A,1759.5,2026-01-01 19:32:00
1174,B,1761.0,2026-01-01 19:33:00
1175,C,1762.5,2026-01-01 19:34:00
1176,D,1764.0,2026-01-01 19:35:00
1177,A,1765.5,2026-01-01 19:36:00
1178,B,1767.0,2026-01-01 19:37:00
1179,C,1768.5,2026-01-01 19:38:00
1180,D,1770.0,2026-01-01 19:39:00
1181,A,1771.5,2026-01-01 19:40:00
1182,B,1773.0,2026-01-01 19:41:00
1183,C,1774.5,2026-01-01 19:42:00
1184,D,1776.0,2026-01-01 19:43:00
1185,A,1777.5,2026-01-01 19:44:00
1186,B,1779.0,2026-01-01 19:45:00
1187,C,1780.5,2026-01-01 19:46:00
1188,D,1782.0,2026-01-01 19:47:00
1189,A,1783.5,2026-01-01 19:48:00
1190,B,1785.0,2026-01-01 19:49:00
1191,C,1786.5,2026-01-01 19:50:00
1192,D,1788.0,2026-01-01 19:51:00
1193,A,1789.5,2026-01-01 19:52:00
1194,B,1791.0,2026-01-01 19:53:00
1195,C,1792.5,2026-01-01 19:54:00
1196,D,1794.0,2026-01-01 19:55:00
1197,A,1795.5,2026-01-01 19:56:00
1198,B,1797.0,2026-01-01 19:57:00
1199,C,1798.5,2026-01-01 19:58:00
1200,D,1800.0,2026-01-01 19:59:00
1201,A,1801.5,2026-01-01 20:00:00
1202,B,1803.0,2026-01-01 20:01:00
1203,C,1804.5,2026-01-01 20:02:00
1204,D,1806.0,2026-01-01 20:03:00
1205,A,1807.5,2026-01-01 20:04:00
1206,B,1809.0,2026-01-01 20:05:00
1207,C,1810.5,2026-01-01 20:06:00
1208,D,1812.0,2026-01-01 20:07:00
1209,A,1813.5,2026-01-01 20:08:00
1210,B,1815.0,2026-01-01 20:09:00
1211,C,1816.5,2026-01-01 20:10:00
1212,D,1818.0,2026-01-01 20:11:00
1213,A,1819.5,2026-01-01 20:12:00
1214,B,1821.0,2026-01-01 20:13:00
1215,C,1822.5,2026-01-01 20:14:00
1216,D,1824.0,2026-01-01 20:15:00
1217,A,1825.5,2026-01-01 20:16:00
1218,B,1827.0,2026-01-01 20:17:00
1219,C,1828.5,2026-01-01 20:18:00
1220,D,1830.0,2026-01-01 20:19:00
1221,A,1831.5,2026-01-01 20:20:00
1222,B,1833.0,2026-01-01 20:21:00
1223,C,1834.5,2026-01-01 20:22:00
1224,D,1836.0,2026-01-01 20:23:00
1225,A,1837.5,2026-01-01 20:24:00
1226,B,1839.0,2026-01-01 20:25:00
1227,C,1840.5,2026-01-01 20:26:00
1228,D,1842.0,2026-01-01 20:27:00
1229,A,1843.5,2026-01-01 20:28:00
1230,B,1845.0,2026-01-01 20:29:00
1231,C,1846.5,2026-01-01 20:30:00
1232,D,1848.0,2026-01-01 20:31:00
1233,A,1849.5,2026-01-01 20:32:00
1234,B,1851.0,2026-01-01 20:33:00
1235,C,1852.5,2026-01-01 20:34:00
1236,D,1854.0,2026-01-01 20:35:00
1237,A,1855.5,2026-01-01 20:36:00
1238,B,1857.0,2026-01-01 20:37:00
1239,C,1858.5,2026-01-01 20:38:00
1240,D,1860.0,2026-01-01 20:39:00
1241,A,1861.5,2026-01-01 20:40:00
1242,B,1863.0,2026-01-01 20:41:00
1243,C,1864.5,2026-01-01 20:42:00
1244,D,1866.0,2026-01-01 20:43:00
1245,A,1867.5,2026-01-01 20:44:00
1246,B,1869.0,2026-01-01 20:45:00
1247,C,1870.5,2026-01-01 20:46:00
1248,D,1872.0,2026-01-01 20:47:00
1249,A,1873.5,2026-01-01 20:48:00
1250,B,1875.0,2026-01-01 20:49:00
1251,C,1876.5,2026-01-01 20:50:00
1252,D,1878.0,2026-01-01 20:51:00
1253,A,1879.5,2026-01-01 20:52:00
1254,B,1881.0,2026-01-01 20:53:00
1255,C,1882.5,2026-01-01 20:54:00
1256,D,1884.0,2026-01-01 20:55:00
1257,A,1885.5,2026-01-01 20:56:00
1258,B,1887.0,2026-01-01 20:57:00
1259,C,1888.5,2026-01-01 20:58:00
1260,D,1890.0,2026-01-01 20:59:00
1261,A,1891.5,2026-01-01 21:00:00
1262,B,1893.0,2026-01-01 21:01:00
1263,C,1894.5,2026-01-01 21:02:00
1264,D,1896.0,2026-01-01 21:03:00
1265,A,1897.5,2026-01-01 21:04:00
1266,B,1899.0,2026-01-01 21:05:00
1267,C,1900.5,2026-01-01 21:06:00
1268,D,1902.0,2026-01-01 21:07:00
1269,A,1903.5,2026-01-01 21:08:00
1270,B,1905.0,2026-01-01 21:09:00
1271,C,1906.5,2026-01-01 21:10:00
1272,D,1908.0,2026-01-01 21:11:00
1273,A,1909.5,2026-01-01 21:12:00
1274,B,1911.0,2026-01-01 21:13:00
1275,C,1912.5,2026-01-01 21:14:00
1276,D,1914.0,2026-01-01 21:15:00
1277,A,1915.5,2026-01-01 21:16:00
1278,B,1917.0,2026-01-01 21:17:00
1279,C,1918.5,2026-01-01 21:18:00
1280,D,1920.0,2026-01-01 21:19:00
1281,A,1921.5,2026-01-01 21:20:00
1282,B,1923.0,2026-01-01 21:21:00
1283,C,1924.5,2026-01-01 21:22:00
1284,D,1926.0,2026-01-01 21:23:00
1285,A,1927.5,2026-01-01 21:24:00
1286,B,1929.0,2026-01-01 21:25:00
1287,C,1930.5,2026-01-01 21:26:00
1288,D,1932.0,2026-01-01 21:27:00
1289,A,1933.5,2026-01-01 21:28:00
1290,B,1935.0,2026-01-01 21:29:00
1291,C,1936.5,2026-01-01 21:30:00
1292,D,1938.0,2026-01-01 21:31:00
1293,A,1939.5,2026-01-01 21:32:00
1294,B,1941.0,2026-01-01 21:33:00
1295,C,1942.5,2026-01-01 21:34:00
1296,D,1944.0,2026-01-01 21:35:00
1297,A,1945.5,2026-01-01 21:36:00
1298,B,1947.0,2026-01-01 21:37:00
1299,C,1948.5,2026-01-01 21:38:00
1300,D,1950.0,2026-01-01 21:39:00
1301,A,1951.5,2026-01-01 21:40:00
1302,B,1953.0,2026-01-01 21:41:00
1303,C,1954.5,2026-01-01 21:42:00
1304,D,1956.0,2026-01-01 21:43:00
1305,A,1957.5,2026-01-01 21:44:00
1306,B,1959.0,2026-01-01 21:45:00
1307,C,1960.5,2026-01-01 21:46:00
1308,D,1962.0,2026-01-01 21:47:00
1309,A,1963.5,2026-01-01 21:48:00
1310,B,1965.0,2026-01-01 21:49:00
1311,C,1966.5,2026-01-01 21:50:00
1312,D,1968.0,2026-01-01 21:51:00
1313,A,1969.5,2026-01-01 21:52:00
1314,B,1971.0,2026-01-01 21:53:00
1315,C,1972.5,2026-01-01 21:54:00
1316,D,1974.0,2026-01-01 21:55:00
1317,A,1975.5,2026-01-01 21:56:00
1318,B,1977.0,2026-01-01 21:57:00
1319,C,1978.5,2026-01-01 21:58:00
1320,D,1980.0,2026-01-01 21:59:00
1321,A,1981.5,2026-01-01 22:00:00
1322,B,1983.0,2026-01-01 22:01:00
1323,C,1984.5,2026-01-01 22:02:00
1324,D,1986.0,2026-01-01 22:03:00
1325,A,1987.5,2026-01-01 22:04:00
1326,B,1989.0,2026-01-01 22:05:00
1327,C,1990.5,2026-01-01 22:06:00
1328,D,1992.0,2026-01-01 22:07:00
1329,A,1993.5,2026-01-01 22:08:00
1330,B,1995.0,2026-01-01 22:09:00
1331,C,1996.5,2026-01-01 22:10:00
1332,D,1998.0,2026-01-01 22:11:00
1333,A,1999.5,2026-01-01 22:12:00
1334,B,2001.0,2026-01-01 22:13:00
1335,C,2002.5,2026-01-01 22:14:00
1336,D,2004.0,2026-01-01 22:15:00
1337,A,2005.5,2026-01-01 22:16:00
1338,B,2007.0,2026-01-01 22:17:00
1339,C,2008.5,2026-01-01 22:18:00
1340,D,2010.0,2026-01-01 22:19:00
1341,A,2011.5,2026-01-01 22:20:00
1342,B,2013.0,2026-01-01 22:21:00
1343,C,2014.5,2026-01-01 22:22:00
1344,D,2016.0,2026-01-01 22:23:00
1345,A,2017.5,2026-01-01 22:24:00
1346,B,2019.0,2026-01-01 22:25:00
1347,C,2020.5,2026-01-01 22:26:00
1348,D,2022.0,2026-01-01 22:27:00
1349,A,2023.5,2026-01-01 22:28:00
1350,B,2025.0,2026-01-01 22:29:00
1351,C,2026.5,2026-01-01 22:30:00
1352,D,2028.0,2026-01-01 22:31:00
1353,A,2029.5,2026-01-01 22:32:00
1354,B,2031.0,2026-01-01 22:33:00
1355,C,2032.5,2026-01-01 22:34:00
1356,D,2034.0,2026-01-01 22:35:00
1357,A,2035.5,2026-01-01 22:36:00
1358,B,2037.0,2026-01-01 22:37:00
1359,C,2038.5,2026-01-01 22:38:00
1360,D,2040.0,2026-01-01 22:39:00
1361,A,2041.5,2026-01-01 22:40:00
1362,B,2043.0,2026-01-01 22:41:00
1363,C,2044.5,2026-01-01 22:42:00
1364,D,2046.0,2026-01-01 22:43:00
1365,A,2047.5,2026-01-01 22:44:00
1366,B,2049.0,2026-01-01 22:45:00
1367,C,2050.5,2026-01-01 22:46:00
1368,D,2052.0,2026-01-01 22:47:00
1369,A,2053.5,2026-01-01 22:48:00
1370,B,2055.0,2026-01-01 22:49:00
1371,C,2056.5,2026-01-01 22:50:00
1372,D,2058.0,2026-01-01 22:51:00
1373,A,2059.5,2026-01-01 22:52:00
1374,B,2061.0,2026-01-01 22:53:00
1375,C,2062.5,2026-01-01 22:54:00
1376,D,2064.0,2026-01-01 22:55:00
1377,A,2065.5,2026-01-01 22:56:00
1378,B,2067.0,2026-01-01 22:57:00
1379,C,2068.5,2026-01-01 22:58:00
1380,D,2070.0,2026-01-01 22:59:00
1381,A,2071.5,2026-01-01 23:00:00
1382,B,2073.0,2026-01-01 23:01:00
1383,C,2074.5,2026-01-01 23:02:00
1384,D,2076.0,2026-01-01 23:03:00
1385,A,2077.5,2026-01-01 23:04:00
1386,B,2079.0,2026-01-01 23:05:00
1387,C,2080.5,2026-01-01 23:06:00
1388,D,2082.0,2026-01-01 23:07:00
1389,A,2083.5,2026-01-01 23:08:00
1390,B,2085.0,2026-01-01 23:09:00
1391,C,2086.5,2026-01-01 23:10:00
1392,D,2088.0,2026-01-01 23:11:00
1393,A,2089.5,2026-01-01 23:12:00
1394,B,2091.0,2026-01-01 23:13:00
1395,C,2092.5,2026-01-01 23:14:00
1396,D,2094.0,2026-01-01 23:15:00
1397,A,2095.5,2026-01-01 23:16:00
1398,B,2097.0,2026-01-01 23:17:00
1399,C,2098.5,2026-01-01 23:18:00
1400,D,2100.0,2026-01-01 23:19:00
1401,A,2101.5,2026-01-01 23:20:00
1402,B,2103.0,2026-01-01 23:21:00
1403,C,2104.5,2026-01-01 23:22:00
1404,D,2106.0,2026-01-01 23:23:00
1405,A,2107.5,2026-01-01 23:24:00
1406,B,2109.0,2026-01-01 23:25:00
1407,C,2110.5,2026-01-01 23:26:00
1408,D,2112.0,2026-01-01 23:27:00
1409,A,2113.5,2026-01-01 23:28:00
1410,B,2115.0,2026-01-01 23:29:00
1411,C,2116.5,2026-01-01 23:30:00
1412,D,2118.0,2026-01-01 23:31:00
1413,A,2119.5,2026-01-01 23:32:00
1414,B,2121.0,2026-01-01 23:33:00
1415,C,2122.5,2026-01-01 23:34:00
1416,D,2124.0,2026-01-01 23:35:00
1417,A,2125.5,2026-01-01 23:36:00
1418,B,2127.0,2026-01-01 23:37:00
1419,C,2128.5,2026-01-01 23:38:00
1420,D,2130.0,2026-01-01 23:39:00
1421,A,2131.5,2026-01-01 23:40:00
1422,B,2133.0,2026-01-01 23:41:00
1423,C,2134.5,2026-01-01 23:42:00
1424,D,2136.0,2026-01-01 23:43:00
1425,A,2137.5,2026-01-01 23:44:00
1426,B,2139.0,2026-01-01 23:45:00
1427,C,2140.5,2026-01-01 23:46:00
1428,D,2142.0,2026-01-01 23:47:00
1429,A,2143.5,2026-01-01 23:48:00
1430,B,2145.0,2026-01-01 23:49:00
1431,C,2146.5,2026-01-01 23:50:00
1432,D,2148.0,2026-01-01 23:51:00
1433,A,2149.5,2026-01-01 23:52:00
1434,B,2151.0,2026-01-01 23:53:00
1435,C,2152.5,2026-01-01 23:54:00
1436,D,2154.0,2026-01-01 23:55:00
1437,A,2155.5,2026-01-01 23:56:00
1438,B,2157.0,2026-01-01 23:57:00
1439,C,2158.5,2026-01-01 23:58:00
1440,D,2160.0,2026-01-01 23:59:00
1441,A,2161.5,2026-01-02 00:00:00
1442,B,2163.0,2026-01-02 00:01:00
1443,C,2164.5,2026-01-02 00:02:00
1444,D,2166.0,2026-01-02 00:03:00
1445,A,2167.5,2026-01-02 00:04:00
1446,B,2169.0,2026-01-02 00:05:00
1447,C,2170.5,2026-01-02 00:06:00
1448,D,2172.0,2026-01-02 00:07:00
1449,A,2173.5,2026-01-02 00:08:00
1450,B,2175.0,2026-01-02 00:09:00
1451,C,2176.5,2026-01-02 00:10:00
1452,D,2178.0,2026-01-02 00:11:00
1453,A,2179.5,2026-01-02 00:12:00
1454,B,2181.0,2026-01-02 00:13:00
1455,C,2182.5,2026-01-02 00:14:00
1456,D,2184.0,2026-01-02 00:15:00
1457,A,2185.5,2026-01-02 00:16:00
1458,B,2187.0,2026-01-02 00:17:00
1459,C,2188.5,2026-01-02 00:18:00
1460,D,2190.0,2026-01-02 00:19:00
1461,A,2191.5,2026-01-02 00:20:00
1462,B,2193.0,2026-01-02 00:21:00
1463,C,2194.5,2026-01-02 00:22:00
1464,D,2196.0,2026-01-02 00:23:00
1465,A,2197.5,2026-01-02 00:24:00
1466,B,2199.0,2026-01-02 00:25:00
1467,C,2200.5,2026-01-02 00:26:00
1468,D,2202.0,2026-01-02 00:27:00
1469,A,2203.5,2026-01-02 00:28:00
1470,B,2205.0,2026-01-02 00:29:00
1471,C,2206.5,2026-01-02 00:30:00
1472,D,2208.0,2026-01-02 00:31:00
1473,A,2209.5,2026-01-02 00:32:00
1474,B,2211.0,2026-01-02 00:33:00
1475,C,2212.5,2026-01-02 00:34:00
1476,D,2214.0,2026-01-02 00:35:00
1477,A,2215.5,2026-01-02 00:36:00
1478,B,2217.0,2026-01-02 00:37:00
1479,C,2218.5,2026-01-02 00:38:00
1480,D,2220.0,2026-01-02 00:39:00
1481,A,2221.5,2026-01-02 00:40:00
1482,B,2223.0,2026-01-02 00:41:00
1483,C,2224.5,2026-01-02 00:42:00
1484,D,2226.0,2026-01-02 00:43:00
1485,A,2227.5,2026-01-02 00:44:00
1486,B,2229.0,2026-01-02 00:45:00
1487,C,2230.5,2026-01-02 00:46:00
1488,D,2232.0,2026-01-02 00:47:00
1489,A,2233.5,2026-01-02 00:48:00
1490,B,2235.0,2026-01-02 00:49:00
1491,C,2236.5,2026-01-02 00:50:00
1492,D,2238.0,2026-01-02 00:51:00
1493,A,2239.5,2026-01-02 00:52:00
1494,B,2241.0,2026-01-02 00:53:00
1495,C,2242.5,2026-01-02 00:54:00
1496,D,2244.0,2026-01-02 00:55:00
1497,A,2245.5,2026-01-02 00:56:00
1498,B,2247.0,2026-01-02 00:57:00
1499,C,2248.5,2026-01-02 00:58:00
1500,D,2250.0,2026-01-02 00:59:00
1501,A,2251.5,2026-01-02 01:00:00
1502,B,2253.0,2026-01-02 01:01:00
1503,C,2254.5,2026-01-02 01:02:00
1504,D,2256.0,2026-01-02 01:03:00
1505,A,2257.5,2026-01-02 01:04:00
1506,B,2259.0,2026-01-02 01:05:00
1507,C,2260.5,2026-01-02 01:06:00
1508,D,2262.0,2026-01-02 01:07:00
1509,A,2263.5,2026-01-02 01:08:00
1510,B,2265.0,2026-01-02 01:09:00
1511,C,2266.5,2026-01-02 01:10:00
1512,D,2268.0,2026-01-02 01:11:00
1513,A,2269.5,2026-01-02 01:12:00
1514,B,2271.0,2026-01-02 01:13:00
1515,C,2272.5,2026-01-02 01:14:00
1516,D,2274.0,2026-01-02 01:15:00
1517,A,2275.5,2026-01-02 01:16:00
1518,B,2277.0,2026-01-02 01:17:00
1519,C,2278.5,2026-01-02 01:18:00
1520,D,2280.0,2026-01-02 01:19:00
1521,A,2281.5,2026-01-02 01:20:00
1522,B,2283.0,2026-01-02 01:21:00
1523,C,2284.5,2026-01-02 01:22:00
1524,D,2286.0,2026-01-02 01:23:00
1525,A,2287.5,2026-01-02 01:24:00
1526,B,2289.0,2026-01-02 01:25:00
1527,C,2290.5,2026-01-02 01:26:00
1528,D,2292.0,2026-01-02 01:27:00
1529,A,2293.5,2026-01-02 01:28:00
1530,B,2295.0,2026-01-02 01:29:00
1531,C,2296.5,2026-01-02 01:30:00
1532,D,2298.0,2026-01-02 01:31:00
1533,A,2299.5,2026-01-02 01:32:00
1534,B,2301.0,2026-01-02 01:33:00
1535,C,2302.5,2026-01-02 01:34:00
1536,D,2304.0,2026-01-02 01:35:00
1537,A,2305.5,2026-01-02 01:36:00
1538,B,2307.0,2026-01-02 01:37:00
1539,C,2308.5,2026-01-02 01:38:00
1540,D,2310.0,2026-01-02 01:39:00
1541,A,2311.5,2026-01-02 01:40:00
1542,B,2313.0,2026-01-02 01:41:00
1543,C,2314.5,2026-01-02 01:42:00
1544,D,2316.0,2026-01-02 01:43:00
1545,A,2317.5,2026-01-02 01:44:00
1546,B,2319.0,2026-01-02 01:45:00
1547,C,2320.5,2026-01-02 01:46:00
1548,D,2322.0,2026-01-02 01:47:00
1549,A,2323.5,2026-01-02 01:48:00
1550,B,2325.0,2026-01-02 01:49:00
1551,C,2326.5,2026-01-02 01:50:00
1552,D,2328.0,2026-01-02 01:51:00
1553,A,2329.5,2026-01-02 01:52:00
1554,B,2331.0,2026-01-02 01:53:00
1555,C,2332.5,2026-01-02 01:54:00
1556,D,2334.0,2026-01-02 01:55:00
1557,A,2335.5,2026-01-02 01:56:00
1558,B,2337.0,2026-01-02 01:57:00
1559,C,2338.5,2026-01-02 01:58:00
1560,D,2340.0,2026-01-02 01:59:00
1561,A,2341.5,2026-01-02 02:00:00
1562,B,2343.0,2026-01-02 02:01:00
1563,C,2344.5,2026-01-02 02:02:00
1564,D,2346.0,2026-01-02 02:03:00
1565,A,2347.5,2026-01-02 02:04:00
1566,B,2349.0,2026-01-02 02:05:00
1567,C,2350.5,2026-01-02 02:06:00
1568,D,2352.0,2026-01-02 02:07:00
1569,A,2353.5,2026-01-02 02:08:00
1570,B,2355.0,2026-01-02 02:09:00
1571,C,2356.5,2026-01-02 02:10:00
1572,D,2358.0,2026-01-02 02:11:00
1573,A,2359.5,2026-01-02 02:12:00
1574,B,2361.0,2026-01-02 02:13:00
1575,C,2362.5,2026-01-02 02:14:00
1576,D,2364.0,2026-01-02 02:15:00
1577,A,2365.5,2026-01-02 02:16:00
1578,B,2367.0,2026-01-02 02:17:00
1579,C,2368.5,2026-01-02 02:18:00
1580,D,2370.0,2026-01-02 02:19:00
1581,A,2371.5,2026-01-02 02:20:00
1582,B,2373.0,2026-01-02 02:21:00
1583,C,2374.5,2026-01-02 02:22:00
1584,D,2376.0,2026-01-02 02:23:00
1585,A,2377.5,2026-01-02 02:24:00
1586,B,2379.0,2026-01-02 02:25:00
1587,C,2380.5,2026-01-02 02:26:00
1588,D,2382.0,2026-01-02 02:27:00
1589,A,2383.5,2026-01-02 02:28:00
1590,B,2385.0,2026-01-02 02:29:00
1591,C,2386.5,2026-01-02 02:30:00
1592,D,2388.0,2026-01-02 02:31:00
1593,A,2389.5,2026-01-02 02:32:00
1594,B,2391.0,2026-01-02 02:33:00
1595,C,2392.5,2026-01-02 02:34:00
1596,D,2394.0,2026-01-02 02:35:00
1597,A,2395.5,2026-01-02 02:36:00
1598,B,2397.0,2026-01-02 02:37:00
1599,C,2398.5,2026-01-02 02:38:00
1600,D,2400.0,2026-01-02 02:39:00
1601,A,2401.5,2026-01-02 02:40:00
1602,B,2403.0,2026-01-02 02:41:00
1603,C,2404.5,2026-01-02 02:42:00
1604,D,2406.0,2026-01-02 02:43:00
1605,A,2407.5,2026-01-02 02:44:00
1606,B,2409.0,2026-01-02 02:45:00
1607,C,2410.5,2026-01-02 02:46:00
1608,D,2412.0,2026-01-02 02:47:00
1609,A,2413.5,2026-01-02 02:48:00
1610,B,2415.0,2026-01-02 02:49:00
1611,C,2416.5,2026-01-02 02:50:00
1612,D,2418.0,2026-01-02 02:51:00
1613,A,2419.5,2026-01-02 02:52:00
1614,B,2421.0,2026-01-02 02:53:00
1615,C,2422.5,2026-01-02 02:54:00
1616,D,2424.0,2026-01-02 02:55:00
1617,A,2425.5,2026-01-02 02:56:00
1618,B,2427.0,2026-01-02 02:57:00
1619,C,2428.5,2026-01-02 02:58:00
1620,D,2430.0,2026-01-02 02:59:00
1621,A,2431.5,2026-01-02 03:00:00
1622,B,2433.0,2026-01-02 03:01:00
1623,C,2434.5,2026-01-02 03:02:00
1624,D,2436.0,2026-01-02 03:03:00
1625,A,2437.5,2026-01-02 03:04:00
1626,B,2439.0,2026-01-02 03:05:00
1627,C,2440.5,2026-01-02 03:06:00
1628,D,2442.0,2026-01-02 03:07:00
1629,A,2443.5,2026-01-02 03:08:00
1630,B,2445.0,2026-01-02 03:09:00
1631,C,2446.5,2026-01-02 03:10:00
1632,D,2448.0,2026-01-02 03:11:00
1633,A,2449.5,2026-01-02 03:12:00
1634,B,2451.0,2026-01-02 03:13:00
1635,C,2452.5,2026-01-02 03:14:00
1636,D,2454.0,2026-01-02 03:15:00
1637,A,2455.5,2026-01-02 03:16:00
1638,B,2457.0,2026-01-02 03:17:00
1639,C,2458.5,2026-01-02 03:18:00
1640,D,2460.0,2026-01-02 03:19:00
1641,A,2461.5,2026-01-02 03:20:00
1642,B,2463.0,2026-01-02 03:21:00
1643,C,2464.5,2026-01-02 03:22:00
1644,D,2466.0,2026-01-02 03:23:00
1645,A,2467.5,2026-01-02 03:24:00
1646,B,2469.0,2026-01-02 03:25:00
1647,C,2470.5,2026-01-02 03:26:00
1648,D,2472.0,2026-01-02 03:27:00
1649,A,2473.5,2026-01-02 03:28:00
1650,B,2475.0,2026-01-02 03:29:00
1651,C,2476.5,2026-01-02 03:30:00
1652,D,2478.0,2026-01-02 03:31:00
1653,A,2479.5,2026-01-02 03:32:00
1654,B,2481.0,2026-01-02 03:33:00
1655,C,2482.5,2026-01-02 03:34:00
1656,D,2484.0,2026-01-02 03:35:00
1657,A,2485.5,2026-01-02 03:36:00
1658,B,2487.0,2026-01-02 03:37:00
1659,C,2488.5,2026-01-02 03:38:00
1660,D,2490.0,2026-01-02 03:39:00
1661,A,2491.5,2026-01-02 03:40:00
1662,B,2493.0,2026-01-02 03:41:00
1663,C,2494.5,2026-01-02 03:42:00
1664,D,2496.0,2026-01-02 03:43:00
1665,A,2497.5,2026-01-02 03:44:00
1666,B,2499.0,2026-01-02 03:45:00
1667,C,2500.5,2026-01-02 03:46:00
1668,D,2502.0,2026-01-02 03:47:00
1669,A,2503.5,2026-01-02 03:48:00
1670,B,2505.0,2026-01-02 03:49:00
1671,C,2506.5,2026-01-02 03:50:00
1672,D,2508.0,2026-01-02 03:51:00
1673,A,2509.5,2026-01-02 03:52:00
1674,B,2511.0,2026-01-02 03:53:00
1675,C,2512.5,2026-01-02 03:54:00
1676,D,2514.0,2026-01-02 03:55:00
1677,A,2515.5,2026-01-02 03:56:00
1678,B,2517.0,2026-01-02 03:57:00
1679,C,2518.5,2026-01-02 03:58:00
1680,D,2520.0,2026-01-02 03:59:00
1681,A,2521.5,2026-01-02 04:00:00
1682,B,2523.0,2026-01-02 04:01:00
1683,C,2524.5,2026-01-02 04:02:00
1684,D,2526.0,2026-01-02 04:03:00
1685,A,2527.5,2026-01-02 04:04:00
1686,B,2529.0,2026-01-02 04:05:00
1687,C,2530.5,2026-01-02 04:06:00
1688,D,2532.0,2026-01-02 04:07:00
1689,A,2533.5,2026-01-02 04:08:00
1690,B,2535.0,2026-01-02 04:09:00
1691,C,2536.5,2026-01-02 04:10:00
1692,D,2538.0,2026-01-02 04:11:00
1693,A,2539.5,2026-01-02 04:12:00
1694,B,2541.0,2026-01-02 04:13:00
1695,C,2542.5,2026-01-02 04:14:00
1696,D,2544.0,2026-01-02 04:15:00
1697,A,2545.5,2026-01-02 04:16:00
1698,B,2547.0,2026-01-02 04:17:00
1699,C,2548.5,2026-01-02 04:18:00
1700,D,2550.0,2026-01-02 04:19:00
1701,A,2551.5,2026-01-02 04:20:00
1702,B,2553.0,2026-01-02 04:21:00
1703,C,2554.5,2026-01-02 04:22:00
1704,D,2556.0,2026-01-02 04:23:00
1705,A,2557.5,2026-01-02 04:24:00
1706,B,2559.0,2026-01-02 04:25:00
1707,C,2560.5,2026-01-02 04:26:00
1708,D,2562.0,2026-01-02 04:27:00
1709,A,2563.5,2026-01-02 04:28:00
1710,B,2565.0,2026-01-02 04:29:00
1711,C,2566.5,2026-01-02 04:30:00
1712,D,2568.0,2026-01-02 04:31:00
1713,A,2569.5,2026-01-02 04:32:00
1714,B,2571.0,2026-01-02 04:33:00
1715,C,2572.5,2026-01-02 04:34:00
1716,D,2574.0,2026-01-02 04:35:00
1717,A,2575.5,2026-01-02 04:36:00
1718,B,2577.0,2026-01-02 04:37:00
1719,C,2578.5,2026-01-02 04:38:00
1720,D,2580.0,2026-01-02 04:39:00
1721,A,2581.5,2026-01-02 04:40:00
1722,B,2583.0,2026-01-02 04:41:00
1723,C,2584.5,2026-01-02 04:42:00
1724,D,2586.0,2026-01-02 04:43:00
1725,A,2587.5,2026-01-02 04:44:00
1726,B,2589.0,2026-01-02 04:45:00
1727,C,2590.5,2026-01-02 04:46:00
1728,D,2592.0,2026-01-02 04:47:00
1729,A,2593.5,2026-01-02 04:48:00
1730,B,2595.0,2026-01-02 04:49:00
1731,C,2596.5,2026-01-02 04:50:00
1732,D,2598.0,2026-01-02 04:51:00
1733,A,2599.5,2026-01-02 04:52:00
1734,B,2601.0,2026-01-02 04:53:00
1735,C,2602.5,2026-01-02 04:54:00
1736,D,2604.0,2026-01-02 04:55:00
1737,A,2605.5,2026-01-02 04:56:00
1738,B,2607.0,2026-01-02 04:57:00
1739,C,2608.5,2026-01-02 04:58:00
1740,D,2610.0,2026-01-02 04:59:00
1741,A,2611.5,2026-01-02 05:00:00
1742,B,2613.0,2026-01-02 05:01:00
1743,C,2614.5,2026-01-02 05:02:00
1744,D,2616.0,2026-01-02 05:03:00
1745,A,2617.5,2026-01-02 05:04:00
1746,B,2619.0,2026-01-02 05:05:00
1747,C,2620.5,2026-01-02 05:06:00
1748,D,2622.0,2026-01-02 05:07:00
1749,A,2623.5,2026-01-02 05:08:00
1750,B,2625.0,2026-01-02 05:09:00
1751,C,2626.5,2026-01-02 05:10:00
1752,D,2628.0,2026-01-02 05:11:00
1753,A,2629.5,2026-01-02 05:12:00
1754,B,2631.0,2026-01-02 05:13:00
1755,C,2632.5,2026-01-02 05:14:00
1756,D,2634.0,2026-01-02 05:15:00
1757,A,2635.5,2026-01-02 05:16:00
1758,B,2637.0,2026-01-02 05:17:00
1759,C,2638.5,2026-01-02 05:18:00
1760,D,2640.0,2026-01-02 05:19:00
1761,A,2641.5,2026-01-02 05:20:00
1762,B,2643.0,2026-01-02 05:21:00
1763,C,2644.5,2026-01-02 05:22:00
1764,D,2646.0,2026-01-02 05:23:00
1765,A,2647.5,2026-01-02 05:24:00
1766,B,2649.0,2026-01-02 05:25:00
1767,C,2650.5,2026-01-02 05:26:00
1768,D,2652.0,2026-01-02 05:27:00
1769,A,2653.5,2026-01-02 05:28:00
1770,B,2655.0,2026-01-02 05:29:00
1771,C,2656.5,2026-01-02 05:30:00
1772,D,2658.0,2026-01-02 05:31:00
1773,A,2659.5,2026-01-02 05:32:00
1774,B,2661.0,2026-01-02 05:33:00
1775,C,2662.5,2026-01-02 05:34:00
1776,D,2664.0,2026-01-02 05:35:00
1777,A,2665.5,2026-01-02 05:36:00
1778,B,2667.0,2026-01-02 05:37:00
1779,C,2668.5,2026-01-02 05:38:00
1780,D,2670.0,2026-01-02 05:39:00
1781,A,2671.5,2026-01-02 05:40:00
1782,B,2673.0,2026-01-02 05:41:00
1783,C,2674.5,2026-01-02 05:42:00
1784,D,2676.0,2026-01-02 05:43:00
1785,A,2677.5,2026-01-02 05:44:00
1786,B,2679.0,2026-01-02 05:45:00
1787,C,2680.5,2026-01-02 05:46:00
1788,D,2682.0,2026-01-02 05:47:00
1789,A,2683.5,2026-01-02 05:48:00
1790,B,2685.0,2026-01-02 05:49:00
1791,C,2686.5,2026-01-02 05:50:00
1792,D,2688.0,2026-01-02 05:51:00
1793,A,2689.5,2026-01-02 05:52:00
1794,B,2691.0,2026-01-02 05:53:00
1795,C,2692.5,2026-01-02 05:54:00
1796,D,2694.0,2026-01-02 05:55:00
1797,A,2695.5,2026-01-02 05:56:00
1798,B,2697.0,2026-01-02 05:57:00
1799,C,2698.5,2026-01-02 05:58:00
1800,D,2700.0,2026-01-02 05:59:00
1801,A,2701.5,2026-01-02 06:00:00
1802,B,2703.0,2026-01-02 06:01:00
1803,C,2704.5,2026-01-02 06:02:00
1804,D,2706.0,2026-01-02 06:03:00
1805,A,2707.5,2026-01-02 06:04:00
1806,B,2709.0,2026-01-02 06:05:00
1807,C,2710.5,2026-01-02 06:06:00
1808,D,2712.0,2026-01-02 06:07:00
1809,A,2713.5,2026-01-02 06:08:00
1810,B,2715.0,2026-01-02 06:09:00
1811,C,2716.5,2026-01-02 06:10:00
1812,D,2718.0,2026-01-02 06:11:00
1813,A,2719.5,2026-01-02 06:12:00
1814,B,2721.0,2026-01-02 06:13:00
1815,C,2722.5,2026-01-02 06:14:00
1816,D,2724.0,2026-01-02 06:15:00
1817,A,2725.5,2026-01-02 06:16:00
1818,B,2727.0,2026-01-02 06:17:00
1819,C,2728.5,2026-01-02 06:18:00
1820,D,2730.0,2026-01-02 06:19:00
1821,A,2731.5,2026-01-02 06:20:00
1822,B,2733.0,2026-01-02 06:21:00
1823,C,2734.5,2026-01-02 06:22:00
1824,D,2736.0,2026-01-02 06:23:00
1825,A,2737.5,2026-01-02 06:24:00
1826,B,2739.0,2026-01-02 06:25:00
1827,C,2740.5,2026-01-02 06:26:00
1828,D,2742.0,2026-01-02 06:27:00
1829,A,2743.5,2026-01-02 06:28:00
1830,B,2745.0,2026-01-02 06:29:00
1831,C,2746.5,2026-01-02 06:30:00
1832,D,2748.0,2026-01-02 06:31:00
1833,A,2749.5,2026-01-02 06:32:00
1834,B,2751.0,2026-01-02 06:33:00
1835,C,2752.5,2026-01-02 06:34:00
1836,D,2754.0,2026-01-02 06:35:00
1837,A,2755.5,2026-01-02 06:36:00
1838,B,2757.0,2026-01-02 06:37:00
1839,C,2758.5,2026-01-02 06:38:00
1840,D,2760.0,2026-01-02 06:39:00
1841,A,2761.5,2026-01-02 06:40:00
1842,B,2763.0,2026-01-02 06:41:00
1843,C,2764.5,2026-01-02 06:42:00
1844,D,2766.0,2026-01-02 06:43:00
1845,A,2767.5,2026-01-02 06:44:00
1846,B,2769.0,2026-01-02 06:45:00
1847,C,2770.5,2026-01-02 06:46:00
1848,D,2772.0,2026-01-02 06:47:00
1849,A,2773.5,2026-01-02 06:48:00
1850,B,2775.0,2026-01-02 06:49:00
1851,C,2776.5,2026-01-02 06:50:00
1852,D,2778.0,2026-01-02 06:51:00
1853,A,2779.5,2026-01-02 06:52:00
1854,B,2781.0,2026-01-02 06:53:00
1855,C,2782.5,2026-01-02 06:54:00
1856,D,2784.0,2026-01-02 06:55:00
1857,A,2785.5,2026-01-02 06:56:00
1858,B,2787.0,2026-01-02 06:57:00
1859,C,2788.5,2026-01-02 06:58:00
1860,D,2790.0,2026-01-02 06:59:00
1861,A,2791.5,2026-01-02 07:00:00
1862,B,2793.0,2026-01-02 07:01:00
1863,C,2794.5,2026-01-02 07:02:00
1864,D,2796.0,2026-01-02 07:03:00
1865,A,2797.5,2026-01-02 07:04:00
1866,B,2799.0,2026-01-02 07:05:00
1867,C,2800.5,2026-01-02 07:06:00
1868,D,2802.0,2026-01-02 07:07:00
1869,A,2803.5,2026-01-02 07:08:00
1870,B,2805.0,2026-01-02 07:09:00
1871,C,2806.5,2026-01-02 07:10:00
1872,D,2808.0,2026-01-02 07:11:00
1873,A,2809.5,2026-01-02 07:12:00
1874,B,2811.0,2026-01-02 07:13:00
1875,C,2812.5,2026-01-02 07:14:00
1876,D,2814.0,2026-01-02 07:15:00
1877,A,2815.5,2026-01-02 07:16:00
1878,B,2817.0,2026-01-02 07:17:00
1879,C,2818.5,2026-01-02 07:18:00
1880,D,2820.0,2026-01-02 07:19:00
1881,A,2821.5,2026-01-02 07:20:00
1882,B,2823.0,2026-01-02 07:21:00
1883,C,2824.5,2026-01-02 07:22:00
1884,D,2826.0,2026-01-02 07:23:00
1885,A,2827.5,2026-01-02 07:24:00
1886,B,2829.0,2026-01-02 07:25:00
1887,C,2830.5,2026-01-02 07:26:00
1888,D,2832.0,2026-01-02 07:27:00
1889,A,2833.5,2026-01-02 07:28:00
1890,B,2835.0,2026-01-02 07:29:00
1891,C,2836.5,2026-01-02 07:30:00
1892,D,2838.0,2026-01-02 07:31:00
1893,A,2839.5,2026-01-02 07:32:00
1894,B,2841.0,2026-01-02 07:33:00
1895,C,2842.5,2026-01-02 07:34:00
1896,D,2844.0,2026-01-02 07:35:00
1897,A,2845.5,2026-01-02 07:36:00
1898,B,2847.0,2026-01-02 07:37:00
1899,C,2848.5,2026-01-02 07:38:00
1900,D,2850.0,2026-01-02 07:39:00
1901,A,2851.5,2026-01-02 07:40:00
1902,B,2853.0,2026-01-02 07:41:00
1903,C,2854.5,2026-01-02 07:42:00
1904,D,2856.0,2026-01-02 07:43:00
1905,A,2857.5,2026-01-02 07:44:00
1906,B,2859.0,2026-01-02 07:45:00
1907,C,2860.5,2026-01-02 07:46:00
1908,D,2862.0,2026-01-02 07:47:00
1909,A,2863.5,2026-01-02 07:48:00
1910,B,2865.0,2026-01-02 07:49:00
1911,C,2866.5,2026-01-02 07:50:00
1912,D,2868.0,2026-01-02 07:51:00
1913,A,2869.5,2026-01-02 07:52:00
1914,B,2871.0,2026-01-02 07:53:00
1915,C,2872.5,2026-01-02 07:54:00
1916,D,2874.0,2026-01-02 07:55:00
1917,A,2875.5,2026-01-02 07:56:00
1918,B,2877.0,2026-01-02 07:57:00
1919,C,2878.5,2026-01-02 07:58:00
1920,D,2880.0,2026-01-02 07:59:00
1921,A,2881.5,2026-01-02 08:00:00
1922,B,2883.0,2026-01-02 08:01:00
1923,C,2884.5,2026-01-02 08:02:00
1924,D,2886.0,2026-01-02 08:03:00
1925,A,2887.5,2026-01-02 08:04:00
1926,B,2889.0,2026-01-02 08:05:00
1927,C,2890.5,2026-01-02 08:06:00
1928,D,2892.0,2026-01-02 08:07:00
1929,A,2893.5,2026-01-02 08:08:00
1930,B,2895.0,2026-01-02 08:09:00
1931,C,2896.5,2026-01-02 08:10:00
1932,D,2898.0,2026-01-02 08:11:00
1933,A,2899.5,2026-01-02 08:12:00
1934,B,2901.0,2026-01-02 08:13:00
1935,C,2902.5,2026-01-02 08:14:00
1936,D,2904.0,2026-01-02 08:15:00
1937,A,2905.5,2026-01-02 08:16:00
1938,B,2907.0,2026-01-02 08:17:00
1939,C,2908.5,2026-01-02 08:18:00
1940,D,2910.0,2026-01-02 08:19:00
1941,A,2911.5,2026-01-02 08:20:00
1942,B,2913.0,2026-01-02 08:21:00
1943,C,2914.5,2026-01-02 08:22:00
1944,D,2916.0,2026-01-02 08:23:00
1945,A,2917.5,2026-01-02 08:24:00
1946,B,2919.0,2026-01-02 08:25:00
1947,C,2920.5,2026-01-02 08:26:00
1948,D,2922.0,2026-01-02 08:27:00
1949,A,2923.5,2026-01-02 08:28:00
1950,B,2925.0,2026-01-02 08:29:00
1951,C,2926.5,2026-01-02 08:30:00
1952,D,2928.0,2026-01-02 08:31:00
1953,A,2929.5,2026-01-02 08:32:00
1954,B,2931.0,2026-01-02 08:33:00
1955,C,2932.5,2026-01-02 08:34:00
1956,D,2934.0,2026-01-02 08:35:00
1957,A,2935.5,2026-01-02 08:36:00
1958,B,2937.0,2026-01-02 08:37:00
1959,C,2938.5,2026-01-02 08:38:00
1960,D,2940.0,2026-01-02 08:39:00
1961,A,2941.5,2026-01-02 08:40:00
1962,B,2943.0,2026-01-02 08:41:00
1963,C,2944.5,2026-01-02 08:42:00
1964,D,2946.0,2026-01-02 08:43:00
1965,A,2947.5,2026-01-02 08:44:00
1966,B,2949.0,2026-01-02 08:45:00
1967,C,2950.5,2026-01-02 08:46:00
1968,D,2952.0,2026-01-02 08:47:00
1969,A,2953.5,2026-01-02 08:48:00
1970,B,2955.0,2026-01-02 08:49:00
1971,C,2956.5,2026-01-02 08:50:00
1972,D,2958.0,2026-01-02 08:51:00
1973,A,2959.5,2026-01-02 08:52:00
1974,B,2961.0,2026-01-02 08:53:00
1975,C,2962.5,2026-01-02 08:54:00
1976,D,2964.0,2026-01-02 08:55:00
1977,A,2965.5,2026-01-02 08:56:00
1978,B,2967.0,2026-01-02 08:57:00
1979,C,2968.5,2026-01-02 08:58:00
1980,D,2970.0,2026-01-02 08:59:00
1981,A,2971.5,2026-01-02 09:00:00
1982,B,2973.0,2026-01-02 09:01:00
1983,C,2974.5,2026-01-02 09:02:00
1984,D,2976.0,2026-01-02 09:03:00
1985,A,2977.5,2026-01-02 09:04:00
1986,B,2979.0,2026-01-02 09:05:00
1987,C,2980.5,2026-01-02 09:06:00
1988,D,2982.0,2026-01-02 09:07:00
1989,A,2983.5,2026-01-02 09:08:00
1990,B,2985.0,2026-01-02 09:09:00
1991,C,2986.5,2026-01-02 09:10:00
1992,D,2988.0,2026-01-02 09:11:00
1993,A,2989.5,2026-01-02 09:12:00
1994,B,2991.0,2026-01-02 09:13:00
1995,C,2992.5,2026-01-02 09:14:00
1996,D,2994.0,2026-01-02 09:15:00
1997,A,2995.5,2026-01-02 09:16:00
1998,B,2997.0,2026-01-02 09:17:00
1999,C,2998.5,2026-01-02 09:18:00
2000,D,3000.0,2026-01-02 09:19:00
2001,A,3001.5,2026-01-02 09:20:00
2002,B,3003.0,2026-01-02 09:21:00
2003,C,3004.5,2026-01-02 09:22:00
2004,D,3006.0,2026-01-02 09:23:00
2005,A,3007.5,2026-01-02 09:24:00
2006,B,3009.0,2026-01-02 09:25:00
2007,C,3010.5,2026-01-02 09:26:00
2008,D,3012.0,2026-01-02 09:27:00
2009,A,3013.5,2026-01-02 09:28:00
2010,B,3015.0,2026-01-02 09:29:00
2011,C,3016.5,2026-01-02 09:30:00
2012,D,3018.0,2026-01-02 09:31:00
2013,A,3019.5,2026-01-02 09:32:00
2014,B,3021.0,2026-01-02 09:33:00
2015,C,3022.5,2026-01-02 09:34:00
2016,D,3024.0,2026-01-02 09:35:00
2017,A,3025.5,2026-01-02 09:36:00
2018,B,3027.0,2026-01-02 09:37:00
2019,C,3028.5,2026-01-02 09:38:00
2020,D,3030.0,2026-01-02 09:39:00
2021,A,3031.5,2026-01-02 09:40:00
2022,B,3033.0,2026-01-02 09:41:00
2023,C,3034.5,2026-01-02 09:42:00
2024,D,3036.0,2026-01-02 09:43:00
2025,A,3037.5,2026-01-02 09:44:00
2026,B,3039.0,2026-01-02 09:45:00
2027,C,3040.5,2026-01-02 09:46:00
2028,D,3042.0,2026-01-02 09:47:00
2029,A,3043.5,2026-01-02 09:48:00
2030,B,3045.0,2026-01-02 09:49:00
2031,C,3046.5,2026-01-02 09:50:00
2032,D,3048.0,2026-01-02 09:51:00
2033,A,3049.5,2026-01-02 09:52:00
2034,B,3051.0,2026-01-02 09:53:00
2035,C,3052.5,2026-01-02 09:54:00
2036,D,3054.0,2026-01-02 09:55:00
2037,A,3055.5,2026-01-02 09:56:00
2038,B,3057.0,2026-01-02 09:57:00
2039,C,3058.5,2026-01-02 09:58:00
2040,D,3060.0,2026-01-02 09:59:00
2041,A,3061.5,2026-01-02 10:00:00
2042,B,3063.0,2026-01-02 10:01:00
2043,C,3064.5,2026-01-02 10:02:00
2044,D,3066.0,2026-01-02 10:03:00
2045,A,3067.5,2026-01-02 10:04:00
2046,B,3069.0,2026-01-02 10:05:00
2047,C,3070.5,2026-01-02 10:06:00
2048,D,3072.0,2026-01-02 10:07:00
2049,A,3073.5,2026-01-02 10:08:00
2050,B,3075.0,2026-01-02 10:09:00
2051,C,3076.5,2026-01-02 10:10:00
2052,D,3078.0,2026-01-02 10:11:00
2053,A,3079.5,2026-01-02 10:12:00
2054,B,3081.0,2026-01-02 10:13:00
2055,C,3082.5,2026-01-02 10:14:00
2056,D,3084.0,2026-01-02 10:15:00
2057,A,3085.5,2026-01-02 10:16:00
2058,B,3087.0,2026-01-02 10:17:00
2059,C,3088.5,2026-01-02 10:18:00
2060,D,3090.0,2026-01-02 10:19:00
2061,A,3091.5,2026-01-02 10:20:00
2062,B,3093.0,2026-01-02 10:21:00
2063,C,3094.5,2026-01-02 10:22:00
2064,D,3096.0,2026-01-02 10:23:00
2065,A,3097.5,2026-01-02 10:24:00
2066,B,3099.0,2026-01-02 10:25:00
2067,C,3100.5,2026-01-02 10:26:00
2068,D,3102.0,2026-01-02 10:27:00
2069,A,3103.5,2026-01-02 10:28:00
2070,B,3105.0,2026-01-02 10:29:00
2071,C,3106.5,2026-01-02 10:30:00
2072,D,3108.0,2026-01-02 10:31:00
2073,A,3109.5,2026-01-02 10:32:00
2074,B,3111.0,2026-01-02 10:33:00
2075,C,3112.5,2026-01-02 10:34:00
2076,D,3114.0,2026-01-02 10:35:00
2077,A,3115.5,2026-01-02 10:36:00
2078,B,3117.0,2026-01-02 10:37:00
2079,C,3118.5,2026-01-02 10:38:00
2080,D,3120.0,2026-01-02 10:39:00
2081,A,3121.5,2026-01-02 10:40:00
2082,B,3123.0,2026-01-02 10:41:00
2083,C,3124.5,2026-01-02 10:42:00
2084,D,3126.0,2026-01-02 10:43:00
2085,A,3127.5,2026-01-02 10:44:00
2086,B,3129.0,2026-01-02 10:45:00
2087,C,3130.5,2026-01-02 10:46:00
2088,D,3132.0,2026-01-02 10:47:00
2089,A,3133.5,2026-01-02 10:48:00
2090,B,3135.0,2026-01-02 10:49:00
2091,C,3136.5,2026-01-02 10:50:00
2092,D,3138.0,2026-01-02 10:51:00
2093,A,3139.5,2026-01-02 10:52:00
2094,B,3141.0,2026-01-02 10:53:00
2095,C,3142.5,2026-01-02 10:54:00
2096,D,3144.0,2026-01-02 10:55:00
2097,A,3145.5,2026-01-02 10:56:00
2098,B,3147.0,2026-01-02 10:57:00
2099,C,3148.5,2026-01-02 10:58:00
2100,D,3150.0,2026-01-02 10:59:00
2101,A,3151.5,2026-01-02 11:00:00
2102,B,3153.0,2026-01-02 11:01:00
2103,C,3154.5,2026-01-02 11:02:00
2104,D,3156.0,2026-01-02 11:03:00
2105,A,3157.5,2026-01-02 11:04:00
2106,B,3159.0,2026-01-02 11:05:00
2107,C,3160.5,2026-01-02 11:06:00
2108,D,3162.0,2026-01-02 11:07:00
2109,A,3163.5,2026-01-02 11:08:00
2110,B,3165.0,2026-01-02 11:09:00
2111,C,3166.5,2026-01-02 11:10:00
2112,D,3168.0,2026-01-02 11:11:00
2113,A,3169.5,2026-01-02 11:12:00
2114,B,3171.0,2026-01-02 11:13:00
2115,C,3172.5,2026-01-02 11:14:00
2116,D,3174.0,2026-01-02 11:15:00
2117,A,3175.5,2026-01-02 11:16:00
2118,B,3177.0,2026-01-02 11:17:00
2119,C,3178.5,2026-01-02 11:18:00
2120,D,3180.0,2026-01-02 11:19:00
2121,A,3181.5,2026-01-02 11:20:00
2122,B,3183.0,2026-01-02 11:21:00
2123,C,3184.5,2026-01-02 11:22:00
2124,D,3186.0,2026-01-02 11:23:00
2125,A,3187.5,2026-01-02 11:24:00
2126,B,3189.0,2026-01-02 11:25:00
2127,C,3190.5,2026-01-02 11:26:00
2128,D,3192.0,2026-01-02 11:27:00
2129,A,3193.5,2026-01-02 11:28:00
2130,B,3195.0,2026-01-02 11:29:00
2131,C,3196.5,2026-01-02 11:30:00
2132,D,3198.0,2026-01-02 11:31:00
2133,A,3199.5,2026-01-02 11:32:00
2134,B,3201.0,2026-01-02 11:33:00
2135,C,3202.5,2026-01-02 11:34:00
2136,D,3204.0,2026-01-02 11:35:00
2137,A,3205.5,2026-01-02 11:36:00
2138,B,3207.0,2026-01-02 11:37:00
2139,C,3208.5,2026-01-02 11:38:00
2140,D,3210.0,2026-01-02 11:39:00
2141,A,3211.5,2026-01-02 11:40:00
2142,B,3213.0,2026-01-02 11:41:00
2143,C,3214.5,2026-01-02 11:42:00
2144,D,3216.0,2026-01-02 11:43:00
2145,A,3217.5,2026-01-02 11:44:00
2146,B,3219.0,2026-01-02 11:45:00
2147,C,3220.5,2026-01-02 11:46:00
2148,D,3222.0,2026-01-02 11:47:00
2149,A,3223.5,2026-01-02 11:48:00
2150,B,3225.0,2026-01-02 11:49:00
2151,C,3226.5,2026-01-02 11:50:00
2152,D,3228.0,2026-01-02 11:51:00
2153,A,3229.5,2026-01-02 11:52:00
2154,B,3231.0,2026-01-02 11:53:00
2155,C,3232.5,2026-01-02 11:54:00
2156,D,3234.0,2026-01-02 11:55:00
2157,A,3235.5,2026-01-02 11:56:00
2158,B,3237.0,2026-01-02 11:57:00
2159,C,3238.5,2026-01-02 11:58:00
2160,D,3240.0,2026-01-02 11:59:00
2161,A,3241.5,2026-01-02 12:00:00
2162,B,3243.0,2026-01-02 12:01:00
2163,C,3244.5,2026-01-02 12:02:00
2164,D,3246.0,2026-01-02 12:03:00
2165,A,3247.5,2026-01-02 12:04:00
2166,B,3249.0,2026-01-02 12:05:00
2167,C,3250.5,2026-01-02 12:06:00
2168,D,3252.0,2026-01-02 12:07:00
2169,A,3253.5,2026-01-02 12:08:00
2170,B,3255.0,2026-01-02 12:09:00
2171,C,3256.5,2026-01-02 12:10:00
2172,D,3258.0,2026-01-02 12:11:00
2173,A,3259.5,2026-01-02 12:12:00
2174,B,3261.0,2026-01-02 12:13:00
2175,C,3262.5,2026-01-02 12:14:00
2176,D,3264.0,2026-01-02 12:15:00
2177,A,3265.5,2026-01-02 12:16:00
2178,B,3267.0,2026-01-02 12:17:00
2179,C,3268.5,2026-01-02 12:18:00
2180,D,3270.0,2026-01-02 12:19:00
2181,A,3271.5,2026-01-02 12:20:00
2182,B,3273.0,2026-01-02 12:21:00
2183,C,3274.5,2026-01-02 12:22:00
2184,D,3276.0,2026-01-02 12:23:00
2185,A,3277.5,2026-01-02 12:24:00
2186,B,3279.0,2026-01-02 12:25:00
2187,C,3280.5,2026-01-02 12:26:00
2188,D,3282.0,2026-01-02 12:27:00
2189,A,3283.5,2026-01-02 12:28:00
2190,B,3285.0,2026-01-02 12:29:00
2191,C,3286.5,2026-01-02 12:30:00
2192,D,3288.0,2026-01-02 12:31:00
2193,A,3289.5,2026-01-02 12:32:00
2194,B,3291.0,2026-01-02 12:33:00
2195,C,3292.5,2026-01-02 12:34:00
2196,D,3294.0,2026-01-02 12:35:00
2197,A,3295.5,2026-01-02 12:36:00
2198,B,3297.0,2026-01-02 12:37:00
2199,C,3298.5,2026-01-02 12:38:00
2200,D,3300.0,2026-01-02 12:39:00
2201,A,3301.5,2026-01-02 12:40:00
2202,B,3303.0,2026-01-02 12:41:00
2203,C,3304.5,2026-01-02 12:42:00
2204,D,3306.0,2026-01-02 12:43:00
2205,A,3307.5,2026-01-02 12:44:00
2206,B,3309.0,2026-01-02 12:45:00
2207,C,3310.5,2026-01-02 12:46:00
2208,D,3312.0,2026-01-02 12:47:00
2209,A,3313.5,2026-01-02 12:48:00
2210,B,3315.0,2026-01-02 12:49:00
2211,C,3316.5,2026-01-02 12:50:00
2212,D,3318.0,2026-01-02 12:51:00
2213,A,3319.5,2026-01-02 12:52:00
2214,B,3321.0,2026-01-02 12:53:00
2215,C,3322.5,2026-01-02 12:54:00
2216,D,3324.0,2026-01-02 12:55:00
2217,A,3325.5,2026-01-02 12:56:00
2218,B,3327.0,2026-01-02 12:57:00
2219,C,3328.5,2026-01-02 12:58:00
2220,D,3330.0,2026-01-02 12:59:00
2221,A,3331.5,2026-01-02 13:00:00
2222,B,3333.0,2026-01-02 13:01:00
2223,C,3334.5,2026-01-02 13:02:00
2224,D,3336.0,2026-01-02 13:03:00
2225,A,3337.5,2026-01-02 13:04:00
2226,B,3339.0,2026-01-02 13:05:00
2227,C,3340.5,2026-01-02 13:06:00
2228,D,3342.0,2026-01-02 13:07:00
2229,A,3343.5,2026-01-02 13:08:00
2230,B,3345.0,2026-01-02 13:09:00
2231,C,3346.5,2026-01-02 13:10:00
2232,D,3348.0,2026-01-02 13:11:00
2233,A,3349.5,2026-01-02 13:12:00
2234,B,3351.0,2026-01-02 13:13:00
2235,C,3352.5,2026-01-02 13:14:00
2236,D,3354.0,2026-01-02 13:15:00
2237,A,3355.5,2026-01-02 13:16:00
2238,B,3357.0,2026-01-02 13:17:00
2239,C,3358.5,2026-01-02 13:18:00
2240,D,3360.0,2026-01-02 13:19:00
2241,A,3361.5,2026-01-02 13:20:00
2242,B,3363.0,2026-01-02 13:21:00
2243,C,3364.5,2026-01-02 13:22:00
2244,D,3366.0,2026-01-02 13:23:00
2245,A,3367.5,2026-01-02 13:24:00
2246,B,3369.0,2026-01-02 13:25:00
2247,C,3370.5,2026-01-02 13:26:00
2248,D,3372.0,2026-01-02 13:27:00
2249,A,3373.5,2026-01-02 13:28:00
2250,B,3375.0,2026-01-02 13:29:00
2251,C,3376.5,2026-01-02 13:30:00
2252,D,3378.0,2026-01-02 13:31:00
2253,A,3379.5,2026-01-02 13:32:00
2254,B,3381.0,2026-01-02 13:33:00
2255,C,3382.5,2026-01-02 13:34:00
2256,D,3384.0,2026-01-02 13:35:00
2257,A,3385.5,2026-01-02 13:36:00
2258,B,3387.0,2026-01-02 13:37:00
2259,C,3388.5,2026-01-02 13:38:00
2260,D,3390.0,2026-01-02 13:39:00
2261,A,3391.5,2026-01-02 13:40:00
2262,B,3393.0,2026-01-02 13:41:00
2263,C,3394.5,2026-01-02 13:42:00
2264,D,3396.0,2026-01-02 13:43:00
2265,A,3397.5,2026-01-02 13:44:00
2266,B,3399.0,2026-01-02 13:45:00
2267,C,3400.5,2026-01-02 13:46:00
2268,D,3402.0,2026-01-02 13:47:00
2269,A,3403.5,2026-01-02 13:48:00
2270,B,3405.0,2026-01-02 13:49:00
2271,C,3406.5,2026-01-02 13:50:00
2272,D,3408.0,2026-01-02 13:51:00
2273,A,3409.5,2026-01-02 13:52:00
2274,B,3411.0,2026-01-02 13:53:00
2275,C,3412.5,2026-01-02 13:54:00
2276,D,3414.0,2026-01-02 13:55:00
2277,A,3415.5,2026-01-02 13:56:00
2278,B,3417.0,2026-01-02 13:57:00
2279,C,3418.5,2026-01-02 13:58:00
2280,D,3420.0,2026-01-02 13:59:00
2281,A,3421.5,2026-01-02 14:00:00
2282,B,3423.0,2026-01-02 14:01:00
2283,C,3424.5,2026-01-02 14:02:00
2284,D,3426.0,2026-01-02 14:03:00
2285,A,3427.5,2026-01-02 14:04:00
2286,B,3429.0,2026-01-02 14:05:00
2287,C,3430.5,2026-01-02 14:06:00
2288,D,3432.0,2026-01-02 14:07:00
2289,A,3433.5,2026-01-02 14:08:00
2290,B,3435.0,2026-01-02 14:09:00
2291,C,3436.5,2026-01-02 14:10:00
2292,D,3438.0,2026-01-02 14:11:00
2293,A,3439.5,2026-01-02 14:12:00
2294,B,3441.0,2026-01-02 14:13:00
2295,C,3442.5,2026-01-02 14:14:00
2296,D,3444.0,2026-01-02 14:15:00
2297,A,3445.5,2026-01-02 14:16:00
2298,B,3447.0,2026-01-02 14:17:00
2299,C,3448.5,2026-01-02 14:18:00
2300,D,3450.0,2026-01-02 14:19:00
2301,A,3451.5,2026-01-02 14:20:00
2302,B,3453.0,2026-01-02 14:21:00
2303,C,3454.5,2026-01-02 14:22:00
2304,D,3456.0,2026-01-02 14:23:00
2305,A,3457.5,2026-01-02 14:24:00
2306,B,3459.0,2026-01-02 14:25:00
2307,C,3460.5,2026-01-02 14:26:00
2308,D,3462.0,2026-01-02 14:27:00
2309,A,3463.5,2026-01-02 14:28:00
2310,B,3465.0,2026-01-02 14:29:00
2311,C,3466.5,2026-01-02 14:30:00
2312,D,3468.0,2026-01-02 14:31:00
2313,A,3469.5,2026-01-02 14:32:00
2314,B,3471.0,2026-01-02 14:33:00
2315,C,3472.5,2026-01-02 14:34:00
2316,D,3474.0,2026-01-02 14:35:00
2317,A,3475.5,2026-01-02 14:36:00
2318,B,3477.0,2026-01-02 14:37:00
2319,C,3478.5,2026-01-02 14:38:00
2320,D,3480.0,2026-01-02 14:39:00
2321,A,3481.5,2026-01-02 14:40:00
2322,B,3483.0,2026-01-02 14:41:00
2323,C,3484.5,2026-01-02 14:42:00
2324,D,3486.0,2026-01-02 14:43:00
2325,A,3487.5,2026-01-02 14:44:00
2326,B,3489.0,2026-01-02 14:45:00
2327,C,3490.5,2026-01-02 14:46:00
2328,D,3492.0,2026-01-02 14:47:00
2329,A,3493.5,2026-01-02 14:48:00
2330,B,3495.0,2026-01-02 14:49:00
2331,C,3496.5,2026-01-02 14:50:00
2332,D,3498.0,2026-01-02 14:51:00
2333,A,3499.5,2026-01-02 14:52:00
2334,B,3501.0,2026-01-02 14:53:00
2335,C,3502.5,2026-01-02 14:54:00
2336,D,3504.0,2026-01-02 14:55:00
2337,A,3505.5,2026-01-02 14:56:00
2338,B,3507.0,2026-01-02 14:57:00
2339,C,3508.5,2026-01-02 14:58:00
2340,D,3510.0,2026-01-02 14:59:00
2341,A,3511.5,2026-01-02 15:00:00
2342,B,3513.0,2026-01-02 15:01:00
2343,C,3514.5,2026-01-02 15:02:00
2344,D,3516.0,2026-01-02 15:03:00
2345,A,3517.5,2026-01-02 15:04:00
2346,B,3519.0,2026-01-02 15:05:00
2347,C,3520.5,2026-01-02 15:06:00
2348,D,3522.0,2026-01-02 15:07:00
2349,A,3523.5,2026-01-02 15:08:00
2350,B,3525.0,2026-01-02 15:09:00
2351,C,3526.5,2026-01-02 15:10:00
2352,D,3528.0,2026-01-02 15:11:00
2353,A,3529.5,2026-01-02 15:12:00
2354,B,3531.0,2026-01-02 15:13:00
2355,C,3532.5,2026-01-02 15:14:00
2356,D,3534.0,2026-01-02 15:15:00
2357,A,3535.5,2026-01-02 15:16:00
2358,B,3537.0,2026-01-02 15:17:00
2359,C,3538.5,2026-01-02 15:18:00
2360,D,3540.0,2026-01-02 15:19:00
2361,A,3541.5,2026-01-02 15:20:00
2362,B,3543.0,2026-01-02 15:21:00
2363,C,3544.5,2026-01-02 15:22:00
2364,D,3546.0,2026-01-02 15:23:00
2365,A,3547.5,2026-01-02 15:24:00
2366,B,3549.0,2026-01-02 15:25:00
2367,C,3550.5,2026-01-02 15:26:00
2368,D,3552.0,2026-01-02 15:27:00
2369,A,3553.5,2026-01-02 15:28:00
2370,B,3555.0,2026-01-02 15:29:00
2371,C,3556.5,2026-01-02 15:30:00
2372,D,3558.0,2026-01-02 15:31:00
2373,A,3559.5,2026-01-02 15:32:00
2374,B,3561.0,2026-01-02 15:33:00
2375,C,3562.5,2026-01-02 15:34:00
2376,D,3564.0,2026-01-02 15:35:00
2377,A,3565.5,2026-01-02 15:36:00
2378,B,3567.0,2026-01-02 15:37:00
2379,C,3568.5,2026-01-02 15:38:00
2380,D,3570.0,2026-01-02 15:39:00
2381,A,3571.5,2026-01-02 15:40:00
2382,B,3573.0,2026-01-02 15:41:00
2383,C,3574.5,2026-01-02 15:42:00
2384,D,3576.0,2026-01-02 15:43:00
2385,A,3577.5,2026-01-02 15:44:00
2386,B,3579.0,2026-01-02 15:45:00
2387,C,3580.5,2026-01-02 15:46:00
2388,D,3582.0,2026-01-02 15:47:00
2389,A,3583.5,2026-01-02 15:48:00
2390,B,3585.0,2026-01-02 15:49:00
2391,C,3586.5,2026-01-02 15:50:00
2392,D,3588.0,2026-01-02 15:51:00
2393,A,3589.5,2026-01-02 15:52:00
2394,B,3591.0,2026-01-02 15:53:00
2395,C,3592.5,2026-01-02 15:54:00
2396,D,3594.0,2026-01-02 15:55:00
2397,A,3595.5,2026-01-02 15:56:00
2398,B,3597.0,2026-01-02 15:57:00
2399,C,3598.5,2026-01-02 15:58:00
2400,D,3600.0,2026-01-02 15:59:00
2401,A,3601.5,2026-01-02 16:00:00
2402,B,3603.0,2026-01-02 16:01:00
2403,C,3604.5,2026-01-02 16:02:00
2404,D,3606.0,2026-01-02 16:03:00
2405,A,3607.5,2026-01-02 16:04:00
2406,B,3609.0,2026-01-02 16:05:00
2407,C,3610.5,2026-01-02 16:06:00
2408,D,3612.0,2026-01-02 16:07:00
2409,A,3613.5,2026-01-02 16:08:00
2410,B,3615.0,2026-01-02 16:09:00
2411,C,3616.5,2026-01-02 16:10:00
2412,D,3618.0,2026-01-02 16:11:00
2413,A,3619.5,2026-01-02 16:12:00
2414,B,3621.0,2026-01-02 16:13:00
2415,C,3622.5,2026-01-02 16:14:00
2416,D,3624.0,2026-01-02 16:15:00
2417,A,3625.5,2026-01-02 16:16:00
2418,B,3627.0,2026-01-02 16:17:00
2419,C,3628.5,2026-01-02 16:18:00
2420,D,3630.0,2026-01-02 16:19:00
2421,A,3631.5,2026-01-02 16:20:00
2422,B,3633.0,2026-01-02 16:21:00
2423,C,3634.5,2026-01-02 16:22:00
2424,D,3636.0,2026-01-02 16:23:00
2425,A,3637.5,2026-01-02 16:24:00
2426,B,3639.0,2026-01-02 16:25:00
2427,C,3640.5,2026-01-02 16:26:00
2428,D,3642.0,2026-01-02 16:27:00
2429,A,3643.5,2026-01-02 16:28:00
2430,B,3645.0,2026-01-02 16:29:00
2431,C,3646.5,2026-01-02 16:30:00
2432,D,3648.0,2026-01-02 16:31:00
2433,A,3649.5,2026-01-02 16:32:00
2434,B,3651.0,2026-01-02 16:33:00
2435,C,3652.5,2026-01-02 16:34:00
2436,D,3654.0,2026-01-02 16:35:00
2437,A,3655.5,2026-01-02 16:36:00
2438,B,3657.0,2026-01-02 16:37:00
2439,C,3658.5,2026-01-02 16:38:00
2440,D,3660.0,2026-01-02 16:39:00
2441,A,3661.5,2026-01-02 16:40:00
2442,B,3663.0,2026-01-02 16:41:00
2443,C,3664.5,2026-01-02 16:42:00
2444,D,3666.0,2026-01-02 16:43:00
2445,A,3667.5,2026-01-02 16:44:00
2446,B,3669.0,2026-01-02 16:45:00
2447,C,3670.5,2026-01-02 16:46:00
2448,D,3672.0,2026-01-02 16:47:00
2449,A,3673.5,2026-01-02 16:48:00
2450,B,3675.0,2026-01-02 16:49:00
2451,C,3676.5,2026-01-02 16:50:00
2452,D,3678.0,2026-01-02 16:51:00
2453,A,3679.5,2026-01-02 16:52:00
2454,B,3681.0,2026-01-02 16:53:00
2455,C,3682.5,2026-01-02 16:54:00
2456,D,3684.0,2026-01-02 16:55:00
2457,A,3685.5,2026-01-02 16:56:00
2458,B,3687.0,2026-01-02 16:57:00
2459,C,3688.5,2026-01-02 16:58:00
2460,D,3690.0,2026-01-02 16:59:00
2461,A,3691.5,2026-01-02 17:00:00
2462,B,3693.0,2026-01-02 17:01:00
2463,C,3694.5,2026-01-02 17:02:00
2464,D,3696.0,2026-01-02 17:03:00
2465,A,3697.5,2026-01-02 17:04:00
2466,B,3699.0,2026-01-02 17:05:00
2467,C,3700.5,2026-01-02 17:06:00
2468,D,3702.0,2026-01-02 17:07:00
2469,A,3703.5,2026-01-02 17:08:00
2470,B,3705.0,2026-01-02 17:09:00
2471,C,3706.5,2026-01-02 17:10:00
2472,D,3708.0,2026-01-02 17:11:00
2473,A,3709.5,2026-01-02 17:12:00
2474,B,3711.0,2026-01-02 17:13:00
2475,C,3712.5,2026-01-02 17:14:00
2476,D,3714.0,2026-01-02 17:15:00
2477,A,3715.5,2026-01-02 17:16:00
2478,B,3717.0,2026-01-02 17:17:00
2479,C,3718.5,2026-01-02 17:18:00
2480,D,3720.0,2026-01-02 17:19:00
2481,A,3721.5,2026-01-02 17:20:00
2482,B,3723.0,2026-01-02 17:21:00
2483,C,3724.5,2026-01-02 17:22:00
2484,D,3726.0,2026-01-02 17:23:00
2485,A,3727.5,2026-01-02 17:24:00
2486,B,3729.0,2026-01-02 17:25:00
2487,C,3730.5,2026-01-02 17:26:00
2488,D,3732.0,2026-01-02 17:27:00
2489,A,3733.5,2026-01-02 17:28:00
2490,B,3735.0,2026-01-02 17:29:00
2491,C,3736.5,2026-01-02 17:30:00
2492,D,3738.0,2026-01-02 17:31:00
2493,A,3739.5,2026-01-02 17:32:00
2494,B,3741.0,2026-01-02 17:33:00
2495,C,3742.5,2026-01-02 17:34:00
2496,D,3744.0,2026-01-02 17:35:00
2497,A,3745.5,2026-01-02 17:36:00
2498,B,3747.0,2026-01-02 17:37:00
2499,C,3748.5,2026-01-02 17:38:00
2500,D,3750.0,2026-01-02 17:39:00
2501,A,3751.5,2026-01-02 17:40:00
2502,B,3753.0,2026-01-02 17:41:00
2503,C,3754.5,2026-01-02 17:42:00
2504,D,3756.0,2026-01-02 17:43:00
2505,A,3757.5,2026-01-02 17:44:00
2506,B,3759.0,2026-01-02 17:45:00
2507,C,3760.5,2026-01-02 17:46:00
2508,D,3762.0,2026-01-02 17:47:00
2509,A,3763.5,2026-01-02 17:48:00
2510,B,3765.0,2026-01-02 17:49:00
2511,C,3766.5,2026-01-02 17:50:00
2512,D,3768.0,2026-01-02 17:51:00
2513,A,3769.5,2026-01-02 17:52:00
2514,B,3771.0,2026-01-02 17:53:00
2515,C,3772.5,2026-01-02 17:54:00
2516,D,3774.0,2026-01-02 17:55:00
2517,A,3775.5,2026-01-02 17:56:00
2518,B,3777.0,2026-01-02 17:57:00
2519,C,3778.5,2026-01-02 17:58:00
2520,D,3780.0,2026-01-02 17:59:00
2521,A,3781.5,2026-01-02 18:00:00
2522,B,3783.0,2026-01-02 18:01:00
2523,C,3784.5,2026-01-02 18:02:00
2524,D,3786.0,2026-01-02 18:03:00
2525,A,3787.5,2026-01-02 18:04:00
2526,B,3789.0,2026-01-02 18:05:00
2527,C,3790.5,2026-01-02 18:06:00
2528,D,3792.0,2026-01-02 18:07:00
2529,A,3793.5,2026-01-02 18:08:00
2530,B,3795.0,2026-01-02 18:09:00
2531,C,3796.5,2026-01-02 18:10:00
2532,D,3798.0,2026-01-02 18:11:00
2533,A,3799.5,2026-01-02 18:12:00
2534,B,3801.0,2026-01-02 18:13:00
2535,C,3802.5,2026-01-02 18:14:00
2536,D,3804.0,2026-01-02 18:15:00
2537,A,3805.5,2026-01-02 18:16:00
2538,B,3807.0,2026-01-02 18:17:00
2539,C,3808.5,2026-01-02 18:18:00
2540,D,3810.0,2026-01-02 18:19:00
2541,A,3811.5,2026-01-02 18:20:00
2542,B,3813.0,2026-01-02 18:21:00
2543,C,3814.5,2026-01-02 18:22:00
2544,D,3816.0,2026-01-02 18:23:00
2545,A,3817.5,2026-01-02 18:24:00
2546,B,3819.0,2026-01-02 18:25:00
2547,C,3820.5,2026-01-02 18:26:00
2548,D,3822.0,2026-01-02 18:27:00
2549,A,3823.5,2026-01-02 18:28:00
2550,B,3825.0,2026-01-02 18:29:00
2551,C,3826.5,2026-01-02 18:30:00
2552,D,3828.0,2026-01-02 18:31:00
2553,A,3829.5,2026-01-02 18:32:00
2554,B,3831.0,2026-01-02 18:33:00
2555,C,3832.5,2026-01-02 18:34:00
2556,D,3834.0,2026-01-02 18:35:00
2557,A,3835.5,2026-01-02 18:36:00
2558,B,3837.0,2026-01-02 18:37:00
2559,C,3838.5,2026-01-02 18:38:00
2560,D,3840.0,2026-01-02 18:39:00
2561,A,3841.5,2026-01-02 18:40:00
2562,B,3843.0,2026-01-02 18:41:00
2563,C,3844.5,2026-01-02 18:42:00
2564,D,3846.0,2026-01-02 18:43:00
2565,A,3847.5,2026-01-02 18:44:00
2566,B,3849.0,2026-01-02 18:45:00
2567,C,3850.5,2026-01-02 18:46:00
2568,D,3852.0,2026-01-02 18:47:00
2569,A,3853.5,2026-01-02 18:48:00
2570,B,3855.0,2026-01-02 18:49:00
2571,C,3856.5,2026-01-02 18:50:00
2572,D,3858.0,2026-01-02 18:51:00
2573,A,3859.5,2026-01-02 18:52:00
2574,B,3861.0,2026-01-02 18:53:00
2575,C,3862.5,2026-01-02 18:54:00
2576,D,3864.0,2026-01-02 18:55:00
2577,A,3865.5,2026-01-02 18:56:00
2578,B,3867.0,2026-01-02 18:57:00
2579,C,3868.5,2026-01-02 18:58:00
2580,D,3870.0,2026-01-02 18:59:00
2581,A,3871.5,2026-01-02 19:00:00
2582,B,3873.0,2026-01-02 19:01:00
2583,C,3874.5,2026-01-02 19:02:00
2584,D,3876.0,2026-01-02 19:03:00
2585,A,3877.5,2026-01-02 19:04:00
2586,B,3879.0,2026-01-02 19:05:00
2587,C,3880.5,2026-01-02 19:06:00
2588,D,3882.0,2026-01-02 19:07:00
2589,A,3883.5,2026-01-02 19:08:00
2590,B,3885.0,2026-01-02 19:09:00
2591,C,3886.5,2026-01-02 19:10:00
2592,D,3888.0,2026-01-02 19:11:00
2593,A,3889.5,2026-01-02 19:12:00
2594,B,3891.0,2026-01-02 19:13:00
2595,C,3892.5,2026-01-02 19:14:00
2596,D,3894.0,2026-01-02 19:15:00
2597,A,3895.5,2026-01-02 19:16:00
2598,B,3897.0,2026-01-02 19:17:00
2599,C,3898.5,2026-01-02 19:18:00
2600,D,3900.0,2026-01-02 19:19:00
2601,A,3901.5,2026-01-02 19:20:00
2602,B,3903.0,2026-01-02 19:21:00
2603,C,3904.5,2026-01-02 19:22:00
2604,D,3906.0,2026-01-02 19:23:00
2605,A,3907.5,2026-01-02 19:24:00
2606,B,3909.0,2026-01-02 19:25:00
2607,C,3910.5,2026-01-02 19:26:00
2608,D,3912.0,2026-01-02 19:27:00
2609,A,3913.5,2026-01-02 19:28:00
2610,B,3915.0,2026-01-02 19:29:00
2611,C,3916.5,2026-01-02 19:30:00
2612,D,3918.0,2026-01-02 19:31:00
2613,A,3919.5,2026-01-02 19:32:00
2614,B,3921.0,2026-01-02 19:33:00
2615,C,3922.5,2026-01-02 19:34:00
2616,D,3924.0,2026-01-02 19:35:00
2617,A,3925.5,2026-01-02 19:36:00
2618,B,3927.0,2026-01-02 19:37:00
2619,C,3928.5,2026-01-02 19:38:00
2620,D,3930.0,2026-01-02 19:39:00
2621,A,3931.5,2026-01-02 19:40:00
2622,B,3933.0,2026-01-02 19:41:00
2623,C,3934.5,2026-01-02 19:42:00
2624,D,3936.0,2026-01-02 19:43:00
2625,A,3937.5,2026-01-02 19:44:00
2626,B,3939.0,2026-01-02 19:45:00
2627,C,3940.5,2026-01-02 19:46:00
2628,D,3942.0,2026-01-02 19:47:00
2629,A,3943.5,2026-01-02 19:48:00
2630,B,3945.0,2026-01-02 19:49:00
2631,C,3946.5,2026-01-02 19:50:00
2632,D,3948.0,2026-01-02 19:51:00
2633,A,3949.5,2026-01-02 19:52:00
2634,B,3951.0,2026-01-02 19:53:00
2635,C,3952.5,2026-01-02 19:54:00
2636,D,3954.0,2026-01-02 19:55:00
2637,A,3955.5,2026-01-02 19:56:00
2638,B,3957.0,2026-01-02 19:57:00
2639,C,3958.5,2026-01-02 19:58:00
2640,D,3960.0,2026-01-02 19:59:00
2641,A,3961.5,2026-01-02 20:00:00
2642,B,3963.0,2026-01-02 20:01:00
2643,C,3964.5,2026-01-02 20:02:00
2644,D,3966.0,2026-01-02 20:03:00
2645,A,3967.5,2026-01-02 20:04:00
2646,B,3969.0,2026-01-02 20:05:00
2647,C,3970.5,2026-01-02 20:06:00
2648,D,3972.0,2026-01-02 20:07:00
2649,A,3973.5,2026-01-02 20:08:00
2650,B,3975.0,2026-01-02 20:09:00
2651,C,3976.5,2026-01-02 20:10:00
2652,D,3978.0,2026-01-02 20:11:00
2653,A,3979.5,2026-01-02 20:12:00
2654,B,3981.0,2026-01-02 20:13:00
2655,C,3982.5,2026-01-02 20:14:00
2656,D,3984.0,2026-01-02 20:15:00
2657,A,3985.5,2026-01-02 20:16:00
2658,B,3987.0,2026-01-02 20:17:00
2659,C,3988.5,2026-01-02 20:18:00
2660,D,3990.0,2026-01-02 20:19:00
2661,A,3991.5,2026-01-02 20:20:00
2662,B,3993.0,2026-01-02 20:21:00
2663,C,3994.5,2026-01-02 20:22:00
2664,D,3996.0,2026-01-02 20:23:00
2665,A,3997.5,2026-01-02 20:24:00
2666,B,3999.0,2026-01-02 20:25:00
2667,C,4000.5,2026-01-02 20:26:00
2668,D,4002.0,2026-01-02 20:27:00
2669,A,4003.5,2026-01-02 20:28:00
2670,B,4005.0,2026-01-02 20:29:00
2671,C,4006.5,2026-01-02 20:30:00
2672,D,4008.0,2026-01-02 20:31:00
2673,A,4009.5,2026-01-02 20:32:00
2674,B,4011.0,2026-01-02 20:33:00
2675,C,4012.5,2026-01-02 20:34:00
2676,D,4014.0,2026-01-02 20:35:00
2677,A,4015.5,2026-01-02 20:36:00
2678,B,4017.0,2026-01-02 20:37:00
2679,C,4018.5,2026-01-02 20:38:00
2680,D,4020.0,2026-01-02 20:39:00
2681,A,4021.5,2026-01-02 20:40:00
2682,B,4023.0,2026-01-02 20:41:00
2683,C,4024.5,2026-01-02 20:42:00
2684,D,4026.0,2026-01-02 20:43:00
2685,A,4027.5,2026-01-02 20:44:00
2686,B,4029.0,2026-01-02 20:45:00
2687,C,4030.5,2026-01-02 20:46:00
2688,D,4032.0,2026-01-02 20:47:00
2689,A,4033.5,2026-01-02 20:48:00
2690,B,4035.0,2026-01-02 20:49:00
2691,C,4036.5,2026-01-02 20:50:00
2692,D,4038.0,2026-01-02 20:51:00
2693,A,4039.5,2026-01-02 20:52:00
2694,B,4041.0,2026-01-02 20:53:00
2695,C,4042.5,2026-01-02 20:54:00
2696,D,4044.0,2026-01-02 20:55:00
2697,A,4045.5,2026-01-02 20:56:00
2698,B,4047.0,2026-01-02 20:57:00
2699,C,4048.5,2026-01-02 20:58:00
2700,D,4050.0,2026-01-02 20:59:00
2701,A,4051.5,2026-01-02 21:00:00
2702,B,4053.0,2026-01-02 21:01:00
2703,C,4054.5,2026-01-02 21:02:00
2704,D,4056.0,2026-01-02 21:03:00
2705,A,4057.5,2026-01-02 21:04:00
2706,B,4059.0,2026-01-02 21:05:00
2707,C,4060.5,2026-01-02 21:06:00
2708,D,4062.0,2026-01-02 21:07:00
2709,A,4063.5,2026-01-02 21:08:00
2710,B,4065.0,2026-01-02 21:09:00
2711,C,4066.5,2026-01-02 21:10:00
2712,D,4068.0,2026-01-02 21:11:00
2713,A,4069.5,2026-01-02 21:12:00
2714,B,4071.0,2026-01-02 21:13:00
2715,C,4072.5,2026-01-02 21:14:00
2716,D,4074.0,2026-01-02 21:15:00
2717,A,4075.5,2026-01-02 21:16:00
2718,B,4077.0,2026-01-02 21:17:00
2719,C,4078.5,2026-01-02 21:18:00
2720,D,4080.0,2026-01-02 21:19:00
2721,A,4081.5,2026-01-02 21:20:00
2722,B,4083.0,2026-01-02 21:21:00
2723,C,4084.5,2026-01-02 21:22:00
2724,D,4086.0,2026-01-02 21:23:00
2725,A,4087.5,2026-01-02 21:24:00
2726,B,4089.0,2026-01-02 21:25:00
2727,C,4090.5,2026-01-02 21:26:00
2728,D,4092.0,2026-01-02 21:27:00
2729,A,4093.5,2026-01-02 21:28:00
2730,B,4095.0,2026-01-02 21:29:00
2731,C,4096.5,2026-01-02 21:30:00
2732,D,4098.0,2026-01-02 21:31:00
2733,A,4099.5,2026-01-02 21:32:00
2734,B,4101.0,2026-01-02 21:33:00
2735,C,4102.5,2026-01-02 21:34:00
2736,D,4104.0,2026-01-02 21:35:00
2737,A,4105.5,2026-01-02 21:36:00
2738,B,4107.0,2026-01-02 21:37:00
2739,C,4108.5,2026-01-02 21:38:00
2740,D,4110.0,2026-01-02 21:39:00
2741,A,4111.5,2026-01-02 21:40:00
2742,B,4113.0,2026-01-02 21:41:00
2743,C,4114.5,2026-01-02 21:42:00
2744,D,4116.0,2026-01-02 21:43:00
2745,A,4117.5,2026-01-02 21:44:00
2746,B,4119.0,2026-01-02 21:45:00
2747,C,4120.5,2026-01-02 21:46:00
2748,D,4122.0,2026-01-02 21:47:00
2749,A,4123.5,2026-01-02 21:48:00
2750,B,4125.0,2026-01-02 21:49:00
2751,C,4126.5,2026-01-02 21:50:00
2752,D,4128.0,2026-01-02 21:51:00
2753,A,4129.5,2026-01-02 21:52:00
2754,B,4131.0,2026-01-02 21:53:00
2755,C,4132.5,2026-01-02 21:54:00
2756,D,4134.0,2026-01-02 21:55:00
2757,A,4135.5,2026-01-02 21:56:00
2758,B,4137.0,2026-01-02 21:57:00
2759,C,4138.5,2026-01-02 21:58:00
2760,D,4140.0,2026-01-02 21:59:00
2761,A,4141.5,2026-01-02 22:00:00
2762,B,4143.0,2026-01-02 22:01:00
2763,C,4144.5,2026-01-02 22:02:00
2764,D,4146.0,2026-01-02 22:03:00
2765,A,4147.5,2026-01-02 22:04:00
2766,B,4149.0,2026-01-02 22:05:00
2767,C,4150.5,2026-01-02 22:06:00
2768,D,4152.0,2026-01-02 22:07:00
2769,A,4153.5,2026-01-02 22:08:00
2770,B,4155.0,2026-01-02 22:09:00
2771,C,4156.5,2026-01-02 22:10:00
2772,D,4158.0,2026-01-02 22:11:00
2773,A,4159.5,2026-01-02 22:12:00
2774,B,4161.0,2026-01-02 22:13:00
2775,C,4162.5,2026-01-02 22:14:00
2776,D,4164.0,2026-01-02 22:15:00
2777,A,4165.5,2026-01-02 22:16:00
2778,B,4167.0,2026-01-02 22:17:00
2779,C,4168.5,2026-01-02 22:18:00
2780,D,4170.0,2026-01-02 22:19:00
2781,A,4171.5,2026-01-02 22:20:00
2782,B,4173.0,2026-01-02 22:21:00
2783,C,4174.5,2026-01-02 22:22:00
2784,D,4176.0,2026-01-02 22:23:00
2785,A,4177.5,2026-01-02 22:24:00
2786,B,4179.0,2026-01-02 22:25:00
2787,C,4180.5,2026-01-02 22:26:00
2788,D,4182.0,2026-01-02 22:27:00
2789,A,4183.5,2026-01-02 22:28:00
2790,B,4185.0,2026-01-02 22:29:00
2791,C,4186.5,2026-01-02 22:30:00
2792,D,4188.0,2026-01-02 22:31:00
2793,A,4189.5,2026-01-02 22:32:00
2794,B,4191.0,2026-01-02 22:33:00
2795,C,4192.5,2026-01-02 22:34:00
2796,D,4194.0,2026-01-02 22:35:00
2797,A,4195.5,2026-01-02 22:36:00
2798,B,4197.0,2026-01-02 22:37:00
2799,C,4198.5,2026-01-02 22:38:00
2800,D,4200.0,2026-01-02 22:39:00
2801,A,4201.5,2026-01-02 22:40:00
2802,B,4203.0,2026-01-02 22:41:00
2803,C,4204.5,2026-01-02 22:42:00
2804,D,4206.0,2026-01-02 22:43:00
2805,A,4207.5,2026-01-02 22:44:00
2806,B,4209.0,2026-01-02 22:45:00
2807,C,4210.5,2026-01-02 22:46:00
2808,D,4212.0,2026-01-02 22:47:00
2809,A,4213.5,2026-01-02 22:48:00
2810,B,4215.0,2026-01-02 22:49:00
2811,C,4216.5,2026-01-02 22:50:00
2812,D,4218.0,2026-01-02 22:51:00
2813,A,4219.5,2026-01-02 22:52:00
2814,B,4221.0,2026-01-02 22:53:00
2815,C,4222.5,2026-01-02 22:54:00
2816,D,4224.0,2026-01-02 22:55:00
2817,A,4225.5,2026-01-02 22:56:00
2818,B,4227.0,2026-01-02 22:57:00
2819,C,4228.5,2026-01-02 22:58:00
2820,D,4230.0,2026-01-02 22:59:00
2821,A,4231.5,2026-01-02 23:00:00
2822,B,4233.0,2026-01-02 23:01:00
2823,C,4234.5,2026-01-02 23:02:00
2824,D,4236.0,2026-01-02 23:03:00
2825,A,4237.5,2026-01-02 23:04:00
2826,B,4239.0,2026-01-02 23:05:00
2827,C,4240.5,2026-01-02 23:06:00
2828,D,4242.0,2026-01-02 23:07:00
2829,A,4243.5,2026-01-02 23:08:00
2830,B,4245.0,2026-01-02 23:09:00
2831,C,4246.5,2026-01-02 23:10:00
2832,D,4248.0,2026-01-02 23:11:00
2833,A,4249.5,2026-01-02 23:12:00
2834,B,4251.0,2026-01-02 23:13:00
2835,C,4252.5,2026-01-02 23:14:00
2836,D,4254.0,2026-01-02 23:15:00
2837,A,4255.5,2026-01-02 23:16:00
2838,B,4257.0,2026-01-02 23:17:00
2839,C,4258.5,2026-01-02 23:18:00
2840,D,4260.0,2026-01-02 23:19:00
2841,A,4261.5,2026-01-02 23:20:00
2842,B,4263.0,2026-01-02 23:21:00
2843,C,4264.5,2026-01-02 23:22:00
2844,D,4266.0,2026-01-02 23:23:00
2845,A,4267.5,2026-01-02 23:24:00
2846,B,4269.0,2026-01-02 23:25:00
2847,C,4270.5,2026-01-02 23:26:00
2848,D,4272.0,2026-01-02 23:27:00
2849,A,4273.5,2026-01-02 23:28:00
2850,B,4275.0,2026-01-02 23:29:00
2851,C,4276.5,2026-01-02 23:30:00
2852,D,4278.0,2026-01-02 23:31:00
2853,A,4279.5,2026-01-02 23:32:00
2854,B,4281.0,2026-01-02 23:33:00
2855,C,4282.5,2026-01-02 23:34:00
2856,D,4284.0,2026-01-02 23:35:00
2857,A,4285.5,2026-01-02 23:36:00
2858,B,4287.0,2026-01-02 23:37:00
2859,C,4288.5,2026-01-02 23:38:00
2860,D,4290.0,2026-01-02 23:39:00
2861,A,4291.5,2026-01-02 23:40:00
2862,B,4293.0,2026-01-02 23:41:00
2863,C,4294.5,2026-01-02 23:42:00
2864,D,4296.0,2026-01-02 23:43:00
2865,A,4297.5,2026-01-02 23:44:00
2866,B,4299.0,2026-01-02 23:45:00
2867,C,4300.5,2026-01-02 23:46:00
2868,D,4302.0,2026-01-02 23:47:00
2869,A,4303.5,2026-01-02 23:48:00
2870,B,4305.0,2026-01-02 23:49:00
2871,C,4306.5,2026-01-02 23:50:00
2872,D,4308.0,2026-01-02 23:51:00
2873,A,4309.5,2026-01-02 23:52:00
2874,B,4311.0,2026-01-02 23:53:00
2875,C,4312.5,2026-01-02 23:54:00
2876,D,4314.0,2026-01-02 23:55:00
2877,A,4315.5,2026-01-02 23:56:00
2878,B,4317.0,2026-01-02 23:57:00
2879,C,4318.5,2026-01-02 23:58:00
2880,D,4320.0,2026-01-02 23:59:00
2881,A,4321.5,2026-01-03 00:00:00
2882,B,4323.0,2026-01-03 00:01:00
2883,C,4324.5,2026-01-03 00:02:00
2884,D,4326.0,2026-01-03 00:03:00
2885,A,4327.5,2026-01-03 00:04:00
2886,B,4329.0,2026-01-03 00:05:00
2887,C,4330.5,2026-01-03 00:06:00
2888,D,4332.0,2026-01-03 00:07:00
2889,A,4333.5,2026-01-03 00:08:00
2890,B,4335.0,2026-01-03 00:09:00
2891,C,4336.5,2026-01-03 00:10:00
2892,D,4338.0,2026-01-03 00:11:00
2893,A,4339.5,2026-01-03 00:12:00
2894,B,4341.0,2026-01-03 00:13:00
2895,C,4342.5,2026-01-03 00:14:00
2896,D,4344.0,2026-01-03 00:15:00
2897,A,4345.5,2026-01-03 00:16:00
2898,B,4347.0,2026-01-03 00:17:00
2899,C,4348.5,2026-01-03 00:18:00
2900,D,4350.0,2026-01-03 00:19:00
2901,A,4351.5,2026-01-03 00:20:00
2902,B,4353.0,2026-01-03 00:21:00
2903,C,4354.5,2026-01-03 00:22:00
2904,D,4356.0,2026-01-03 00:23:00
2905,A,4357.5,2026-01-03 00:24:00
2906,B,4359.0,2026-01-03 00:25:00
2907,C,4360.5,2026-01-03 00:26:00
2908,D,4362.0,2026-01-03 00:27:00
2909,A,4363.5,2026-01-03 00:28:00
2910,B,4365.0,2026-01-03 00:29:00
2911,C,4366.5,2026-01-03 00:30:00
2912,D,4368.0,2026-01-03 00:31:00
2913,A,4369.5,2026-01-03 00:32:00
2914,B,4371.0,2026-01-03 00:33:00
2915,C,4372.5,2026-01-03 00:34:00
2916,D,4374.0,2026-01-03 00:35:00
2917,A,4375.5,2026-01-03 00:36:00
2918,B,4377.0,2026-01-03 00:37:00
2919,C,4378.5,2026-01-03 00:38:00
2920,D,4380.0,2026-01-03 00:39:00
2921,A,4381.5,2026-01-03 00:40:00
2922,B,4383.0,2026-01-03 00:41:00
2923,C,4384.5,2026-01-03 00:42:00
2924,D,4386.0,2026-01-03 00:43:00
2925,A,4387.5,2026-01-03 00:44:00
2926,B,4389.0,2026-01-03 00:45:00
2927,C,4390.5,2026-01-03 00:46:00
2928,D,4392.0,2026-01-03 00:47:00
2929,A,4393.5,2026-01-03 00:48:00
2930,B,4395.0,2026-01-03 00:49:00
2931,C,4396.5,2026-01-03 00:50:00
2932,D,4398.0,2026-01-03 00:51:00
2933,A,4399.5,2026-01-03 00:52:00
2934,B,4401.0,2026-01-03 00:53:00
2935,C,4402.5,2026-01-03 00:54:00
2936,D,4404.0,2026-01-03 00:55:00
2937,A,4405.5,2026-01-03 00:56:00
2938,B,4407.0,2026-01-03 00:57:00
2939,C,4408.5,2026-01-03 00:58:00
2940,D,4410.0,2026-01-03 00:59:00
2941,A,4411.5,2026-01-03 01:00:00
2942,B,4413.0,2026-01-03 01:01:00
2943,C,4414.5,2026-01-03 01:02:00
2944,D,4416.0,2026-01-03 01:03:00
2945,A,4417.5,2026-01-03 01:04:00
2946,B,4419.0,2026-01-03 01:05:00
2947,C,4420.5,2026-01-03 01:06:00
2948,D,4422.0,2026-01-03 01:07:00
2949,A,4423.5,2026-01-03 01:08:00
2950,B,4425.0,2026-01-03 01:09:00
2951,C,4426.5,2026-01-03 01:10:00
2952,D,4428.0,2026-01-03 01:11:00
2953,A,4429.5,2026-01-03 01:12:00
2954,B,4431.0,2026-01-03 01:13:00
2955,C,4432.5,2026-01-03 01:14:00
2956,D,4434.0,2026-01-03 01:15:00
2957,A,4435.5,2026-01-03 01:16:00
2958,B,4437.0,2026-01-03 01:17:00
2959,C,4438.5,2026-01-03 01:18:00
2960,D,4440.0,2026-01-03 01:19:00
2961,A,4441.5,2026-01-03 01:20:00
2962,B,4443.0,2026-01-03 01:21:00
2963,C,4444.5,2026-01-03 01:22:00
2964,D,4446.0,2026-01-03 01:23:00
2965,A,4447.5,2026-01-03 01:24:00
2966,B,4449.0,2026-01-03 01:25:00
2967,C,4450.5,2026-01-03 01:26:00
2968,D,4452.0,2026-01-03 01:27:00
2969,A,4453.5,2026-01-03 01:28:00
2970,B,4455.0,2026-01-03 01:29:00
2971,C,4456.5,2026-01-03 01:30:00
2972,D,4458.0,2026-01-03 01:31:00
2973,A,4459.5,2026-01-03 01:32:00
2974,B,4461.0,2026-01-03 01:33:00
2975,C,4462.5,2026-01-03 01:34:00
2976,D,4464.0,2026-01-03 01:35:00
2977,A,4465.5,2026-01-03 01:36:00
2978,B,4467.0,2026-01-03 01:37:00
2979,C,4468.5,2026-01-03 01:38:00
2980,D,4470.0,2026-01-03 01:39:00
2981,A,4471.5,2026-01-03 01:40:00
2982,B,4473.0,2026-01-03 01:41:00
2983,C,4474.5,2026-01-03 01:42:00
2984,D,4476.0,2026-01-03 01:43:00
2985,A,4477.5,2026-01-03 01:44:00
2986,B,4479.0,2026-01-03 01:45:00
2987,C,4480.5,2026-01-03 01:46:00
2988,D,4482.0,2026-01-03 01:47:00
2989,A,4483.5,2026-01-03 01:48:00
2990,B,4485.0,2026-01-03 01:49:00
2991,C,4486.5,2026-01-03 01:50:00
2992,D,4488.0,2026-01-03 01:51:00
2993,A,4489.5,2026-01-03 01:52:00
2994,B,4491.0,2026-01-03 01:53:00
2995,C,4492.5,2026-01-03 01:54:00
2996,D,4494.0,2026-01-03 01:55:00
2997,A,4495.5,2026-01-03 01:56:00
2998,B,4497.0,2026-01-03 01:57:00
2999,C,4498.5,2026-01-03 01:58:00
3000,D,4500.0,2026-01-03 01:59:00
3001,A,4501.5,2026-01-03 02:00:00
3002,B,4503.0,2026-01-03 02:01:00
3003,C,4504.5,2026-01-03 02:02:00
3004,D,4506.0,2026-01-03 02:03:00
3005,A,4507.5,2026-01-03 02:04:00
3006,B,4509.0,2026-01-03 02:05:00
3007,C,4510.5,2026-01-03 02:06:00
3008,D,4512.0,2026-01-03 02:07:00
3009,A,4513.5,2026-01-03 02:08:00
3010,B,4515.0,2026-01-03 02:09:00
3011,C,4516.5,2026-01-03 02:10:00
3012,D,4518.0,2026-01-03 02:11:00
3013,A,4519.5,2026-01-03 02:12:00
3014,B,4521.0,2026-01-03 02:13:00
3015,C,4522.5,2026-01-03 02:14:00
3016,D,4524.0,2026-01-03 02:15:00
3017,A,4525.5,2026-01-03 02:16:00
3018,B,4527.0,2026-01-03 02:17:00
3019,C,4528.5,2026-01-03 02:18:00
3020,D,4530.0,2026-01-03 02:19:00
3021,A,4531.5,2026-01-03 02:20:00
3022,B,4533.0,2026-01-03 02:21:00
3023,C,4534.5,2026-01-03 02:22:00
3024,D,4536.0,2026-01-03 02:23:00
3025,A,4537.5,2026-01-03 02:24:00
3026,B,4539.0,2026-01-03 02:25:00
3027,C,4540.5,2026-01-03 02:26:00
3028,D,4542.0,2026-01-03 02:27:00
3029,A,4543.5,2026-01-03 02:28:00
3030,B,4545.0,2026-01-03 02:29:00
3031,C,4546.5,2026-01-03 02:30:00
3032,D,4548.0,2026-01-03 02:31:00
3033,A,4549.5,2026-01-03 02:32:00
3034,B,4551.0,2026-01-03 02:33:00
3035,C,4552.5,2026-01-03 02:34:00
3036,D,4554.0,2026-01-03 02:35:00
3037,A,4555.5,2026-01-03 02:36:00
3038,B,4557.0,2026-01-03 02:37:00
3039,C,4558.5,2026-01-03 02:38:00
3040,D,4560.0,2026-01-03 02:39:00
3041,A,4561.5,2026-01-03 02:40:00
3042,B,4563.0,2026-01-03 02:41:00
3043,C,4564.5,2026-01-03 02:42:00
3044,D,4566.0,2026-01-03 02:43:00
3045,A,4567.5,2026-01-03 02:44:00
3046,B,4569.0,2026-01-03 02:45:00
3047,C,4570.5,2026-01-03 02:46:00
3048,D,4572.0,2026-01-03 02:47:00
3049,A,4573.5,2026-01-03 02:48:00
3050,B,4575.0,2026-01-03 02:49:00
3051,C,4576.5,2026-01-03 02:50:00
3052,D,4578.0,2026-01-03 02:51:00
3053,A,4579.5,2026-01-03 02:52:00
3054,B,4581.0,2026-01-03 02:53:00
3055,C,4582.5,2026-01-03 02:54:00
3056,D,4584.0,2026-01-03 02:55:00
3057,A,4585.5,2026-01-03 02:56:00
3058,B,4587.0,2026-01-03 02:57:00
3059,C,4588.5,2026-01-03 02:58:00
3060,D,4590.0,2026-01-03 02:59:00
3061,A,4591.5,2026-01-03 03:00:00
3062,B,4593.0,2026-01-03 03:01:00
3063,C,4594.5,2026-01-03 03:02:00
3064,D,4596.0,2026-01-03 03:03:00
3065,A,4597.5,2026-01-03 03:04:00
3066,B,4599.0,2026-01-03 03:05:00
3067,C,4600.5,2026-01-03 03:06:00
3068,D,4602.0,2026-01-03 03:07:00
3069,A,4603.5,2026-01-03 03:08:00
3070,B,4605.0,2026-01-03 03:09:00
3071,C,4606.5,2026-01-03 03:10:00
3072,D,4608.0,2026-01-03 03:11:00
3073,A,4609.5,2026-01-03 03:12:00
3074,B,4611.0,2026-01-03 03:13:00
3075,C,4612.5,2026-01-03 03:14:00
3076,D,4614.0,2026-01-03 03:15:00
3077,A,4615.5,2026-01-03 03:16:00
3078,B,4617.0,2026-01-03 03:17:00
3079,C,4618.5,2026-01-03 03:18:00
3080,D,4620.0,2026-01-03 03:19:00
3081,A,4621.5,2026-01-03 03:20:00
3082,B,4623.0,2026-01-03 03:21:00
3083,C,4624.5,2026-01-03 03:22:00
3084,D,4626.0,2026-01-03 03:23:00
3085,A,4627.5,2026-01-03 03:24:00
3086,B,4629.0,2026-01-03 03:25:00
3087,C,4630.5,2026-01-03 03:26:00
3088,D,4632.0,2026-01-03 03:27:00
3089,A,4633.5,2026-01-03 03:28:00
3090,B,4635.0,2026-01-03 03:29:00
3091,C,4636.5,2026-01-03 03:30:00
3092,D,4638.0,2026-01-03 03:31:00
3093,A,4639.5,2026-01-03 03:32:00
3094,B,4641.0,2026-01-03 03:33:00
3095,C,4642.5,2026-01-03 03:34:00
3096,D,4644.0,2026-01-03 03:35:00
3097,A,4645.5,2026-01-03 03:36:00
3098,B,4647.0,2026-01-03 03:37:00
3099,C,4648.5,2026-01-03 03:38:00
3100,D,4650.0,2026-01-03 03:39:00
3101,A,4651.5,2026-01-03 03:40:00
3102,B,4653.0,2026-01-03 03:41:00
3103,C,4654.5,2026-01-03 03:42:00
3104,D,4656.0,2026-01-03 03:43:00
3105,A,4657.5,2026-01-03 03:44:00
3106,B,4659.0,2026-01-03 03:45:00
3107,C,4660.5,2026-01-03 03:46:00
3108,D,4662.0,2026-01-03 03:47:00
3109,A,4663.5,2026-01-03 03:48:00
3110,B,4665.0,2026-01-03 03:49:00
3111,C,4666.5,2026-01-03 03:50:00
3112,D,4668.0,2026-01-03 03:51:00
3113,A,4669.5,2026-01-03 03:52:00
3114,B,4671.0,2026-01-03 03:53:00
3115,C,4672.5,2026-01-03 03:54:00
3116,D,4674.0,2026-01-03 03:55:00
3117,A,4675.5,2026-01-03 03:56:00
3118,B,4677.0,2026-01-03 03:57:00
3119,C,4678.5,2026-01-03 03:58:00
3120,D,4680.0,2026-01-03 03:59:00
3121,A,4681.5,2026-01-03 04:00:00
3122,B,4683.0,2026-01-03 04:01:00
3123,C,4684.5,2026-01-03 04:02:00
3124,D,4686.0,2026-01-03 04:03:00
3125,A,4687.5,2026-01-03 04:04:00
3126,B,4689.0,2026-01-03 04:05:00
3127,C,4690.5,2026-01-03 04:06:00
3128,D,4692.0,2026-01-03 04:07:00
3129,A,4693.5,2026-01-03 04:08:00
3130,B,4695.0,2026-01-03 04:09:00
3131,C,4696.5,2026-01-03 04:10:00
3132,D,4698.0,2026-01-03 04:11:00
3133,A,4699.5,2026-01-03 04:12:00
3134,B,4701.0,2026-01-03 04:13:00
3135,C,4702.5,2026-01-03 04:14:00
3136,D,4704.0,2026-01-03 04:15:00
3137,A,4705.5,2026-01-03 04:16:00
3138,B,4707.0,2026-01-03 04:17:00
3139,C,4708.5,2026-01-03 04:18:00
3140,D,4710.0,2026-01-03 04:19:00
3141,A,4711.5,2026-01-03 04:20:00
3142,B,4713.0,2026-01-03 04:21:00
3143,C,4714.5,2026-01-03 04:22:00
3144,D,4716.0,2026-01-03 04:23:00
3145,A,4717.5,2026-01-03 04:24:00
3146,B,4719.0,2026-01-03 04:25:00
3147,C,4720.5,2026-01-03 04:26:00
3148,D,4722.0,2026-01-03 04:27:00
3149,A,4723.5,2026-01-03 04:28:00
3150,B,4725.0,2026-01-03 04:29:00
3151,C,4726.5,2026-01-03 04:30:00
3152,D,4728.0,2026-01-03 04:31:00
3153,A,4729.5,2026-01-03 04:32:00
3154,B,4731.0,2026-01-03 04:33:00
3155,C,4732.5,2026-01-03 04:34:00
3156,D,4734.0,2026-01-03 04:35:00
3157,A,4735.5,2026-01-03 04:36:00
3158,B,4737.0,2026-01-03 04:37:00
3159,C,4738.5,2026-01-03 04:38:00
3160,D,4740.0,2026-01-03 04:39:00
3161,A,4741.5,2026-01-03 04:40:00
3162,B,4743.0,2026-01-03 04:41:00
3163,C,4744.5,2026-01-03 04:42:00
3164,D,4746.0,2026-01-03 04:43:00
3165,A,4747.5,2026-01-03 04:44:00
3166,B,4749.0,2026-01-03 04:45:00
3167,C,4750.5,2026-01-03 04:46:00
3168,D,4752.0,2026-01-03 04:47:00
3169,A,4753.5,2026-01-03 04:48:00
3170,B,4755.0,2026-01-03 04:49:00
3171,C,4756.5,2026-01-03 04:50:00
3172,D,4758.0,2026-01-03 04:51:00
3173,A,4759.5,2026-01-03 04:52:00
3174,B,4761.0,2026-01-03 04:53:00
3175,C,4762.5,2026-01-03 04:54:00
3176,D,4764.0,2026-01-03 04:55:00
3177,A,4765.5,2026-01-03 04:56:00
3178,B,4767.0,2026-01-03 04:57:00
3179,C,4768.5,2026-01-03 04:58:00
3180,D,4770.0,2026-01-03 04:59:00
3181,A,4771.5,2026-01-03 05:00:00
3182,B,4773.0,2026-01-03 05:01:00
3183,C,4774.5,2026-01-03 05:02:00
3184,D,4776.0,2026-01-03 05:03:00
3185,A,4777.5,2026-01-03 05:04:00
3186,B,4779.0,2026-01-03 05:05:00
3187,C,4780.5,2026-01-03 05:06:00
3188,D,4782.0,2026-01-03 05:07:00
3189,A,4783.5,2026-01-03 05:08:00
3190,B,4785.0,2026-01-03 05:09:00
3191,C,4786.5,2026-01-03 05:10:00
3192,D,4788.0,2026-01-03 05:11:00
3193,A,4789.5,2026-01-03 05:12:00
3194,B,4791.0,2026-01-03 05:13:00
3195,C,4792.5,2026-01-03 05:14:00
3196,D,4794.0,2026-01-03 05:15:00
3197,A,4795.5,2026-01-03 05:16:00
3198,B,4797.0,2026-01-03 05:17:00
3199,C,4798.5,2026-01-03 05:18:00
3200,D,4800.0,2026-01-03 05:19:00
3201,A,4801.5,2026-01-03 05:20:00
3202,B,4803.0,2026-01-03 05:21:00
3203,C,4804.5,2026-01-03 05:22:00
3204,D,4806.0,2026-01-03 05:23:00
3205,A,4807.5,2026-01-03 05:24:00
3206,B,4809.0,2026-01-03 05:25:00
3207,C,4810.5,2026-01-03 05:26:00
3208,D,4812.0,2026-01-03 05:27:00
3209,A,4813.5,2026-01-03 05:28:00
3210,B,4815.0,2026-01-03 05:29:00
3211,C,4816.5,2026-01-03 05:30:00
3212,D,4818.0,2026-01-03 05:31:00
3213,A,4819.5,2026-01-03 05:32:00
3214,B,4821.0,2026-01-03 05:33:00
3215,C,4822.5,2026-01-03 05:34:00
3216,D,4824.0,2026-01-03 05:35:00
3217,A,4825.5,2026-01-03 05:36:00
3218,B,4827.0,2026-01-03 05:37:00
3219,C,4828.5,2026-01-03 05:38:00
3220,D,4830.0,2026-01-03 05:39:00
3221,A,4831.5,2026-01-03 05:40:00
3222,B,4833.0,2026-01-03 05:41:00
3223,C,4834.5,2026-01-03 05:42:00
3224,D,4836.0,2026-01-03 05:43:00
3225,A,4837.5,2026-01-03 05:44:00
3226,B,4839.0,2026-01-03 05:45:00
3227,C,4840.5,2026-01-03 05:46:00
3228,D,4842.0,2026-01-03 05:47:00
3229,A,4843.5,2026-01-03 05:48:00
3230,B,4845.0,2026-01-03 05:49:00
3231,C,4846.5,2026-01-03 05:50:00
3232,D,4848.0,2026-01-03 05:51:00
3233,A,4849.5,2026-01-03 05:52:00
3234,B,4851.0,2026-01-03 05:53:00
3235,C,4852.5,2026-01-03 05:54:00
3236,D,4854.0,2026-01-03 05:55:00
3237,A,4855.5,2026-01-03 05:56:00
3238,B,4857.0,2026-01-03 05:57:00
3239,C,4858.5,2026-01-03 05:58:00
3240,D,4860.0,2026-01-03 05:59:00
3241,A,4861.5,2026-01-03 06:00:00
3242,B,4863.0,2026-01-03 06:01:00
3243,C,4864.5,2026-01-03 06:02:00
3244,D,4866.0,2026-01-03 06:03:00
3245,A,4867.5,2026-01-03 06:04:00
3246,B,4869.0,2026-01-03 06:05:00
3247,C,4870.5,2026-01-03 06:06:00
3248,D,4872.0,2026-01-03 06:07:00
3249,A,4873.5,2026-01-03 06:08:00
3250,B,4875.0,2026-01-03 06:09:00
3251,C,4876.5,2026-01-03 06:10:00
3252,D,4878.0,2026-01-03 06:11:00
3253,A,4879.5,2026-01-03 06:12:00
3254,B,4881.0,2026-01-03 06:13:00
3255,C,4882.5,2026-01-03 06:14:00
3256,D,4884.0,2026-01-03 06:15:00
3257,A,4885.5,2026-01-03 06:16:00
3258,B,4887.0,2026-01-03 06:17:00
3259,C,4888.5,2026-01-03 06:18:00
3260,D,4890.0,2026-01-03 06:19:00
3261,A,4891.5,2026-01-03 06:20:00
3262,B,4893.0,2026-01-03 06:21:00
3263,C,4894.5,2026-01-03 06:22:00
3264,D,4896.0,2026-01-03 06:23:00
3265,A,4897.5,2026-01-03 06:24:00
3266,B,4899.0,2026-01-03 06:25:00
3267,C,4900.5,2026-01-03 06:26:00
3268,D,4902.0,2026-01-03 06:27:00
3269,A,4903.5,2026-01-03 06:28:00
3270,B,4905.0,2026-01-03 06:29:00
3271,C,4906.5,2026-01-03 06:30:00
3272,D,4908.0,2026-01-03 06:31:00
3273,A,4909.5,2026-01-03 06:32:00
3274,B,4911.0,2026-01-03 06:33:00
3275,C,4912.5,2026-01-03 06:34:00
3276,D,4914.0,2026-01-03 06:35:00
3277,A,4915.5,2026-01-03 06:36:00
3278,B,4917.0,2026-01-03 06:37:00
3279,C,4918.5,2026-01-03 06:38:00
3280,D,4920.0,2026-01-03 06:39:00
3281,A,4921.5,2026-01-03 06:40:00
3282,B,4923.0,2026-01-03 06:41:00
3283,C,4924.5,2026-01-03 06:42:00
3284,D,4926.0,2026-01-03 06:43:00
3285,A,4927.5,2026-01-03 06:44:00
3286,B,4929.0,2026-01-03 06:45:00
3287,C,4930.5,2026-01-03 06:46:00
3288,D,4932.0,2026-01-03 06:47:00
3289,A,4933.5,2026-01-03 06:48:00
3290,B,4935.0,2026-01-03 06:49:00
3291,C,4936.5,2026-01-03 06:50:00
3292,D,4938.0,2026-01-03 06:51:00
3293,A,4939.5,2026-01-03 06:52:00
3294,B,4941.0,2026-01-03 06:53:00
3295,C,4942.5,2026-01-03 06:54:00
3296,D,4944.0,2026-01-03 06:55:00
3297,A,4945.5,2026-01-03 06:56:00
3298,B,4947.0,2026-01-03 06:57:00
3299,C,4948.5,2026-01-03 06:58:00
3300,D,4950.0,2026-01-03 06:59:00
3301,A,4951.5,2026-01-03 07:00:00
3302,B,4953.0,2026-01-03 07:01:00
3303,C,4954.5,2026-01-03 07:02:00
3304,D,4956.0,2026-01-03 07:03:00
3305,A,4957.5,2026-01-03 07:04:00
3306,B,4959.0,2026-01-03 07:05:00
3307,C,4960.5,2026-01-03 07:06:00
3308,D,4962.0,2026-01-03 07:07:00
3309,A,4963.5,2026-01-03 07:08:00
3310,B,4965.0,2026-01-03 07:09:00
3311,C,4966.5,2026-01-03 07:10:00
3312,D,4968.0,2026-01-03 07:11:00
3313,A,4969.5,2026-01-03 07:12:00
3314,B,4971.0,2026-01-03 07:13:00
3315,C,4972.5,2026-01-03 07:14:00
3316,D,4974.0,2026-01-03 07:15:00
3317,A,4975.5,2026-01-03 07:16:00
3318,B,4977.0,2026-01-03 07:17:00
3319,C,4978.5,2026-01-03 07:18:00
3320,D,4980.0,2026-01-03 07:19:00
3321,A,4981.5,2026-01-03 07:20:00
3322,B,4983.0,2026-01-03 07:21:00
3323,C,4984.5,2026-01-03 07:22:00
3324,D,4986.0,2026-01-03 07:23:00
3325,A,4987.5,2026-01-03 07:24:00
3326,B,4989.0,2026-01-03 07:25:00
3327,C,4990.5,2026-01-03 07:26:00
3328,D,4992.0,2026-01-03 07:27:00
3329,A,4993.5,2026-01-03 07:28:00
3330,B,4995.0,2026-01-03 07:29:00
3331,C,4996.5,2026-01-03 07:30:00
3332,D,4998.0,2026-01-03 07:31:00
3333,A,4999.5,2026-01-03 07:32:00
3334,B,5001.0,2026-01-03 07:33:00
3335,C,5002.5,2026-01-03 07:34:00
3336,D,5004.0,2026-01-03 07:35:00
3337,A,5005.5,2026-01-03 07:36:00
3338,B,5007.0,2026-01-03 07:37:00
3339,C,5008.5,2026-01-03 07:38:00
3340,D,5010.0,2026-01-03 07:39:00
3341,A,5011.5,2026-01-03 07:40:00
3342,B,5013.0,2026-01-03 07:41:00
3343,C,5014.5,2026-01-03 07:42:00
3344,D,5016.0,2026-01-03 07:43:00
3345,A,5017.5,2026-01-03 07:44:00
3346,B,5019.0,2026-01-03 07:45:00
3347,C,5020.5,2026-01-03 07:46:00
3348,D,5022.0,2026-01-03 07:47:00
3349,A,5023.5,2026-01-03 07:48:00
3350,B,5025.0,2026-01-03 07:49:00
3351,C,5026.5,2026-01-03 07:50:00
3352,D,5028.0,2026-01-03 07:51:00
3353,A,5029.5,2026-01-03 07:52:00
3354,B,5031.0,2026-01-03 07:53:00
3355,C,5032.5,2026-01-03 07:54:00
3356,D,5034.0,2026-01-03 07:55:00
3357,A,5035.5,2026-01-03 07:56:00
3358,B,5037.0,2026-01-03 07:57:00
3359,C,5038.5,2026-01-03 07:58:00
3360,D,5040.0,2026-01-03 07:59:00
3361,A,5041.5,2026-01-03 08:00:00
3362,B,5043.0,2026-01-03 08:01:00
3363,C,5044.5,2026-01-03 08:02:00
3364,D,5046.0,2026-01-03 08:03:00
3365,A,5047.5,2026-01-03 08:04:00
3366,B,5049.0,2026-01-03 08:05:00
3367,C,5050.5,2026-01-03 08:06:00
3368,D,5052.0,2026-01-03 08:07:00
3369,A,5053.5,2026-01-03 08:08:00
3370,B,5055.0,2026-01-03 08:09:00
3371,C,5056.5,2026-01-03 08:10:00
3372,D,5058.0,2026-01-03 08:11:00
3373,A,5059.5,2026-01-03 08:12:00
3374,B,5061.0,2026-01-03 08:13:00
3375,C,5062.5,2026-01-03 08:14:00
3376,D,5064.0,2026-01-03 08:15:00
3377,A,5065.5,2026-01-03 08:16:00
3378,B,5067.0,2026-01-03 08:17:00
3379,C,5068.5,2026-01-03 08:18:00
3380,D,5070.0,2026-01-03 08:19:00
3381,A,5071.5,2026-01-03 08:20:00
3382,B,5073.0,2026-01-03 08:21:00
3383,C,5074.5,2026-01-03 08:22:00
3384,D,5076.0,2026-01-03 08:23:00
3385,A,5077.5,2026-01-03 08:24:00
3386,B,5079.0,2026-01-03 08:25:00
3387,C,5080.5,2026-01-03 08:26:00
3388,D,5082.0,2026-01-03 08:27:00
3389,A,5083.5,2026-01-03 08:28:00
3390,B,5085.0,2026-01-03 08:29:00
3391,C,5086.5,2026-01-03 08:30:00
3392,D,5088.0,2026-01-03 08:31:00
3393,A,5089.5,2026-01-03 08:32:00
3394,B,5091.0,2026-01-03 08:33:00
3395,C,5092.5,2026-01-03 08:34:00
3396,D,5094.0,2026-01-03 08:35:00
3397,A,5095.5,2026-01-03 08:36:00
3398,B,5097.0,2026-01-03 08:37:00
3399,C,5098.5,2026-01-03 08:38:00
3400,D,5100.0,2026-01-03 08:39:00
3401,A,5101.5,2026-01-03 08:40:00
3402,B,5103.0,2026-01-03 08:41:00
3403,C,5104.5,2026-01-03 08:42:00
3404,D,5106.0,2026-01-03 08:43:00
3405,A,5107.5,2026-01-03 08:44:00
3406,B,5109.0,2026-01-03 08:45:00
3407,C,5110.5,2026-01-03 08:46:00
3408,D,5112.0,2026-01-03 08:47:00
3409,A,5113.5,2026-01-03 08:48:00
3410,B,5115.0,2026-01-03 08:49:00
3411,C,5116.5,2026-01-03 08:50:00
3412,D,5118.0,2026-01-03 08:51:00
3413,A,5119.5,2026-01-03 08:52:00
3414,B,5121.0,2026-01-03 08:53:00
3415,C,5122.5,2026-01-03 08:54:00
3416,D,5124.0,2026-01-03 08:55:00
3417,A,5125.5,2026-01-03 08:56:00
3418,B,5127.0,2026-01-03 08:57:00
3419,C,5128.5,2026-01-03 08:58:00
3420,D,5130.0,2026-01-03 08:59:00
3421,A,5131.5,2026-01-03 09:00:00
3422,B,5133.0,2026-01-03 09:01:00
3423,C,5134.5,2026-01-03 09:02:00
3424,D,5136.0,2026-01-03 09:03:00
3425,A,5137.5,2026-01-03 09:04:00
3426,B,5139.0,2026-01-03 09:05:00
3427,C,5140.5,2026-01-03 09:06:00
3428,D,5142.0,2026-01-03 09:07:00
3429,A,5143.5,2026-01-03 09:08:00
3430,B,5145.0,2026-01-03 09:09:00
3431,C,5146.5,2026-01-03 09:10:00
3432,D,5148.0,2026-01-03 09:11:00
3433,A,5149.5,2026-01-03 09:12:00
3434,B,5151.0,2026-01-03 09:13:00
3435,C,5152.5,2026-01-03 09:14:00
3436,D,5154.0,2026-01-03 09:15:00
3437,A,5155.5,2026-01-03 09:16:00
3438,B,5157.0,2026-01-03 09:17:00
3439,C,5158.5,2026-01-03 09:18:00
3440,D,5160.0,2026-01-03 09:19:00
3441,A,5161.5,2026-01-03 09:20:00
3442,B,5163.0,2026-01-03 09:21:00
3443,C,5164.5,2026-01-03 09:22:00
3444,D,5166.0,2026-01-03 09:23:00
3445,A,5167.5,2026-01-03 09:24:00
3446,B,5169.0,2026-01-03 09:25:00
3447,C,5170.5,2026-01-03 09:26:00
3448,D,5172.0,2026-01-03 09:27:00
3449,A,5173.5,2026-01-03 09:28:00
3450,B,5175.0,2026-01-03 09:29:00
3451,C,5176.5,2026-01-03 09:30:00
3452,D,5178.0,2026-01-03 09:31:00
3453,A,5179.5,2026-01-03 09:32:00
3454,B,5181.0,2026-01-03 09:33:00
3455,C,5182.5,2026-01-03 09:34:00
3456,D,5184.0,2026-01-03 09:35:00
3457,A,5185.5,2026-01-03 09:36:00
3458,B,5187.0,2026-01-03 09:37:00
3459,C,5188.5,2026-01-03 09:38:00
3460,D,5190.0,2026-01-03 09:39:00
3461,A,5191.5,2026-01-03 09:40:00
3462,B,5193.0,2026-01-03 09:41:00
3463,C,5194.5,2026-01-03 09:42:00
3464,D,5196.0,2026-01-03 09:43:00
3465,A,5197.5,2026-01-03 09:44:00
3466,B,5199.0,2026-01-03 09:45:00
3467,C,5200.5,2026-01-03 09:46:00
3468,D,5202.0,2026-01-03 09:47:00
3469,A,5203.5,2026-01-03 09:48:00
3470,B,5205.0,2026-01-03 09:49:00
3471,C,5206.5,2026-01-03 09:50:00
3472,D,5208.0,2026-01-03 09:51:00
3473,A,5209.5,2026-01-03 09:52:00
3474,B,5211.0,2026-01-03 09:53:00
3475,C,5212.5,2026-01-03 09:54:00
3476,D,5214.0,2026-01-03 09:55:00
3477,A,5215.5,2026-01-03 09:56:00
3478,B,5217.0,2026-01-03 09:57:00
3479,C,5218.5,2026-01-03 09:58:00
3480,D,5220.0,2026-01-03 09:59:00
3481,A,5221.5,2026-01-03 10:00:00
3482,B,5223.0,2026-01-03 10:01:00
3483,C,5224.5,2026-01-03 10:02:00
3484,D,5226.0,2026-01-03 10:03:00
3485,A,5227.5,2026-01-03 10:04:00
3486,B,5229.0,2026-01-03 10:05:00
3487,C,5230.5,2026-01-03 10:06:00
3488,D,5232.0,2026-01-03 10:07:00
3489,A,5233.5,2026-01-03 10:08:00
3490,B,5235.0,2026-01-03 10:09:00
3491,C,5236.5,2026-01-03 10:10:00
3492,D,5238.0,2026-01-03 10:11:00
3493,A,5239.5,2026-01-03 10:12:00
3494,B,5241.0,2026-01-03 10:13:00
3495,C,5242.5,2026-01-03 10:14:00
3496,D,5244.0,2026-01-03 10:15:00
3497,A,5245.5,2026-01-03 10:16:00
3498,B,5247.0,2026-01-03 10:17:00
3499,C,5248.5,2026-01-03 10:18:00
3500,D,5250.0,2026-01-03 10:19:00
3501,A,5251.5,2026-01-03 10:20:00
3502,B,5253.0,2026-01-03 10:21:00
3503,C,5254.5,2026-01-03 10:22:00
3504,D,5256.0,2026-01-03 10:23:00
3505,A,5257.5,2026-01-03 10:24:00
3506,B,5259.0,2026-01-03 10:25:00
3507,C,5260.5,2026-01-03 10:26:00
3508,D,5262.0,2026-01-03 10:27:00
3509,A,5263.5,2026-01-03 10:28:00
3510,B,5265.0,2026-01-03 10:29:00
3511,C,5266.5,2026-01-03 10:30:00
3512,D,5268.0,2026-01-03 10:31:00
3513,A,5269.5,2026-01-03 10:32:00
3514,B,5271.0,2026-01-03 10:33:00
3515,C,5272.5,2026-01-03 10:34:00
3516,D,5274.0,2026-01-03 10:35:00
3517,A,5275.5,2026-01-03 10:36:00
3518,B,5277.0,2026-01-03 10:37:00
3519,C,5278.5,2026-01-03 10:38:00
3520,D,5280.0,2026-01-03 10:39:00
3521,A,5281.5,2026-01-03 10:40:00
3522,B,5283.0,2026-01-03 10:41:00
3523,C,5284.5,2026-01-03 10:42:00
3524,D,5286.0,2026-01-03 10:43:00
3525,A,5287.5,2026-01-03 10:44:00
3526,B,5289.0,2026-01-03 10:45:00
3527,C,5290.5,2026-01-03 10:46:00
3528,D,5292.0,2026-01-03 10:47:00
3529,A,5293.5,2026-01-03 10:48:00
3530,B,5295.0,2026-01-03 10:49:00
3531,C,5296.5,2026-01-03 10:50:00
3532,D,5298.0,2026-01-03 10:51:00
3533,A,5299.5,2026-01-03 10:52:00
3534,B,5301.0,2026-01-03 10:53:00
3535,C,5302.5,2026-01-03 10:54:00
3536,D,5304.0,2026-01-03 10:55:00
3537,A,5305.5,2026-01-03 10:56:00
3538,B,5307.0,2026-01-03 10:57:00
3539,C,5308.5,2026-01-03 10:58:00
3540,D,5310.0,2026-01-03 10:59:00
3541,A,5311.5,2026-01-03 11:00:00
3542,B,5313.0,2026-01-03 11:01:00
3543,C,5314.5,2026-01-03 11:02:00
3544,D,5316.0,2026-01-03 11:03:00
3545,A,5317.5,2026-01-03 11:04:00
3546,B,5319.0,2026-01-03 11:05:00
3547,C,5320.5,2026-01-03 11:06:00
3548,D,5322.0,2026-01-03 11:07:00
3549,A,5323.5,2026-01-03 11:08:00
3550,B,5325.0,2026-01-03 11:09:00
3551,C,5326.5,2026-01-03 11:10:00
3552,D,5328.0,2026-01-03 11:11:00
3553,A,5329.5,2026-01-03 11:12:00
3554,B,5331.0,2026-01-03 11:13:00
3555,C,5332.5,2026-01-03 11:14:00
3556,D,5334.0,2026-01-03 11:15:00
3557,A,5335.5,2026-01-03 11:16:00
3558,B,5337.0,2026-01-03 11:17:00
3559,C,5338.5,2026-01-03 11:18:00
3560,D,5340.0,2026-01-03 11:19:00
3561,A,5341.5,2026-01-03 11:20:00
3562,B,5343.0,2026-01-03 11:21:00
3563,C,5344.5,2026-01-03 11:22:00
3564,D,5346.0,2026-01-03 11:23:00
3565,A,5347.5,2026-01-03 11:24:00
3566,B,5349.0,2026-01-03 11:25:00
3567,C,5350.5,2026-01-03 11:26:00
3568,D,5352.0,2026-01-03 11:27:00
3569,A,5353.5,2026-01-03 11:28:00
3570,B,5355.0,2026-01-03 11:29:00
3571,C,5356.5,2026-01-03 11:30:00
3572,D,5358.0,2026-01-03 11:31:00
3573,A,5359.5,2026-01-03 11:32:00
3574,B,5361.0,2026-01-03 11:33:00
3575,C,5362.5,2026-01-03 11:34:00
3576,D,5364.0,2026-01-03 11:35:00
3577,A,5365.5,2026-01-03 11:36:00
3578,B,5367.0,2026-01-03 11:37:00
3579,C,5368.5,2026-01-03 11:38:00
3580,D,5370.0,2026-01-03 11:39:00
3581,A,5371.5,2026-01-03 11:40:00
3582,B,5373.0,2026-01-03 11:41:00
3583,C,5374.5,2026-01-03 11:42:00
3584,D,5376.0,2026-01-03 11:43:00
3585,A,5377.5,2026-01-03 11:44:00
3586,B,5379.0,2026-01-03 11:45:00
3587,C,5380.5,2026-01-03 11:46:00
3588,D,5382.0,2026-01-03 11:47:00
3589,A,5383.5,2026-01-03 11:48:00
3590,B,5385.0,2026-01-03 11:49:00
3591,C,5386.5,2026-01-03 11:50:00
3592,D,5388.0,2026-01-03 11:51:00
3593,A,5389.5,2026-01-03 11:52:00
3594,B,5391.0,2026-01-03 11:53:00
3595,C,5392.5,2026-01-03 11:54:00
3596,D,5394.0,2026-01-03 11:55:00
3597,A,5395.5,2026-01-03 11:56:00
3598,B,5397.0,2026-01-03 11:57:00
3599,C,5398.5,2026-01-03 11:58:00
3600,D,5400.0,2026-01-03 11:59:00
3601,A,5401.5,2026-01-03 12:00:00
3602,B,5403.0,2026-01-03 12:01:00
3603,C,5404.5,2026-01-03 12:02:00
3604,D,5406.0,2026-01-03 12:03:00
3605,A,5407.5,2026-01-03 12:04:00
3606,B,5409.0,2026-01-03 12:05:00
3607,C,5410.5,2026-01-03 12:06:00
3608,D,5412.0,2026-01-03 12:07:00
3609,A,5413.5,2026-01-03 12:08:00
3610,B,5415.0,2026-01-03 12:09:00
3611,C,5416.5,2026-01-03 12:10:00
3612,D,5418.0,2026-01-03 12:11:00
3613,A,5419.5,2026-01-03 12:12:00
3614,B,5421.0,2026-01-03 12:13:00
3615,C,5422.5,2026-01-03 12:14:00
3616,D,5424.0,2026-01-03 12:15:00
3617,A,5425.5,2026-01-03 12:16:00
3618,B,5427.0,2026-01-03 12:17:00
3619,C,5428.5,2026-01-03 12:18:00
3620,D,5430.0,2026-01-03 12:19:00
3621,A,5431.5,2026-01-03 12:20:00
3622,B,5433.0,2026-01-03 12:21:00
3623,C,5434.5,2026-01-03 12:22:00
3624,D,5436.0,2026-01-03 12:23:00
3625,A,5437.5,2026-01-03 12:24:00
3626,B,5439.0,2026-01-03 12:25:00
3627,C,5440.5,2026-01-03 12:26:00
3628,D,5442.0,2026-01-03 12:27:00
3629,A,5443.5,2026-01-03 12:28:00
3630,B,5445.0,2026-01-03 12:29:00
3631,C,5446.5,2026-01-03 12:30:00
3632,D,5448.0,2026-01-03 12:31:00
3633,A,5449.5,2026-01-03 12:32:00
3634,B,5451.0,2026-01-03 12:33:00
3635,C,5452.5,2026-01-03 12:34:00
3636,D,5454.0,2026-01-03 12:35:00
3637,A,5455.5,2026-01-03 12:36:00
3638,B,5457.0,2026-01-03 12:37:00
3639,C,5458.5,2026-01-03 12:38:00
3640,D,5460.0,2026-01-03 12:39:00
3641,A,5461.5,2026-01-03 12:40:00
3642,B,5463.0,2026-01-03 12:41:00
3643,C,5464.5,2026-01-03 12:42:00
3644,D,5466.0,2026-01-03 12:43:00
3645,A,5467.5,2026-01-03 12:44:00
3646,B,5469.0,2026-01-03 12:45:00
3647,C,5470.5,2026-01-03 12:46:00
3648,D,5472.0,2026-01-03 12:47:00
3649,A,5473.5,2026-01-03 12:48:00
3650,B,5475.0,2026-01-03 12:49:00
3651,C,5476.5,2026-01-03 12:50:00
3652,D,5478.0,2026-01-03 12:51:00
3653,A,5479.5,2026-01-03 12:52:00
3654,B,5481.0,2026-01-03 12:53:00
3655,C,5482.5,2026-01-03 12:54:00
3656,D,5484.0,2026-01-03 12:55:00
3657,A,5485.5,2026-01-03 12:56:00
3658,B,5487.0,2026-01-03 12:57:00
3659,C,5488.5,2026-01-03 12:58:00
3660,D,5490.0,2026-01-03 12:59:00
3661,A,5491.5,2026-01-03 13:00:00
3662,B,5493.0,2026-01-03 13:01:00
3663,C,5494.5,2026-01-03 13:02:00
3664,D,5496.0,2026-01-03 13:03:00
3665,A,5497.5,2026-01-03 13:04:00
3666,B,5499.0,2026-01-03 13:05:00
3667,C,5500.5,2026-01-03 13:06:00
3668,D,5502.0,2026-01-03 13:07:00
3669,A,5503.5,2026-01-03 13:08:00
3670,B,5505.0,2026-01-03 13:09:00
3671,C,5506.5,2026-01-03 13:10:00
3672,D,5508.0,2026-01-03 13:11:00
3673,A,5509.5,2026-01-03 13:12:00
3674,B,5511.0,2026-01-03 13:13:00
3675,C,5512.5,2026-01-03 13:14:00
3676,D,5514.0,2026-01-03 13:15:00
3677,A,5515.5,2026-01-03 13:16:00
3678,B,5517.0,2026-01-03 13:17:00
3679,C,5518.5,2026-01-03 13:18:00
3680,D,5520.0,2026-01-03 13:19:00
3681,A,5521.5,2026-01-03 13:20:00
3682,B,5523.0,2026-01-03 13:21:00
3683,C,5524.5,2026-01-03 13:22:00
3684,D,5526.0,2026-01-03 13:23:00
3685,A,5527.5,2026-01-03 13:24:00
3686,B,5529.0,2026-01-03 13:25:00
3687,C,5530.5,2026-01-03 13:26:00
3688,D,5532.0,2026-01-03 13:27:00
3689,A,5533.5,2026-01-03 13:28:00
3690,B,5535.0,2026-01-03 13:29:00
3691,C,5536.5,2026-01-03 13:30:00
3692,D,5538.0,2026-01-03 13:31:00
3693,A,5539.5,2026-01-03 13:32:00
3694,B,5541.0,2026-01-03 13:33:00
3695,C,5542.5,2026-01-03 13:34:00
3696,D,5544.0,2026-01-03 13:35:00
3697,A,5545.5,2026-01-03 13:36:00
3698,B,5547.0,2026-01-03 13:37:00
3699,C,5548.5,2026-01-03 13:38:00
3700,D,5550.0,2026-01-03 13:39:00
3701,A,5551.5,2026-01-03 13:40:00
3702,B,5553.0,2026-01-03 13:41:00
3703,C,5554.5,2026-01-03 13:42:00
3704,D,5556.0,2026-01-03 13:43:00
3705,A,5557.5,2026-01-03 13:44:00
3706,B,5559.0,2026-01-03 13:45:00
3707,C,5560.5,2026-01-03 13:46:00
3708,D,5562.0,2026-01-03 13:47:00
3709,A,5563.5,2026-01-03 13:48:00
3710,B,5565.0,2026-01-03 13:49:00
3711,C,5566.5,2026-01-03 13:50:00
3712,D,5568.0,2026-01-03 13:51:00
3713,A,5569.5,2026-01-03 13:52:00
3714,B,5571.0,2026-01-03 13:53:00
3715,C,5572.5,2026-01-03 13:54:00
3716,D,5574.0,2026-01-03 13:55:00
3717,A,5575.5,2026-01-03 13:56:00
3718,B,5577.0,2026-01-03 13:57:00
3719,C,5578.5,2026-01-03 13:58:00
3720,D,5580.0,2026-01-03 13:59:00
3721,A,5581.5,2026-01-03 14:00:00
3722,B,5583.0,2026-01-03 14:01:00
3723,C,5584.5,2026-01-03 14:02:00
3724,D,5586.0,2026-01-03 14:03:00
3725,A,5587.5,2026-01-03 14:04:00
3726,B,5589.0,2026-01-03 14:05:00
3727,C,5590.5,2026-01-03 14:06:00
3728,D,5592.0,2026-01-03 14:07:00
3729,A,5593.5,2026-01-03 14:08:00
3730,B,5595.0,2026-01-03 14:09:00
3731,C,5596.5,2026-01-03 14:10:00
3732,D,5598.0,2026-01-03 14:11:00
3733,A,5599.5,2026-01-03 14:12:00
3734,B,5601.0,2026-01-03 14:13:00
3735,C,5602.5,2026-01-03 14:14:00
3736,D,5604.0,2026-01-03 14:15:00
3737,A,5605.5,2026-01-03 14:16:00
3738,B,5607.0,2026-01-03 14:17:00
3739,C,5608.5,2026-01-03 14:18:00
3740,D,5610.0,2026-01-03 14:19:00
3741,A,5611.5,2026-01-03 14:20:00
3742,B,5613.0,2026-01-03 14:21:00
3743,C,5614.5,2026-01-03 14:22:00
3744,D,5616.0,2026-01-03 14:23:00
3745,A,5617.5,2026-01-03 14:24:00
3746,B,5619.0,2026-01-03 14:25:00
3747,C,5620.5,2026-01-03 14:26:00
3748,D,5622.0,2026-01-03 14:27:00
3749,A,5623.5,2026-01-03 14:28:00
3750,B,5625.0,2026-01-03 14:29:00
3751,C,5626.5,2026-01-03 14:30:00
3752,D,5628.0,2026-01-03 14:31:00
3753,A,5629.5,2026-01-03 14:32:00
3754,B,5631.0,2026-01-03 14:33:00
3755,C,5632.5,2026-01-03 14:34:00
3756,D,5634.0,2026-01-03 14:35:00
3757,A,5635.5,2026-01-03 14:36:00
3758,B,5637.0,2026-01-03 14:37:00
3759,C,5638.5,2026-01-03 14:38:00
3760,D,5640.0,2026-01-03 14:39:00
3761,A,5641.5,2026-01-03 14:40:00
3762,B,5643.0,2026-01-03 14:41:00
3763,C,5644.5,2026-01-03 14:42:00
3764,D,5646.0,2026-01-03 14:43:00
3765,A,5647.5,2026-01-03 14:44:00
3766,B,5649.0,2026-01-03 14:45:00
3767,C,5650.5,2026-01-03 14:46:00
3768,D,5652.0,2026-01-03 14:47:00
3769,A,5653.5,2026-01-03 14:48:00
3770,B,5655.0,2026-01-03 14:49:00
3771,C,5656.5,2026-01-03 14:50:00
3772,D,5658.0,2026-01-03 14:51:00
3773,A,5659.5,2026-01-03 14:52:00
3774,B,5661.0,2026-01-03 14:53:00
3775,C,5662.5,2026-01-03 14:54:00
3776,D,5664.0,2026-01-03 14:55:00
3777,A,5665.5,2026-01-03 14:56:00
3778,B,5667.0,2026-01-03 14:57:00
3779,C,5668.5,2026-01-03 14:58:00
3780,D,5670.0,2026-01-03 14:59:00
3781,A,5671.5,2026-01-03 15:00:00
3782,B,5673.0,2026-01-03 15:01:00
3783,C,5674.5,2026-01-03 15:02:00
3784,D,5676.0,2026-01-03 15:03:00
3785,A,5677.5,2026-01-03 15:04:00
3786,B,5679.0,2026-01-03 15:05:00
3787,C,5680.5,2026-01-03 15:06:00
3788,D,5682.0,2026-01-03 15:07:00
3789,A,5683.5,2026-01-03 15:08:00
3790,B,5685.0,2026-01-03 15:09:00
3791,C,5686.5,2026-01-03 15:10:00
3792,D,5688.0,2026-01-03 15:11:00
3793,A,5689.5,2026-01-03 15:12:00
3794,B,5691.0,2026-01-03 15:13:00
3795,C,5692.5,2026-01-03 15:14:00
3796,D,5694.0,2026-01-03 15:15:00
3797,A,5695.5,2026-01-03 15:16:00
3798,B,5697.0,2026-01-03 15:17:00
3799,C,5698.5,2026-01-03 15:18:00
3800,D,5700.0,2026-01-03 15:19:00
3801,A,5701.5,2026-01-03 15:20:00
3802,B,5703.0,2026-01-03 15:21:00
3803,C,5704.5,2026-01-03 15:22:00
3804,D,5706.0,2026-01-03 15:23:00
3805,A,5707.5,2026-01-03 15:24:00
3806,B,5709.0,2026-01-03 15:25:00
3807,C,5710.5,2026-01-03 15:26:00
3808,D,5712.0,2026-01-03 15:27:00
3809,A,5713.5,2026-01-03 15:28:00
3810,B,5715.0,2026-01-03 15:29:00
3811,C,5716.5,2026-01-03 15:30:00
3812,D,5718.0,2026-01-03 15:31:00
3813,A,5719.5,2026-01-03 15:32:00
3814,B,5721.0,2026-01-03 15:33:00
3815,C,5722.5,2026-01-03 15:34:00
3816,D,5724.0,2026-01-03 15:35:00
3817,A,5725.5,2026-01-03 15:36:00
3818,B,5727.0,2026-01-03 15:37:00
3819,C,5728.5,2026-01-03 15:38:00
3820,D,5730.0,2026-01-03 15:39:00
3821,A,5731.5,2026-01-03 15:40:00
3822,B,5733.0,2026-01-03 15:41:00
3823,C,5734.5,2026-01-03 15:42:00
3824,D,5736.0,2026-01-03 15:43:00
3825,A,5737.5,2026-01-03 15:44:00
3826,B,5739.0,2026-01-03 15:45:00
3827,C,5740.5,2026-01-03 15:46:00
3828,D,5742.0,2026-01-03 15:47:00
3829,A,5743.5,2026-01-03 15:48:00
3830,B,5745.0,2026-01-03 15:49:00
3831,C,5746.5,2026-01-03 15:50:00
3832,D,5748.0,2026-01-03 15:51:00
3833,A,5749.5,2026-01-03 15:52:00
3834,B,5751.0,2026-01-03 15:53:00
3835,C,5752.5,2026-01-03 15:54:00
3836,D,5754.0,2026-01-03 15:55:00
3837,A,5755.5,2026-01-03 15:56:00
3838,B,5757.0,2026-01-03 15:57:00
3839,C,5758.5,2026-01-03 15:58:00
3840,D,5760.0,2026-01-03 15:59:00
3841,A,5761.5,2026-01-03 16:00:00
3842,B,5763.0,2026-01-03 16:01:00
3843,C,5764.5,2026-01-03 16:02:00
3844,D,5766.0,2026-01-03 16:03:00
3845,A,5767.5,2026-01-03 16:04:00
3846,B,5769.0,2026-01-03 16:05:00
3847,C,5770.5,2026-01-03 16:06:00
3848,D,5772.0,2026-01-03 16:07:00
3849,A,5773.5,2026-01-03 16:08:00
3850,B,5775.0,2026-01-03 16:09:00
3851,C,5776.5,2026-01-03 16:10:00
3852,D,5778.0,2026-01-03 16:11:00
3853,A,5779.5,2026-01-03 16:12:00
3854,B,5781.0,2026-01-03 16:13:00
3855,C,5782.5,2026-01-03 16:14:00
3856,D,5784.0,2026-01-03 16:15:00
3857,A,5785.5,2026-01-03 16:16:00
3858,B,5787.0,2026-01-03 16:17:00
3859,C,5788.5,2026-01-03 16:18:00
3860,D,5790.0,2026-01-03 16:19:00
3861,A,5791.5,2026-01-03 16:20:00
3862,B,5793.0,2026-01-03 16:21:00
3863,C,5794.5,2026-01-03 16:22:00
3864,D,5796.0,2026-01-03 16:23:00
3865,A,5797.5,2026-01-03 16:24:00
3866,B,5799.0,2026-01-03 16:25:00
3867,C,5800.5,2026-01-03 16:26:00
3868,D,5802.0,2026-01-03 16:27:00
3869,A,5803.5,2026-01-03 16:28:00
3870,B,5805.0,2026-01-03 16:29:00
3871,C,5806.5,2026-01-03 16:30:00
3872,D,5808.0,2026-01-03 16:31:00
3873,A,5809.5,2026-01-03 16:32:00
3874,B,5811.0,2026-01-03 16:33:00
3875,C,5812.5,2026-01-03 16:34:00
3876,D,5814.0,2026-01-03 16:35:00
3877,A,5815.5,2026-01-03 16:36:00
3878,B,5817.0,2026-01-03 16:37:00
3879,C,5818.5,2026-01-03 16:38:00
3880,D,5820.0,2026-01-03 16:39:00
3881,A,5821.5,2026-01-03 16:40:00
3882,B,5823.0,2026-01-03 16:41:00
3883,C,5824.5,2026-01-03 16:42:00
3884,D,5826.0,2026-01-03 16:43:00
3885,A,5827.5,2026-01-03 16:44:00
3886,B,5829.0,2026-01-03 16:45:00
3887,C,5830.5,2026-01-03 16:46:00
3888,D,5832.0,2026-01-03 16:47:00
3889,A,5833.5,2026-01-03 16:48:00
3890,B,5835.0,2026-01-03 16:49:00
3891,C,5836.5,2026-01-03 16:50:00
3892,D,5838.0,2026-01-03 16:51:00
3893,A,5839.5,2026-01-03 16:52:00
3894,B,5841.0,2026-01-03 16:53:00
3895,C,5842.5,2026-01-03 16:54:00
3896,D,5844.0,2026-01-03 16:55:00
3897,A,5845.5,2026-01-03 16:56:00
3898,B,5847.0,2026-01-03 16:57:00
3899,C,5848.5,2026-01-03 16:58:00
3900,D,5850.0,2026-01-03 16:59:00
3901,A,5851.5,2026-01-03 17:00:00
3902,B,5853.0,2026-01-03 17:01:00
3903,C,5854.5,2026-01-03 17:02:00
3904,D,5856.0,2026-01-03 17:03:00
3905,A,5857.5,2026-01-03 17:04:00
3906,B,5859.0,2026-01-03 17:05:00
3907,C,5860.5,2026-01-03 17:06:00
3908,D,5862.0,2026-01-03 17:07:00
3909,A,5863.5,2026-01-03 17:08:00
3910,B,5865.0,2026-01-03 17:09:00
3911,C,5866.5,2026-01-03 17:10:00
3912,D,5868.0,2026-01-03 17:11:00
3913,A,5869.5,2026-01-03 17:12:00
3914,B,5871.0,2026-01-03 17:13:00
3915,C,5872.5,2026-01-03 17:14:00
3916,D,5874.0,2026-01-03 17:15:00
3917,A,5875.5,2026-01-03 17:16:00
3918,B,5877.0,2026-01-03 17:17:00
3919,C,5878.5,2026-01-03 17:18:00
3920,D,5880.0,2026-01-03 17:19:00
3921,A,5881.5,2026-01-03 17:20:00
3922,B,5883.0,2026-01-03 17:21:00
3923,C,5884.5,2026-01-03 17:22:00
3924,D,5886.0,2026-01-03 17:23:00
3925,A,5887.5,2026-01-03 17:24:00
3926,B,5889.0,2026-01-03 17:25:00
3927,C,5890.5,2026-01-03 17:26:00
3928,D,5892.0,2026-01-03 17:27:00
3929,A,5893.5,2026-01-03 17:28:00
3930,B,5895.0,2026-01-03 17:29:00
3931,C,5896.5,2026-01-03 17:30:00
3932,D,5898.0,2026-01-03 17:31:00
3933,A,5899.5,2026-01-03 17:32:00
3934,B,5901.0,2026-01-03 17:33:00
3935,C,5902.5,2026-01-03 17:34:00
3936,D,5904.0,2026-01-03 17:35:00
3937,A,5905.5,2026-01-03 17:36:00
3938,B,5907.0,2026-01-03 17:37:00
3939,C,5908.5,2026-01-03 17:38:00
3940,D,5910.0,2026-01-03 17:39:00
3941,A,5911.5,2026-01-03 17:40:00
3942,B,5913.0,2026-01-03 17:41:00
3943,C,5914.5,2026-01-03 17:42:00
3944,D,5916.0,2026-01-03 17:43:00
3945,A,5917.5,2026-01-03 17:44:00
3946,B,5919.0,2026-01-03 17:45:00
3947,C,5920.5,2026-01-03 17:46:00
3948,D,5922.0,2026-01-03 17:47:00
3949,A,5923.5,2026-01-03 17:48:00
3950,B,5925.0,2026-01-03 17:49:00
3951,C,5926.5,2026-01-03 17:50:00
3952,D,5928.0,2026-01-03 17:51:00
3953,A,5929.5,2026-01-03 17:52:00
3954,B,5931.0,2026-01-03 17:53:00
3955,C,5932.5,2026-01-03 17:54:00
3956,D,5934.0,2026-01-03 17:55:00
3957,A,5935.5,2026-01-03 17:56:00
3958,B,5937.0,2026-01-03 17:57:00
3959,C,5938.5,2026-01-03 17:58:00
3960,D,5940.0,2026-01-03 17:59:00
3961,A,5941.5,2026-01-03 18:00:00
3962,B,5943.0,2026-01-03 18:01:00
3963,C,5944.5,2026-01-03 18:02:00
3964,D,5946.0,2026-01-03 18:03:00
3965,A,5947.5,2026-01-03 18:04:00
3966,B,5949.0,2026-01-03 18:05:00
3967,C,5950.5,2026-01-03 18:06:00
3968,D,5952.0,2026-01-03 18:07:00
3969,A,5953.5,2026-01-03 18:08:00
3970,B,5955.0,2026-01-03 18:09:00
3971,C,5956.5,2026-01-03 18:10:00
3972,D,5958.0,2026-01-03 18:11:00
3973,A,5959.5,2026-01-03 18:12:00
3974,B,5961.0,2026-01-03 18:13:00
3975,C,5962.5,2026-01-03 18:14:00
3976,D,5964.0,2026-01-03 18:15:00
3977,A,5965.5,2026-01-03 18:16:00
3978,B,5967.0,2026-01-03 18:17:00
3979,C,5968.5,2026-01-03 18:18:00
3980,D,5970.0,2026-01-03 18:19:00
3981,A,5971.5,2026-01-03 18:20:00
3982,B,5973.0,2026-01-03 18:21:00
3983,C,5974.5,2026-01-03 18:22:00
3984,D,5976.0,2026-01-03 18:23:00
3985,A,5977.5,2026-01-03 18:24:00
3986,B,5979.0,2026-01-03 18:25:00
3987,C,5980.5,2026-01-03 18:26:00
3988,D,5982.0,2026-01-03 18:27:00
3989,A,5983.5,2026-01-03 18:28:00
3990,B,5985.0,2026-01-03 18:29:00
3991,C,5986.5,2026-01-03 18:30:00
3992,D,5988.0,2026-01-03 18:31:00
3993,A,5989.5,2026-01-03 18:32:00
3994,B,5991.0,2026-01-03 18:33:00
3995,C,5992.5,2026-01-03 18:34:00
3996,D,5994.0,2026-01-03 18:35:00
3997,A,5995.5,2026-01-03 18:36:00
3998,B,5997.0,2026-01-03 18:37:00
3999,C,5998.5,2026-01-03 18:38:00
4000,D,6000.0,2026-01-03 18:39:00
4001,A,6001.5,2026-01-03 18:40:00
4002,B,6003.0,2026-01-03 18:41:00
4003,C,6004.5,2026-01-03 18:42:00
4004,D,6006.0,2026-01-03 18:43:00
4005,A,6007.5,2026-01-03 18:44:00
4006,B,6009.0,2026-01-03 18:45:00
4007,C,6010.5,2026-01-03 18:46:00
4008,D,6012.0,2026-01-03 18:47:00
4009,A,6013.5,2026-01-03 18:48:00
4010,B,6015.0,2026-01-03 18:49:00
4011,C,6016.5,2026-01-03 18:50:00
4012,D,6018.0,2026-01-03 18:51:00
4013,A,6019.5,2026-01-03 18:52:00
4014,B,6021.0,2026-01-03 18:53:00
4015,C,6022.5,2026-01-03 18:54:00
4016,D,6024.0,2026-01-03 18:55:00
4017,A,6025.5,2026-01-03 18:56:00
4018,B,6027.0,2026-01-03 18:57:00
4019,C,6028.5,2026-01-03 18:58:00
4020,D,6030.0,2026-01-03 18:59:00
4021,A,6031.5,2026-01-03 19:00:00
4022,B,6033.0,2026-01-03 19:01:00
4023,C,6034.5,2026-01-03 19:02:00
4024,D,6036.0,2026-01-03 19:03:00
4025,A,6037.5,2026-01-03 19:04:00
4026,B,6039.0,2026-01-03 19:05:00
4027,C,6040.5,2026-01-03 19:06:00
4028,D,6042.0,2026-01-03 19:07:00
4029,A,6043.5,2026-01-03 19:08:00
4030,B,6045.0,2026-01-03 19:09:00
4031,C,6046.5,2026-01-03 19:10:00
4032,D,6048.0,2026-01-03 19:11:00
4033,A,6049.5,2026-01-03 19:12:00
4034,B,6051.0,2026-01-03 19:13:00
4035,C,6052.5,2026-01-03 19:14:00
4036,D,6054.0,2026-01-03 19:15:00
4037,A,6055.5,2026-01-03 19:16:00
4038,B,6057.0,2026-01-03 19:17:00
4039,C,6058.5,2026-01-03 19:18:00
4040,D,6060.0,2026-01-03 19:19:00
4041,A,6061.5,2026-01-03 19:20:00
4042,B,6063.0,2026-01-03 19:21:00
4043,C,6064.5,2026-01-03 19:22:00
4044,D,6066.0,2026-01-03 19:23:00
4045,A,6067.5,2026-01-03 19:24:00
4046,B,6069.0,2026-01-03 19:25:00
4047,C,6070.5,2026-01-03 19:26:00
4048,D,6072.0,2026-01-03 19:27:00
4049,A,6073.5,2026-01-03 19:28:00
4050,B,6075.0,2026-01-03 19:29:00
4051,C,6076.5,2026-01-03 19:30:00
4052,D,6078.0,2026-01-03 19:31:00
4053,A,6079.5,2026-01-03 19:32:00
4054,B,6081.0,2026-01-03 19:33:00
4055,C,6082.5,2026-01-03 19:34:00
4056,D,6084.0,2026-01-03 19:35:00
4057,A,6085.5,2026-01-03 19:36:00
4058,B,6087.0,2026-01-03 19:37:00
4059,C,6088.5,2026-01-03 19:38:00
4060,D,6090.0,2026-01-03 19:39:00
4061,A,6091.5,2026-01-03 19:40:00
4062,B,6093.0,2026-01-03 19:41:00
4063,C,6094.5,2026-01-03 19:42:00
4064,D,6096.0,2026-01-03 19:43:00
4065,A,6097.5,2026-01-03 19:44:00
4066,B,6099.0,2026-01-03 19:45:00
4067,C,6100.5,2026-01-03 19:46:00
4068,D,6102.0,2026-01-03 19:47:00
4069,A,6103.5,2026-01-03 19:48:00
4070,B,6105.0,2026-01-03 19:49:00
4071,C,6106.5,2026-01-03 19:50:00
4072,D,6108.0,2026-01-03 19:51:00
4073,A,6109.5,2026-01-03 19:52:00
4074,B,6111.0,2026-01-03 19:53:00
4075,C,6112.5,2026-01-03 19:54:00
4076,D,6114.0,2026-01-03 19:55:00
4077,A,6115.5,2026-01-03 19:56:00
4078,B,6117.0,2026-01-03 19:57:00
4079,C,6118.5,2026-01-03 19:58:00
4080,D,6120.0,2026-01-03 19:59:00
4081,A,6121.5,2026-01-03 20:00:00
4082,B,6123.0,2026-01-03 20:01:00
4083,C,6124.5,2026-01-03 20:02:00
4084,D,6126.0,2026-01-03 20:03:00
4085,A,6127.5,2026-01-03 20:04:00
4086,B,6129.0,2026-01-03 20:05:00
4087,C,6130.5,2026-01-03 20:06:00
4088,D,6132.0,2026-01-03 20:07:00
4089,A,6133.5,2026-01-03 20:08:00
4090,B,6135.0,2026-01-03 20:09:00
4091,C,6136.5,2026-01-03 20:10:00
4092,D,6138.0,2026-01-03 20:11:00
4093,A,6139.5,2026-01-03 20:12:00
4094,B,6141.0,2026-01-03 20:13:00
4095,C,6142.5,2026-01-03 20:14:00
4096,D,6144.0,2026-01-03 20:15:00
4097,A,6145.5,2026-01-03 20:16:00
4098,B,6147.0,2026-01-03 20:17:00
4099,C,6148.5,2026-01-03 20:18:00
4100,D,6150.0,2026-01-03 20:19:00
4101,A,6151.5,2026-01-03 20:20:00
4102,B,6153.0,2026-01-03 20:21:00
4103,C,6154.5,2026-01-03 20:22:00
4104,D,6156.0,2026-01-03 20:23:00
4105,A,6157.5,2026-01-03 20:24:00
4106,B,6159.0,2026-01-03 20:25:00
4107,C,6160.5,2026-01-03 20:26:00
4108,D,6162.0,2026-01-03 20:27:00
4109,A,6163.5,2026-01-03 20:28:00
4110,B,6165.0,2026-01-03 20:29:00
4111,C,6166.5,2026-01-03 20:30:00
4112,D,6168.0,2026-01-03 20:31:00
4113,A,6169.5,2026-01-03 20:32:00
4114,B,6171.0,2026-01-03 20:33:00
4115,C,6172.5,2026-01-03 20:34:00
4116,D,6174.0,2026-01-03 20:35:00
4117,A,6175.5,2026-01-03 20:36:00
4118,B,6177.0,2026-01-03 20:37:00
4119,C,6178.5,2026-01-03 20:38:00
4120,D,6180.0,2026-01-03 20:39:00
4121,A,6181.5,2026-01-03 20:40:00
4122,B,6183.0,2026-01-03 20:41:00
4123,C,6184.5,2026-01-03 20:42:00
4124,D,6186.0,2026-01-03 20:43:00
4125,A,6187.5,2026-01-03 20:44:00
4126,B,6189.0,2026-01-03 20:45:00
4127,C,6190.5,2026-01-03 20:46:00
4128,D,6192.0,2026-01-03 20:47:00
4129,A,6193.5,2026-01-03 20:48:00
4130,B,6195.0,2026-01-03 20:49:00
4131,C,6196.5,2026-01-03 20:50:00
4132,D,6198.0,2026-01-03 20:51:00
4133,A,6199.5,2026-01-03 20:52:00
4134,B,6201.0,2026-01-03 20:53:00
4135,C,6202.5,2026-01-03 20:54:00
4136,D,6204.0,2026-01-03 20:55:00
4137,A,6205.5,2026-01-03 20:56:00
4138,B,6207.0,2026-01-03 20:57:00
4139,C,6208.5,2026-01-03 20:58:00
4140,D,6210.0,2026-01-03 20:59:00
4141,A,6211.5,2026-01-03 21:00:00
4142,B,6213.0,2026-01-03 21:01:00
4143,C,6214.5,2026-01-03 21:02:00
4144,D,6216.0,2026-01-03 21:03:00
4145,A,6217.5,2026-01-03 21:04:00
4146,B,6219.0,2026-01-03 21:05:00
4147,C,6220.5,2026-01-03 21:06:00
4148,D,6222.0,2026-01-03 21:07:00
4149,A,6223.5,2026-01-03 21:08:00
4150,B,6225.0,2026-01-03 21:09:00
4151,C,6226.5,2026-01-03 21:10:00
4152,D,6228.0,2026-01-03 21:11:00
4153,A,6229.5,2026-01-03 21:12:00
4154,B,6231.0,2026-01-03 21:13:00
4155,C,6232.5,2026-01-03 21:14:00
4156,D,6234.0,2026-01-03 21:15:00
4157,A,6235.5,2026-01-03 21:16:00
4158,B,6237.0,2026-01-03 21:17:00
4159,C,6238.5,2026-01-03 21:18:00
4160,D,6240.0,2026-01-03 21:19:00
4161,A,6241.5,2026-01-03 21:20:00
4162,B,6243.0,2026-01-03 21:21:00
4163,C,6244.5,2026-01-03 21:22:00
4164,D,6246.0,2026-01-03 21:23:00
4165,A,6247.5,2026-01-03 21:24:00
4166,B,6249.0,2026-01-03 21:25:00
4167,C,6250.5,2026-01-03 21:26:00
4168,D,6252.0,2026-01-03 21:27:00
4169,A,6253.5,2026-01-03 21:28:00
4170,B,6255.0,2026-01-03 21:29:00
4171,C,6256.5,2026-01-03 21:30:00
4172,D,6258.0,2026-01-03 21:31:00
4173,A,6259.5,2026-01-03 21:32:00
4174,B,6261.0,2026-01-03 21:33:00
4175,C,6262.5,2026-01-03 21:34:00
4176,D,6264.0,2026-01-03 21:35:00
4177,A,6265.5,2026-01-03 21:36:00
4178,B,6267.0,2026-01-03 21:37:00
4179,C,6268.5,2026-01-03 21:38:00
4180,D,6270.0,2026-01-03 21:39:00
4181,A,6271.5,2026-01-03 21:40:00
4182,B,6273.0,2026-01-03 21:41:00
4183,C,6274.5,2026-01-03 21:42:00
4184,D,6276.0,2026-01-03 21:43:00
4185,A,6277.5,2026-01-03 21:44:00
4186,B,6279.0,2026-01-03 21:45:00
4187,C,6280.5,2026-01-03 21:46:00
4188,D,6282.0,2026-01-03 21:47:00
4189,A,6283.5,2026-01-03 21:48:00
4190,B,6285.0,2026-01-03 21:49:00
4191,C,6286.5,2026-01-03 21:50:00
4192,D,6288.0,2026-01-03 21:51:00
4193,A,6289.5,2026-01-03 21:52:00
4194,B,6291.0,2026-01-03 21:53:00
4195,C,6292.5,2026-01-03 21:54:00
4196,D,6294.0,2026-01-03 21:55:00
4197,A,6295.5,2026-01-03 21:56:00
4198,B,6297.0,2026-01-03 21:57:00
4199,C,6298.5,2026-01-03 21:58:00
4200,D,6300.0,2026-01-03 21:59:00
4201,A,6301.5,2026-01-03 22:00:00
4202,B,6303.0,2026-01-03 22:01:00
4203,C,6304.5,2026-01-03 22:02:00
4204,D,6306.0,2026-01-03 22:03:00
4205,A,6307.5,2026-01-03 22:04:00
4206,B,6309.0,2026-01-03 22:05:00
4207,C,6310.5,2026-01-03 22:06:00
4208,D,6312.0,2026-01-03 22:07:00
4209,A,6313.5,2026-01-03 22:08:00
4210,B,6315.0,2026-01-03 22:09:00
4211,C,6316.5,2026-01-03 22:10:00
4212,D,6318.0,2026-01-03 22:11:00
4213,A,6319.5,2026-01-03 22:12:00
4214,B,6321.0,2026-01-03 22:13:00
4215,C,6322.5,2026-01-03 22:14:00
4216,D,6324.0,2026-01-03 22:15:00
4217,A,6325.5,2026-01-03 22:16:00
4218,B,6327.0,2026-01-03 22:17:00
4219,C,6328.5,2026-01-03 22:18:00
4220,D,6330.0,2026-01-03 22:19:00
4221,A,6331.5,2026-01-03 22:20:00
4222,B,6333.0,2026-01-03 22:21:00
4223,C,6334.5,2026-01-03 22:22:00
4224,D,6336.0,2026-01-03 22:23:00
4225,A,6337.5,2026-01-03 22:24:00
4226,B,6339.0,2026-01-03 22:25:00
4227,C,6340.5,2026-01-03 22:26:00
4228,D,6342.0,2026-01-03 22:27:00
4229,A,6343.5,2026-01-03 22:28:00
4230,B,6345.0,2026-01-03 22:29:00
4231,C,6346.5,2026-01-03 22:30:00
4232,D,6348.0,2026-01-03 22:31:00
4233,A,6349.5,2026-01-03 22:32:00
4234,B,6351.0,2026-01-03 22:33:00
4235,C,6352.5,2026-01-03 22:34:00
4236,D,6354.0,2026-01-03 22:35:00
4237,A,6355.5,2026-01-03 22:36:00
4238,B,6357.0,2026-01-03 22:37:00
4239,C,6358.5,2026-01-03 22:38:00
4240,D,6360.0,2026-01-03 22:39:00
4241,A,6361.5,2026-01-03 22:40:00
4242,B,6363.0,2026-01-03 22:41:00
4243,C,6364.5,2026-01-03 22:42:00
4244,D,6366.0,2026-01-03 22:43:00
4245,A,6367.5,2026-01-03 22:44:00
4246,B,6369.0,2026-01-03 22:45:00
4247,C,6370.5,2026-01-03 22:46:00
4248,D,6372.0,2026-01-03 22:47:00
4249,A,6373.5,2026-01-03 22:48:00
4250,B,6375.0,2026-01-03 22:49:00
4251,C,6376.5,2026-01-03 22:50:00
4252,D,6378.0,2026-01-03 22:51:00
4253,A,6379.5,2026-01-03 22:52:00
4254,B,6381.0,2026-01-03 22:53:00
4255,C,6382.5,2026-01-03 22:54:00
4256,D,6384.0,2026-01-03 22:55:00
4257,A,6385.5,2026-01-03 22:56:00
4258,B,6387.0,2026-01-03 22:57:00
4259,C,6388.5,2026-01-03 22:58:00
4260,D,6390.0,2026-01-03 22:59:00
4261,A,6391.5,2026-01-03 23:00:00
4262,B,6393.0,2026-01-03 23:01:00
4263,C,6394.5,2026-01-03 23:02:00
4264,D,6396.0,2026-01-03 23:03:00
4265,A,6397.5,2026-01-03 23:04:00
4266,B,6399.0,2026-01-03 23:05:00
4267,C,6400.5,2026-01-03 23:06:00
4268,D,6402.0,2026-01-03 23:07:00
4269,A,6403.5,2026-01-03 23:08:00
4270,B,6405.0,2026-01-03 23:09:00
4271,C,6406.5,2026-01-03 23:10:00
4272,D,6408.0,2026-01-03 23:11:00
4273,A,6409.5,2026-01-03 23:12:00
4274,B,6411.0,2026-01-03 23:13:00
4275,C,6412.5,2026-01-03 23:14:00
4276,D,6414.0,2026-01-03 23:15:00
4277,A,6415.5,2026-01-03 23:16:00
4278,B,6417.0,2026-01-03 23:17:00
4279,C,6418.5,2026-01-03 23:18:00
4280,D,6420.0,2026-01-03 23:19:00
4281,A,6421.5,2026-01-03 23:20:00
4282,B,6423.0,2026-01-03 23:21:00
4283,C,6424.5,2026-01-03 23:22:00
4284,D,6426.0,2026-01-03 23:23:00
4285,A,6427.5,2026-01-03 23:24:00
4286,B,6429.0,2026-01-03 23:25:00
4287,C,6430.5,2026-01-03 23:26:00
4288,D,6432.0,2026-01-03 23:27:00
4289,A,6433.5,2026-01-03 23:28:00
4290,B,6435.0,2026-01-03 23:29:00
4291,C,6436.5,2026-01-03 23:30:00
4292,D,6438.0,2026-01-03 23:31:00
4293,A,6439.5,2026-01-03 23:32:00
4294,B,6441.0,2026-01-03 23:33:00
4295,C,6442.5,2026-01-03 23:34:00
4296,D,6444.0,2026-01-03 23:35:00
4297,A,6445.5,2026-01-03 23:36:00
4298,B,6447.0,2026-01-03 23:37:00
4299,C,6448.5,2026-01-03 23:38:00
4300,D,6450.0,2026-01-03 23:39:00
4301,A,6451.5,2026-01-03 23:40:00
4302,B,6453.0,2026-01-03 23:41:00
4303,C,6454.5,2026-01-03 23:42:00
4304,D,6456.0,2026-01-03 23:43:00
4305,A,6457.5,2026-01-03 23:44:00
4306,B,6459.0,2026-01-03 23:45:00
4307,C,6460.5,2026-01-03 23:46:00
4308,D,6462.0,2026-01-03 23:47:00
4309,A,6463.5,2026-01-03 23:48:00
4310,B,6465.0,2026-01-03 23:49:00
4311,C,6466.5,2026-01-03 23:50:00
4312,D,6468.0,2026-01-03 23:51:00
4313,A,6469.5,2026-01-03 23:52:00
4314,B,6471.0,2026-01-03 23:53:00
4315,C,6472.5,2026-01-03 23:54:00
4316,D,6474.0,2026-01-03 23:55:00
4317,A,6475.5,2026-01-03 23:56:00
4318,B,6477.0,2026-01-03 23:57:00
4319,C,6478.5,2026-01-03 23:58:00
4320,D,6480.0,2026-01-03 23:59:00
4321,A,6481.5,2026-01-04 00:00:00
4322,B,6483.0,2026-01-04 00:01:00
4323,C,6484.5,2026-01-04 00:02:00
4324,D,6486.0,2026-01-04 00:03:00
4325,A,6487.5,2026-01-04 00:04:00
4326,B,6489.0,2026-01-04 00:05:00
4327,C,6490.5,2026-01-04 00:06:00
4328,D,6492.0,2026-01-04 00:07:00
4329,A,6493.5,2026-01-04 00:08:00
4330,B,6495.0,2026-01-04 00:09:00
4331,C,6496.5,2026-01-04 00:10:00
4332,D,6498.0,2026-01-04 00:11:00
4333,A,6499.5,2026-01-04 00:12:00
4334,B,6501.0,2026-01-04 00:13:00
4335,C,6502.5,2026-01-04 00:14:00
4336,D,6504.0,2026-01-04 00:15:00
4337,A,6505.5,2026-01-04 00:16:00
4338,B,6507.0,2026-01-04 00:17:00
4339,C,6508.5,2026-01-04 00:18:00
4340,D,6510.0,2026-01-04 00:19:00
4341,A,6511.5,2026-01-04 00:20:00
4342,B,6513.0,2026-01-04 00:21:00
4343,C,6514.5,2026-01-04 00:22:00
4344,D,6516.0,2026-01-04 00:23:00
4345,A,6517.5,2026-01-04 00:24:00
4346,B,6519.0,2026-01-04 00:25:00
4347,C,6520.5,2026-01-04 00:26:00
4348,D,6522.0,2026-01-04 00:27:00
4349,A,6523.5,2026-01-04 00:28:00
4350,B,6525.0,2026-01-04 00:29:00
4351,C,6526.5,2026-01-04 00:30:00
4352,D,6528.0,2026-01-04 00:31:00
4353,A,6529.5,2026-01-04 00:32:00
4354,B,6531.0,2026-01-04 00:33:00
4355,C,6532.5,2026-01-04 00:34:00
4356,D,6534.0,2026-01-04 00:35:00
4357,A,6535.5,2026-01-04 00:36:00
4358,B,6537.0,2026-01-04 00:37:00
4359,C,6538.5,2026-01-04 00:38:00
4360,D,6540.0,2026-01-04 00:39:00
4361,A,6541.5,2026-01-04 00:40:00
4362,B,6543.0,2026-01-04 00:41:00
4363,C,6544.5,2026-01-04 00:42:00
4364,D,6546.0,2026-01-04 00:43:00
4365,A,6547.5,2026-01-04 00:44:00
4366,B,6549.0,2026-01-04 00:45:00
4367,C,6550.5,2026-01-04 00:46:00
4368,D,6552.0,2026-01-04 00:47:00
4369,A,6553.5,2026-01-04 00:48:00
4370,B,6555.0,2026-01-04 00:49:00
4371,C,6556.5,2026-01-04 00:50:00
4372,D,6558.0,2026-01-04 00:51:00
4373,A,6559.5,2026-01-04 00:52:00
4374,B,6561.0,2026-01-04 00:53:00
4375,C,6562.5,2026-01-04 00:54:00
4376,D,6564.0,2026-01-04 00:55:00
4377,A,6565.5,2026-01-04 00:56:00
4378,B,6567.0,2026-01-04 00:57:00
4379,C,6568.5,2026-01-04 00:58:00
4380,D,6570.0,2026-01-04 00:59:00
4381,A,6571.5,2026-01-04 01:00:00
4382,B,6573.0,2026-01-04 01:01:00
4383,C,6574.5,2026-01-04 01:02:00
4384,D,6576.0,2026-01-04 01:03:00
4385,A,6577.5,2026-01-04 01:04:00
4386,B,6579.0,2026-01-04 01:05:00
4387,C,6580.5,2026-01-04 01:06:00
4388,D,6582.0,2026-01-04 01:07:00
4389,A,6583.5,2026-01-04 01:08:00
4390,B,6585.0,2026-01-04 01:09:00
4391,C,6586.5,2026-01-04 01:10:00
4392,D,6588.0,2026-01-04 01:11:00
4393,A,6589.5,2026-01-04 01:12:00
4394,B,6591.0,2026-01-04 01:13:00
4395,C,6592.5,2026-01-04 01:14:00
4396,D,6594.0,2026-01-04 01:15:00
4397,A,6595.5,2026-01-04 01:16:00
4398,B,6597.0,2026-01-04 01:17:00
4399,C,6598.5,2026-01-04 01:18:00
4400,D,6600.0,2026-01-04 01:19:00
4401,A,6601.5,2026-01-04 01:20:00
4402,B,6603.0,2026-01-04 01:21:00
4403,C,6604.5,2026-01-04 01:22:00
4404,D,6606.0,2026-01-04 01:23:00
4405,A,6607.5,2026-01-04 01:24:00
4406,B,6609.0,2026-01-04 01:25:00
4407,C,6610.5,2026-01-04 01:26:00
4408,D,6612.0,2026-01-04 01:27:00
4409,A,6613.5,2026-01-04 01:28:00
4410,B,6615.0,2026-01-04 01:29:00
4411,C,6616.5,2026-01-04 01:30:00
4412,D,6618.0,2026-01-04 01:31:00
4413,A,6619.5,2026-01-04 01:32:00
4414,B,6621.0,2026-01-04 01:33:00
4415,C,6622.5,2026-01-04 01:34:00
4416,D,6624.0,2026-01-04 01:35:00
4417,A,6625.5,2026-01-04 01:36:00
4418,B,6627.0,2026-01-04 01:37:00
4419,C,6628.5,2026-01-04 01:38:00
4420,D,6630.0,2026-01-04 01:39:00
4421,A,6631.5,2026-01-04 01:40:00
4422,B,6633.0,2026-01-04 01:41:00
4423,C,6634.5,2026-01-04 01:42:00
4424,D,6636.0,2026-01-04 01:43:00
4425,A,6637.5,2026-01-04 01:44:00
4426,B,6639.0,2026-01-04 01:45:00
4427,C,6640.5,2026-01-04 01:46:00
4428,D,6642.0,2026-01-04 01:47:00
4429,A,6643.5,2026-01-04 01:48:00
4430,B,6645.0,2026-01-04 01:49:00
4431,C,6646.5,2026-01-04 01:50:00
4432,D,6648.0,2026-01-04 01:51:00
4433,A,6649.5,2026-01-04 01:52:00
4434,B,6651.0,2026-01-04 01:53:00
4435,C,6652.5,2026-01-04 01:54:00
4436,D,6654.0,2026-01-04 01:55:00
4437,A,6655.5,2026-01-04 01:56:00
4438,B,6657.0,2026-01-04 01:57:00
4439,C,6658.5,2026-01-04 01:58:00
4440,D,6660.0,2026-01-04 01:59:00
4441,A,6661.5,2026-01-04 02:00:00
4442,B,6663.0,2026-01-04 02:01:00
4443,C,6664.5,2026-01-04 02:02:00
4444,D,6666.0,2026-01-04 02:03:00
4445,A,6667.5,2026-01-04 02:04:00
4446,B,6669.0,2026-01-04 02:05:00
4447,C,6670.5,2026-01-04 02:06:00
4448,D,6672.0,2026-01-04 02:07:00
4449,A,6673.5,2026-01-04 02:08:00
4450,B,6675.0,2026-01-04 02:09:00
4451,C,6676.5,2026-01-04 02:10:00
4452,D,6678.0,2026-01-04 02:11:00
4453,A,6679.5,2026-01-04 02:12:00
4454,B,6681.0,2026-01-04 02:13:00
4455,C,6682.5,2026-01-04 02:14:00
4456,D,6684.0,2026-01-04 02:15:00
4457,A,6685.5,2026-01-04 02:16:00
4458,B,6687.0,2026-01-04 02:17:00
4459,C,6688.5,2026-01-04 02:18:00
4460,D,6690.0,2026-01-04 02:19:00
4461,A,6691.5,2026-01-04 02:20:00
4462,B,6693.0,2026-01-04 02:21:00
4463,C,6694.5,2026-01-04 02:22:00
4464,D,6696.0,2026-01-04 02:23:00
4465,A,6697.5,2026-01-04 02:24:00
4466,B,6699.0,2026-01-04 02:25:00
4467,C,6700.5,2026-01-04 02:26:00
4468,D,6702.0,2026-01-04 02:27:00
4469,A,6703.5,2026-01-04 02:28:00
4470,B,6705.0,2026-01-04 02:29:00
4471,C,6706.5,2026-01-04 02:30:00
4472,D,6708.0,2026-01-04 02:31:00
4473,A,6709.5,2026-01-04 02:32:00
4474,B,6711.0,2026-01-04 02:33:00
4475,C,6712.5,2026-01-04 02:34:00
4476,D,6714.0,2026-01-04 02:35:00
4477,A,6715.5,2026-01-04 02:36:00
4478,B,6717.0,2026-01-04 02:37:00
4479,C,6718.5,2026-01-04 02:38:00
4480,D,6720.0,2026-01-04 02:39:00
4481,A,6721.5,2026-01-04 02:40:00
4482,B,6723.0,2026-01-04 02:41:00
4483,C,6724.5,2026-01-04 02:42:00
4484,D,6726.0,2026-01-04 02:43:00
4485,A,6727.5,2026-01-04 02:44:00
4486,B,6729.0,2026-01-04 02:45:00
4487,C,6730.5,2026-01-04 02:46:00
4488,D,6732.0,2026-01-04 02:47:00
4489,A,6733.5,2026-01-04 02:48:00
4490,B,6735.0,2026-01-04 02:49:00
4491,C,6736.5,2026-01-04 02:50:00
4492,D,6738.0,2026-01-04 02:51:00
4493,A,6739.5,2026-01-04 02:52:00
4494,B,6741.0,2026-01-04 02:53:00
4495,C,6742.5,2026-01-04 02:54:00
4496,D,6744.0,2026-01-04 02:55:00
4497,A,6745.5,2026-01-04 02:56:00
4498,B,6747.0,2026-01-04 02:57:00
4499,C,6748.5,2026-01-04 02:58:00
4500,D,6750.0,2026-01-04 02:59:00
4501,A,6751.5,2026-01-04 03:00:00
4502,B,6753.0,2026-01-04 03:01:00
4503,C,6754.5,2026-01-04 03:02:00
4504,D,6756.0,2026-01-04 03:03:00
4505,A,6757.5,2026-01-04 03:04:00
4506,B,6759.0,2026-01-04 03:05:00
4507,C,6760.5,2026-01-04 03:06:00
4508,D,6762.0,2026-01-04 03:07:00
4509,A,6763.5,2026-01-04 03:08:00
4510,B,6765.0,2026-01-04 03:09:00
4511,C,6766.5,2026-01-04 03:10:00
4512,D,6768.0,2026-01-04 03:11:00
4513,A,6769.5,2026-01-04 03:12:00
4514,B,6771.0,2026-01-04 03:13:00
4515,C,6772.5,2026-01-04 03:14:00
4516,D,6774.0,2026-01-04 03:15:00
4517,A,6775.5,2026-01-04 03:16:00
4518,B,6777.0,2026-01-04 03:17:00
4519,C,6778.5,2026-01-04 03:18:00
4520,D,6780.0,2026-01-04 03:19:00
4521,A,6781.5,2026-01-04 03:20:00
4522,B,6783.0,2026-01-04 03:21:00
4523,C,6784.5,2026-01-04 03:22:00
4524,D,6786.0,2026-01-04 03:23:00
4525,A,6787.5,2026-01-04 03:24:00
4526,B,6789.0,2026-01-04 03:25:00
4527,C,6790.5,2026-01-04 03:26:00
4528,D,6792.0,2026-01-04 03:27:00
4529,A,6793.5,2026-01-04 03:28:00
4530,B,6795.0,2026-01-04 03:29:00
4531,C,6796.5,2026-01-04 03:30:00
4532,D,6798.0,2026-01-04 03:31:00
4533,A,6799.5,2026-01-04 03:32:00
4534,B,6801.0,2026-01-04 03:33:00
4535,C,6802.5,2026-01-04 03:34:00
4536,D,6804.0,2026-01-04 03:35:00
4537,A,6805.5,2026-01-04 03:36:00
4538,B,6807.0,2026-01-04 03:37:00
4539,C,6808.5,2026-01-04 03:38:00
4540,D,6810.0,2026-01-04 03:39:00
4541,A,6811.5,2026-01-04 03:40:00
4542,B,6813.0,2026-01-04 03:41:00
4543,C,6814.5,2026-01-04 03:42:00
4544,D,6816.0,2026-01-04 03:43:00
4545,A,6817.5,2026-01-04 03:44:00
4546,B,6819.0,2026-01-04 03:45:00
4547,C,6820.5,2026-01-04 03:46:00
4548,D,6822.0,2026-01-04 03:47:00
4549,A,6823.5,2026-01-04 03:48:00
4550,B,6825.0,2026-01-04 03:49:00
4551,C,6826.5,2026-01-04 03:50:00
4552,D,6828.0,2026-01-04 03:51:00
4553,A,6829.5,2026-01-04 03:52:00
4554,B,6831.0,2026-01-04 03:53:00
4555,C,6832.5,2026-01-04 03:54:00
4556,D,6834.0,2026-01-04 03:55:00
4557,A,6835.5,2026-01-04 03:56:00
4558,B,6837.0,2026-01-04 03:57:00
4559,C,6838.5,2026-01-04 03:58:00
4560,D,6840.0,2026-01-04 03:59:00
4561,A,6841.5,2026-01-04 04:00:00
4562,B,6843.0,2026-01-04 04:01:00
4563,C,6844.5,2026-01-04 04:02:00
4564,D,6846.0,2026-01-04 04:03:00
4565,A,6847.5,2026-01-04 04:04:00
4566,B,6849.0,2026-01-04 04:05:00
4567,C,6850.5,2026-01-04 04:06:00
4568,D,6852.0,2026-01-04 04:07:00
4569,A,6853.5,2026-01-04 04:08:00
4570,B,6855.0,2026-01-04 04:09:00
4571,C,6856.5,2026-01-04 04:10:00
4572,D,6858.0,2026-01-04 04:11:00
4573,A,6859.5,2026-01-04 04:12:00
4574,B,6861.0,2026-01-04 04:13:00
4575,C,6862.5,2026-01-04 04:14:00
4576,D,6864.0,2026-01-04 04:15:00
4577,A,6865.5,2026-01-04 04:16:00
4578,B,6867.0,2026-01-04 04:17:00
4579,C,6868.5,2026-01-04 04:18:00
4580,D,6870.0,2026-01-04 04:19:00
4581,A,6871.5,2026-01-04 04:20:00
4582,B,6873.0,2026-01-04 04:21:00
4583,C,6874.5,2026-01-04 04:22:00
4584,D,6876.0,2026-01-04 04:23:00
4585,A,6877.5,2026-01-04 04:24:00
4586,B,6879.0,2026-01-04 04:25:00
4587,C,6880.5,2026-01-04 04:26:00
4588,D,6882.0,2026-01-04 04:27:00
4589,A,6883.5,2026-01-04 04:28:00
4590,B,6885.0,2026-01-04 04:29:00
4591,C,6886.5,2026-01-04 04:30:00
4592,D,6888.0,2026-01-04 04:31:00
4593,A,6889.5,2026-01-04 04:32:00
4594,B,6891.0,2026-01-04 04:33:00
4595,C,6892.5,2026-01-04 04:34:00
4596,D,6894.0,2026-01-04 04:35:00
4597,A,6895.5,2026-01-04 04:36:00
4598,B,6897.0,2026-01-04 04:37:00
4599,C,6898.5,2026-01-04 04:38:00
4600,D,6900.0,2026-01-04 04:39:00
4601,A,6901.5,2026-01-04 04:40:00
4602,B,6903.0,2026-01-04 04:41:00
4603,C,6904.5,2026-01-04 04:42:00
4604,D,6906.0,2026-01-04 04:43:00
4605,A,6907.5,2026-01-04 04:44:00
4606,B,6909.0,2026-01-04 04:45:00
4607,C,6910.5,2026-01-04 04:46:00
4608,D,6912.0,2026-01-04 04:47:00
4609,A,6913.5,2026-01-04 04:48:00
4610,B,6915.0,2026-01-04 04:49:00
4611,C,6916.5,2026-01-04 04:50:00
4612,D,6918.0,2026-01-04 04:51:00
4613,A,6919.5,2026-01-04 04:52:00
4614,B,6921.0,2026-01-04 04:53:00
4615,C,6922.5,2026-01-04 04:54:00
4616,D,6924.0,2026-01-04 04:55:00
4617,A,6925.5,2026-01-04 04:56:00
4618,B,6927.0,2026-01-04 04:57:00
4619,C,6928.5,2026-01-04 04:58:00
4620,D,6930.0,2026-01-04 04:59:00
4621,A,6931.5,2026-01-04 05:00:00
4622,B,6933.0,2026-01-04 05:01:00
4623,C,6934.5,2026-01-04 05:02:00
4624,D,6936.0,2026-01-04 05:03:00
4625,A,6937.5,2026-01-04 05:04:00
4626,B,6939.0,2026-01-04 05:05:00
4627,C,6940.5,2026-01-04 05:06:00
4628,D,6942.0,2026-01-04 05:07:00
4629,A,6943.5,2026-01-04 05:08:00
4630,B,6945.0,2026-01-04 05:09:00
4631,C,6946.5,2026-01-04 05:10:00
4632,D,6948.0,2026-01-04 05:11:00
4633,A,6949.5,2026-01-04 05:12:00
4634,B,6951.0,2026-01-04 05:13:00
4635,C,6952.5,2026-01-04 05:14:00
4636,D,6954.0,2026-01-04 05:15:00
4637,A,6955.5,2026-01-04 05:16:00
4638,B,6957.0,2026-01-04 05:17:00
4639,C,6958.5,2026-01-04 05:18:00
4640,D,6960.0,2026-01-04 05:19:00
4641,A,6961.5,2026-01-04 05:20:00
4642,B,6963.0,2026-01-04 05:21:00
4643,C,6964.5,2026-01-04 05:22:00
4644,D,6966.0,2026-01-04 05:23:00
4645,A,6967.5,2026-01-04 05:24:00
4646,B,6969.0,2026-01-04 05:25:00
4647,C,6970.5,2026-01-04 05:26:00
4648,D,6972.0,2026-01-04 05:27:00
4649,A,6973.5,2026-01-04 05:28:00
4650,B,6975.0,2026-01-04 05:29:00
4651,C,6976.5,2026-01-04 05:30:00
4652,D,6978.0,2026-01-04 05:31:00
4653,A,6979.5,2026-01-04 05:32:00
4654,B,6981.0,2026-01-04 05:33:00
4655,C,6982.5,2026-01-04 05:34:00
4656,D,6984.0,2026-01-04 05:35:00
4657,A,6985.5,2026-01-04 05:36:00
4658,B,6987.0,2026-01-04 05:37:00
4659,C,6988.5,2026-01-04 05:38:00
4660,D,6990.0,2026-01-04 05:39:00
4661,A,6991.5,2026-01-04 05:40:00
4662,B,6993.0,2026-01-04 05:41:00
4663,C,6994.5,2026-01-04 05:42:00
4664,D,6996.0,2026-01-04 05:43:00
4665,A,6997.5,2026-01-04 05:44:00
4666,B,6999.0,2026-01-04 05:45:00
4667,C,7000.5,2026-01-04 05:46:00
4668,D,7002.0,2026-01-04 05:47:00
4669,A,7003.5,2026-01-04 05:48:00
4670,B,7005.0,2026-01-04 05:49:00
4671,C,7006.5,2026-01-04 05:50:00
4672,D,7008.0,2026-01-04 05:51:00
4673,A,7009.5,2026-01-04 05:52:00
4674,B,7011.0,2026-01-04 05:53:00
4675,C,7012.5,2026-01-04 05:54:00
4676,D,7014.0,2026-01-04 05:55:00
4677,A,7015.5,2026-01-04 05:56:00
4678,B,7017.0,2026-01-04 05:57:00
4679,C,7018.5,2026-01-04 05:58:00
4680,D,7020.0,2026-01-04 05:59:00
4681,A,7021.5,2026-01-04 06:00:00
4682,B,7023.0,2026-01-04 06:01:00
4683,C,7024.5,2026-01-04 06:02:00
4684,D,7026.0,2026-01-04 06:03:00
4685,A,7027.5,2026-01-04 06:04:00
4686,B,7029.0,2026-01-04 06:05:00
4687,C,7030.5,2026-01-04 06:06:00
4688,D,7032.0,2026-01-04 06:07:00
4689,A,7033.5,2026-01-04 06:08:00
4690,B,7035.0,2026-01-04 06:09:00
4691,C,7036.5,2026-01-04 06:10:00
4692,D,7038.0,2026-01-04 06:11:00
4693,A,7039.5,2026-01-04 06:12:00
4694,B,7041.0,2026-01-04 06:13:00
4695,C,7042.5,2026-01-04 06:14:00
4696,D,7044.0,2026-01-04 06:15:00
4697,A,7045.5,2026-01-04 06:16:00
4698,B,7047.0,2026-01-04 06:17:00
4699,C,7048.5,2026-01-04 06:18:00
4700,D,7050.0,2026-01-04 06:19:00
4701,A,7051.5,2026-01-04 06:20:00
4702,B,7053.0,2026-01-04 06:21:00
4703,C,7054.5,2026-01-04 06:22:00
4704,D,7056.0,2026-01-04 06:23:00
4705,A,7057.5,2026-01-04 06:24:00
4706,B,7059.0,2026-01-04 06:25:00
4707,C,7060.5,2026-01-04 06:26:00
4708,D,7062.0,2026-01-04 06:27:00
4709,A,7063.5,2026-01-04 06:28:00
4710,B,7065.0,2026-01-04 06:29:00
4711,C,7066.5,2026-01-04 06:30:00
4712,D,7068.0,2026-01-04 06:31:00
4713,A,7069.5,2026-01-04 06:32:00
4714,B,7071.0,2026-01-04 06:33:00
4715,C,7072.5,2026-01-04 06:34:00
4716,D,7074.0,2026-01-04 06:35:00
4717,A,7075.5,2026-01-04 06:36:00
4718,B,7077.0,2026-01-04 06:37:00
4719,C,7078.5,2026-01-04 06:38:00
4720,D,7080.0,2026-01-04 06:39:00
4721,A,7081.5,2026-01-04 06:40:00
4722,B,7083.0,2026-01-04 06:41:00
4723,C,7084.5,2026-01-04 06:42:00
4724,D,7086.0,2026-01-04 06:43:00
4725,A,7087.5,2026-01-04 06:44:00
4726,B,7089.0,2026-01-04 06:45:00
4727,C,7090.5,2026-01-04 06:46:00
4728,D,7092.0,2026-01-04 06:47:00
4729,A,7093.5,2026-01-04 06:48:00
4730,B,7095.0,2026-01-04 06:49:00
4731,C,7096.5,2026-01-04 06:50:00
4732,D,7098.0,2026-01-04 06:51:00
4733,A,7099.5,2026-01-04 06:52:00
4734,B,7101.0,2026-01-04 06:53:00
4735,C,7102.5,2026-01-04 06:54:00
4736,D,7104.0,2026-01-04 06:55:00
4737,A,7105.5,2026-01-04 06:56:00
4738,B,7107.0,2026-01-04 06:57:00
4739,C,7108.5,2026-01-04 06:58:00
4740,D,7110.0,2026-01-04 06:59:00
4741,A,7111.5,2026-01-04 07:00:00
4742,B,7113.0,2026-01-04 07:01:00
4743,C,7114.5,2026-01-04 07:02:00
4744,D,7116.0,2026-01-04 07:03:00
4745,A,7117.5,2026-01-04 07:04:00
4746,B,7119.0,2026-01-04 07:05:00
4747,C,7120.5,2026-01-04 07:06:00
4748,D,7122.0,2026-01-04 07:07:00
4749,A,7123.5,2026-01-04 07:08:00
4750,B,7125.0,2026-01-04 07:09:00
4751,C,7126.5,2026-01-04 07:10:00
4752,D,7128.0,2026-01-04 07:11:00
4753,A,7129.5,2026-01-04 07:12:00
4754,B,7131.0,2026-01-04 07:13:00
4755,C,7132.5,2026-01-04 07:14:00
4756,D,7134.0,2026-01-04 07:15:00
4757,A,7135.5,2026-01-04 07:16:00
4758,B,7137.0,2026-01-04 07:17:00
4759,C,7138.5,2026-01-04 07:18:00
4760,D,7140.0,2026-01-04 07:19:00
4761,A,7141.5,2026-01-04 07:20:00
4762,B,7143.0,2026-01-04 07:21:00
4763,C,7144.5,2026-01-04 07:22:00
4764,D,7146.0,2026-01-04 07:23:00
4765,A,7147.5,2026-01-04 07:24:00
4766,B,7149.0,2026-01-04 07:25:00
4767,C,7150.5,2026-01-04 07:26:00
4768,D,7152.0,2026-01-04 07:27:00
4769,A,7153.5,2026-01-04 07:28:00
4770,B,7155.0,2026-01-04 07:29:00
4771,C,7156.5,2026-01-04 07:30:00
4772,D,7158.0,2026-01-04 07:31:00
4773,A,7159.5,2026-01-04 07:32:00
4774,B,7161.0,2026-01-04 07:33:00
4775,C,7162.5,2026-01-04 07:34:00
4776,D,7164.0,2026-01-04 07:35:00
4777,A,7165.5,2026-01-04 07:36:00
4778,B,7167.0,2026-01-04 07:37:00
4779,C,7168.5,2026-01-04 07:38:00
4780,D,7170.0,2026-01-04 07:39:00
4781,A,7171.5,2026-01-04 07:40:00
4782,B,7173.0,2026-01-04 07:41:00
4783,C,7174.5,2026-01-04 07:42:00
4784,D,7176.0,2026-01-04 07:43:00
4785,A,7177.5,2026-01-04 07:44:00
4786,B,7179.0,2026-01-04 07:45:00
4787,C,7180.5,2026-01-04 07:46:00
4788,D,7182.0,2026-01-04 07:47:00
4789,A,7183.5,2026-01-04 07:48:00
4790,B,7185.0,2026-01-04 07:49:00
4791,C,7186.5,2026-01-04 07:50:00
4792,D,7188.0,2026-01-04 07:51:00
4793,A,7189.5,2026-01-04 07:52:00
4794,B,7191.0,2026-01-04 07:53:00
4795,C,7192.5,2026-01-04 07:54:00
4796,D,7194.0,2026-01-04 07:55:00
4797,A,7195.5,2026-01-04 07:56:00
4798,B,7197.0,2026-01-04 07:57:00
4799,C,7198.5,2026-01-04 07:58:00
4800,D,7200.0,2026-01-04 07:59:00
4801,A,7201.5,2026-01-04 08:00:00
4802,B,7203.0,2026-01-04 08:01:00
4803,C,7204.5,2026-01-04 08:02:00
4804,D,7206.0,2026-01-04 08:03:00
4805,A,7207.5,2026-01-04 08:04:00
4806,B,7209.0,2026-01-04 08:05:00
4807,C,7210.5,2026-01-04 08:06:00
4808,D,7212.0,2026-01-04 08:07:00
4809,A,7213.5,2026-01-04 08:08:00
4810,B,7215.0,2026-01-04 08:09:00
4811,C,7216.5,2026-01-04 08:10:00
4812,D,7218.0,2026-01-04 08:11:00
4813,A,7219.5,2026-01-04 08:12:00
4814,B,7221.0,2026-01-04 08:13:00
4815,C,7222.5,2026-01-04 08:14:00
4816,D,7224.0,2026-01-04 08:15:00
4817,A,7225.5,2026-01-04 08:16:00
4818,B,7227.0,2026-01-04 08:17:00
4819,C,7228.5,2026-01-04 08:18:00
4820,D,7230.0,2026-01-04 08:19:00
4821,A,7231.5,2026-01-04 08:20:00
4822,B,7233.0,2026-01-04 08:21:00
4823,C,7234.5,2026-01-04 08:22:00
4824,D,7236.0,2026-01-04 08:23:00
4825,A,7237.5,2026-01-04 08:24:00
4826,B,7239.0,2026-01-04 08:25:00
4827,C,7240.5,2026-01-04 08:26:00
4828,D,7242.0,2026-01-04 08:27:00
4829,A,7243.5,2026-01-04 08:28:00
4830,B,7245.0,2026-01-04 08:29:00
4831,C,7246.5,2026-01-04 08:30:00
4832,D,7248.0,2026-01-04 08:31:00
4833,A,7249.5,2026-01-04 08:32:00
4834,B,7251.0,2026-01-04 08:33:00
4835,C,7252.5,2026-01-04 08:34:00
4836,D,7254.0,2026-01-04 08:35:00
4837,A,7255.5,2026-01-04 08:36:00
4838,B,7257.0,2026-01-04 08:37:00
4839,C,7258.5,2026-01-04 08:38:00
4840,D,7260.0,2026-01-04 08:39:00
4841,A,7261.5,2026-01-04 08:40:00
4842,B,7263.0,2026-01-04 08:41:00
4843,C,7264.5,2026-01-04 08:42:00
4844,D,7266.0,2026-01-04 08:43:00
4845,A,7267.5,2026-01-04 08:44:00
4846,B,7269.0,2026-01-04 08:45:00
4847,C,7270.5,2026-01-04 08:46:00
4848,D,7272.0,2026-01-04 08:47:00
4849,A,7273.5,2026-01-04 08:48:00
4850,B,7275.0,2026-01-04 08:49:00
4851,C,7276.5,2026-01-04 08:50:00
4852,D,7278.0,2026-01-04 08:51:00
4853,A,7279.5,2026-01-04 08:52:00
4854,B,7281.0,2026-01-04 08:53:00
4855,C,7282.5,2026-01-04 08:54:00
4856,D,7284.0,2026-01-04 08:55:00
4857,A,7285.5,2026-01-04 08:56:00
4858,B,7287.0,2026-01-04 08:57:00
4859,C,7288.5,2026-01-04 08:58:00
4860,D,7290.0,2026-01-04 08:59:00
4861,A,7291.5,2026-01-04 09:00:00
4862,B,7293.0,2026-01-04 09:01:00
4863,C,7294.5,2026-01-04 09:02:00
4864,D,7296.0,2026-01-04 09:03:00
4865,A,7297.5,2026-01-04 09:04:00
4866,B,7299.0,2026-01-04 09:05:00
4867,C,7300.5,2026-01-04 09:06:00
4868,D,7302.0,2026-01-04 09:07:00
4869,A,7303.5,2026-01-04 09:08:00
4870,B,7305.0,2026-01-04 09:09:00
4871,C,7306.5,2026-01-04 09:10:00
4872,D,7308.0,2026-01-04 09:11:00
4873,A,7309.5,2026-01-04 09:12:00
4874,B,7311.0,2026-01-04 09:13:00
4875,C,7312.5,2026-01-04 09:14:00
4876,D,7314.0,2026-01-04 09:15:00
4877,A,7315.5,2026-01-04 09:16:00
4878,B,7317.0,2026-01-04 09:17:00
4879,C,7318.5,2026-01-04 09:18:00
4880,D,7320.0,2026-01-04 09:19:00
4881,A,7321.5,2026-01-04 09:20:00
4882,B,7323.0,2026-01-04 09:21:00
4883,C,7324.5,2026-01-04 09:22:00
4884,D,7326.0,2026-01-04 09:23:00
4885,A,7327.5,2026-01-04 09:24:00
4886,B,7329.0,2026-01-04 09:25:00
4887,C,7330.5,2026-01-04 09:26:00
4888,D,7332.0,2026-01-04 09:27:00
4889,A,7333.5,2026-01-04 09:28:00
4890,B,7335.0,2026-01-04 09:29:00
4891,C,7336.5,2026-01-04 09:30:00
4892,D,7338.0,2026-01-04 09:31:00
4893,A,7339.5,2026-01-04 09:32:00
4894,B,7341.0,2026-01-04 09:33:00
4895,C,7342.5,2026-01-04 09:34:00
4896,D,7344.0,2026-01-04 09:35:00
4897,A,7345.5,2026-01-04 09:36:00
4898,B,7347.0,2026-01-04 09:37:00
4899,C,7348.5,2026-01-04 09:38:00
4900,D,7350.0,2026-01-04 09:39:00
4901,A,7351.5,2026-01-04 09:40:00
4902,B,7353.0,2026-01-04 09:41:00
4903,C,7354.5,2026-01-04 09:42:00
4904,D,7356.0,2026-01-04 09:43:00
4905,A,7357.5,2026-01-04 09:44:00
4906,B,7359.0,2026-01-04 09:45:00
4907,C,7360.5,2026-01-04 09:46:00
4908,D,7362.0,2026-01-04 09:47:00
4909,A,7363.5,2026-01-04 09:48:00
4910,B,7365.0,2026-01-04 09:49:00
4911,C,7366.5,2026-01-04 09:50:00
4912,D,7368.0,2026-01-04 09:51:00
4913,A,7369.5,2026-01-04 09:52:00
4914,B,7371.0,2026-01-04 09:53:00
4915,C,7372.5,2026-01-04 09:54:00
4916,D,7374.0,2026-01-04 09:55:00
4917,A,7375.5,2026-01-04 09:56:00
4918,B,7377.0,2026-01-04 09:57:00
4919,C,7378.5,2026-01-04 09:58:00
4920,D,7380.0,2026-01-04 09:59:00
4921,A,7381.5,2026-01-04 10:00:00
4922,B,7383.0,2026-01-04 10:01:00
4923,C,7384.5,2026-01-04 10:02:00
4924,D,7386.0,2026-01-04 10:03:00
4925,A,7387.5,2026-01-04 10:04:00
4926,B,7389.0,2026-01-04 10:05:00
4927,C,7390.5,2026-01-04 10:06:00
4928,D,7392.0,2026-01-04 10:07:00
4929,A,7393.5,2026-01-04 10:08:00
4930,B,7395.0,2026-01-04 10:09:00
4931,C,7396.5,2026-01-04 10:10:00
4932,D,7398.0,2026-01-04 10:11:00
4933,A,7399.5,2026-01-04 10:12:00
4934,B,7401.0,2026-01-04 10:13:00
4935,C,7402.5,2026-01-04 10:14:00
4936,D,7404.0,2026-01-04 10:15:00
4937,A,7405.5,2026-01-04 10:16:00
4938,B,7407.0,2026-01-04 10:17:00
4939,C,7408.5,2026-01-04 10:18:00
4940,D,7410.0,2026-01-04 10:19:00
4941,A,7411.5,2026-01-04 10:20:00
4942,B,7413.0,2026-01-04 10:21:00
4943,C,7414.5,2026-01-04 10:22:00
4944,D,7416.0,2026-01-04 10:23:00
4945,A,7417.5,2026-01-04 10:24:00
4946,B,7419.0,2026-01-04 10:25:00
4947,C,7420.5,2026-01-04 10:26:00
4948,D,7422.0,2026-01-04 10:27:00
4949,A,7423.5,2026-01-04 10:28:00
4950,B,7425.0,2026-01-04 10:29:00
4951,C,7426.5,2026-01-04 10:30:00
4952,D,7428.0,2026-01-04 10:31:00
4953,A,7429.5,2026-01-04 10:32:00
4954,B,7431.0,2026-01-04 10:33:00
4955,C,7432.5,2026-01-04 10:34:00
4956,D,7434.0,2026-01-04 10:35:00
4957,A,7435.5,2026-01-04 10:36:00
4958,B,7437.0,2026-01-04 10:37:00
4959,C,7438.5,2026-01-04 10:38:00
4960,D,7440.0,2026-01-04 10:39:00
4961,A,7441.5,2026-01-04 10:40:00
4962,B,7443.0,2026-01-04 10:41:00
4963,C,7444.5,2026-01-04 10:42:00
4964,D,7446.0,2026-01-04 10:43:00
4965,A,7447.5,2026-01-04 10:44:00
4966,B,7449.0,2026-01-04 10:45:00
4967,C,7450.5,2026-01-04 10:46:00
4968,D,7452.0,2026-01-04 10:47:00
4969,A,7453.5,2026-01-04 10:48:00
4970,B,7455.0,2026-01-04 10:49:00
4971,C,7456.5,2026-01-04 10:50:00
4972,D,7458.0,2026-01-04 10:51:00
4973,A,7459.5,2026-01-04 10:52:00
4974,B,7461.0,2026-01-04 10:53:00
4975,C,7462.5,2026-01-04 10:54:00
4976,D,7464.0,2026-01-04 10:55:00
4977,A,7465.5,2026-01-04 10:56:00
4978,B,7467.0,2026-01-04 10:57:00
4979,C,7468.5,2026-01-04 10:58:00
4980,D,7470.0,2026-01-04 10:59:00
4981,A,7471.5,2026-01-04 11:00:00
4982,B,7473.0,2026-01-04 11:01:00
4983,C,7474.5,2026-01-04 11:02:00
4984,D,7476.0,2026-01-04 11:03:00
4985,A,7477.5,2026-01-04 11:04:00
4986,B,7479.0,2026-01-04 11:05:00
4987,C,7480.5,2026-01-04 11:06:00
4988,D,7482.0,2026-01-04 11:07:00
4989,A,7483.5,2026-01-04 11:08:00
4990,B,7485.0,2026-01-04 11:09:00
4991,C,7486.5,2026-01-04 11:10:00
4992,D,7488.0,2026-01-04 11:11:00
4993,A,7489.5,2026-01-04 11:12:00
4994,B,7491.0,2026-01-04 11:13:00
4995,C,7492.5,2026-01-04 11:14:00
4996,D,7494.0,2026-01-04 11:15:00
4997,A,7495.5,2026-01-04 11:16:00
4998,B,7497.0,2026-01-04 11:17:00
4999,C,7498.5,2026-01-04 11:18:00
5000,D,7500.0,2026-01-04 11:19:00
5001,A,7501.5,2026-01-04 11:20:00
5002,B,7503.0,2026-01-04 11:21:00
5003,C,7504.5,2026-01-04 11:22:00
5004,D,7506.0,2026-01-04 11:23:00
5005,A,7507.5,2026-01-04 11:24:00
5006,B,7509.0,2026-01-04 11:25:00
5007,C,7510.5,2026-01-04 11:26:00
5008,D,7512.0,2026-01-04 11:27:00
5009,A,7513.5,2026-01-04 11:28:00
5010,B,7515.0,2026-01-04 11:29:00
5011,C,7516.5,2026-01-04 11:30:00
5012,D,7518.0,2026-01-04 11:31:00
5013,A,7519.5,2026-01-04 11:32:00
5014,B,7521.0,2026-01-04 11:33:00
5015,C,7522.5,2026-01-04 11:34:00
5016,D,7524.0,2026-01-04 11:35:00
5017,A,7525.5,2026-01-04 11:36:00
5018,B,7527.0,2026-01-04 11:37:00
5019,C,7528.5,2026-01-04 11:38:00
5020,D,7530.0,2026-01-04 11:39:00
5021,A,7531.5,2026-01-04 11:40:00
5022,B,7533.0,2026-01-04 11:41:00
5023,C,7534.5,2026-01-04 11:42:00
5024,D,7536.0,2026-01-04 11:43:00
5025,A,7537.5,2026-01-04 11:44:00
5026,B,7539.0,2026-01-04 11:45:00
5027,C,7540.5,2026-01-04 11:46:00
5028,D,7542.0,2026-01-04 11:47:00
5029,A,7543.5,2026-01-04 11:48:00
5030,B,7545.0,2026-01-04 11:49:00
5031,C,7546.5,2026-01-04 11:50:00
5032,D,7548.0,2026-01-04 11:51:00
5033,A,7549.5,2026-01-04 11:52:00
5034,B,7551.0,2026-01-04 11:53:00
5035,C,7552.5,2026-01-04 11:54:00
5036,D,7554.0,2026-01-04 11:55:00
5037,A,7555.5,2026-01-04 11:56:00
5038,B,7557.0,2026-01-04 11:57:00
5039,C,7558.5,2026-01-04 11:58:00
5040,D,7560.0,2026-01-04 11:59:00
5041,A,7561.5,2026-01-04 12:00:00
5042,B,7563.0,2026-01-04 12:01:00
5043,C,7564.5,2026-01-04 12:02:00
5044,D,7566.0,2026-01-04 12:03:00
5045,A,7567.5,2026-01-04 12:04:00
5046,B,7569.0,2026-01-04 12:05:00
5047,C,7570.5,2026-01-04 12:06:00
5048,D,7572.0,2026-01-04 12:07:00
5049,A,7573.5,2026-01-04 12:08:00
5050,B,7575.0,2026-01-04 12:09:00
5051,C,7576.5,2026-01-04 12:10:00
5052,D,7578.0,2026-01-04 12:11:00
5053,A,7579.5,2026-01-04 12:12:00
5054,B,7581.0,2026-01-04 12:13:00
5055,C,7582.5,2026-01-04 12:14:00
5056,D,7584.0,2026-01-04 12:15:00
5057,A,7585.5,2026-01-04 12:16:00
5058,B,7587.0,2026-01-04 12:17:00
5059,C,7588.5,2026-01-04 12:18:00
5060,D,7590.0,2026-01-04 12:19:00
5061,A,7591.5,2026-01-04 12:20:00
5062,B,7593.0,2026-01-04 12:21:00
5063,C,7594.5,2026-01-04 12:22:00
5064,D,7596.0,2026-01-04 12:23:00
5065,A,7597.5,2026-01-04 12:24:00
5066,B,7599.0,2026-01-04 12:25:00
5067,C,7600.5,2026-01-04 12:26:00
5068,D,7602.0,2026-01-04 12:27:00
5069,A,7603.5,2026-01-04 12:28:00
5070,B,7605.0,2026-01-04 12:29:00
5071,C,7606.5,2026-01-04 12:30:00
5072,D,7608.0,2026-01-04 12:31:00
5073,A,7609.5,2026-01-04 12:32:00
5074,B,7611.0,2026-01-04 12:33:00
5075,C,7612.5,2026-01-04 12:34:00
5076,D,7614.0,2026-01-04 12:35:00
5077,A,7615.5,2026-01-04 12:36:00
5078,B,7617.0,2026-01-04 12:37:00
5079,C,7618.5,2026-01-04 12:38:00
5080,D,7620.0,2026-01-04 12:39:00
5081,A,7621.5,2026-01-04 12:40:00
5082,B,7623.0,2026-01-04 12:41:00
5083,C,7624.5,2026-01-04 12:42:00
5084,D,7626.0,2026-01-04 12:43:00
5085,A,7627.5,2026-01-04 12:44:00
5086,B,7629.0,2026-01-04 12:45:00
5087,C,7630.5,2026-01-04 12:46:00
5088,D,7632.0,2026-01-04 12:47:00
5089,A,7633.5,2026-01-04 12:48:00
5090,B,7635.0,2026-01-04 12:49:00
5091,C,7636.5,2026-01-04 12:50:00
5092,D,7638.0,2026-01-04 12:51:00
5093,A,7639.5,2026-01-04 12:52:00
5094,B,7641.0,2026-01-04 12:53:00
5095,C,7642.5,2026-01-04 12:54:00
5096,D,7644.0,2026-01-04 12:55:00
5097,A,7645.5,2026-01-04 12:56:00
5098,B,7647.0,2026-01-04 12:57:00
5099,C,7648.5,2026-01-04 12:58:00
5100,D,7650.0,2026-01-04 12:59:00
5101,A,7651.5,2026-01-04 13:00:00
5102,B,7653.0,2026-01-04 13:01:00
5103,C,7654.5,2026-01-04 13:02:00
5104,D,7656.0,2026-01-04 13:03:00
5105,A,7657.5,2026-01-04 13:04:00
5106,B,7659.0,2026-01-04 13:05:00
5107,C,7660.5,2026-01-04 13:06:00
5108,D,7662.0,2026-01-04 13:07:00
5109,A,7663.5,2026-01-04 13:08:00
5110,B,7665.0,2026-01-04 13:09:00
5111,C,7666.5,2026-01-04 13:10:00
5112,D,7668.0,2026-01-04 13:11:00
5113,A,7669.5,2026-01-04 13:12:00
5114,B,7671.0,2026-01-04 13:13:00
5115,C,7672.5,2026-01-04 13:14:00
5116,D,7674.0,2026-01-04 13:15:00
5117,A,7675.5,2026-01-04 13:16:00
5118,B,7677.0,2026-01-04 13:17:00
5119,C,7678.5,2026-01-04 13:18:00
5120,D,7680.0,2026-01-04 13:19:00
5121,A,7681.5,2026-01-04 13:20:00
5122,B,7683.0,2026-01-04 13:21:00
5123,C,7684.5,2026-01-04 13:22:00
5124,D,7686.0,2026-01-04 13:23:00
5125,A,7687.5,2026-01-04 13:24:00
5126,B,7689.0,2026-01-04 13:25:00
5127,C,7690.5,2026-01-04 13:26:00
5128,D,7692.0,2026-01-04 13:27:00
5129,A,7693.5,2026-01-04 13:28:00
5130,B,7695.0,2026-01-04 13:29:00
5131,C,7696.5,2026-01-04 13:30:00
5132,D,7698.0,2026-01-04 13:31:00
5133,A,7699.5,2026-01-04 13:32:00
5134,B,7701.0,2026-01-04 13:33:00
5135,C,7702.5,2026-01-04 13:34:00
5136,D,7704.0,2026-01-04 13:35:00
5137,A,7705.5,2026-01-04 13:36:00
5138,B,7707.0,2026-01-04 13:37:00
5139,C,7708.5,2026-01-04 13:38:00
5140,D,7710.0,2026-01-04 13:39:00
5141,A,7711.5,2026-01-04 13:40:00
5142,B,7713.0,2026-01-04 13:41:00
5143,C,7714.5,2026-01-04 13:42:00
5144,D,7716.0,2026-01-04 13:43:00
5145,A,7717.5,2026-01-04 13:44:00
5146,B,7719.0,2026-01-04 13:45:00
5147,C,7720.5,2026-01-04 13:46:00
5148,D,7722.0,2026-01-04 13:47:00
5149,A,7723.5,2026-01-04 13:48:00
5150,B,7725.0,2026-01-04 13:49:00
5151,C,7726.5,2026-01-04 13:50:00
5152,D,7728.0,2026-01-04 13:51:00
5153,A,7729.5,2026-01-04 13:52:00
5154,B,7731.0,2026-01-04 13:53:00
5155,C,7732.5,2026-01-04 13:54:00
5156,D,7734.0,2026-01-04 13:55:00
5157,A,7735.5,2026-01-04 13:56:00
5158,B,7737.0,2026-01-04 13:57:00
5159,C,7738.5,2026-01-04 13:58:00
5160,D,7740.0,2026-01-04 13:59:00
5161,A,7741.5,2026-01-04 14:00:00
5162,B,7743.0,2026-01-04 14:01:00
5163,C,7744.5,2026-01-04 14:02:00
5164,D,7746.0,2026-01-04 14:03:00
5165,A,7747.5,2026-01-04 14:04:00
5166,B,7749.0,2026-01-04 14:05:00
5167,C,7750.5,2026-01-04 14:06:00
5168,D,7752.0,2026-01-04 14:07:00
5169,A,7753.5,2026-01-04 14:08:00
5170,B,7755.0,2026-01-04 14:09:00
5171,C,7756.5,2026-01-04 14:10:00
5172,D,7758.0,2026-01-04 14:11:00
5173,A,7759.5,2026-01-04 14:12:00
5174,B,7761.0,2026-01-04 14:13:00
5175,C,7762.5,2026-01-04 14:14:00
5176,D,7764.0,2026-01-04 14:15:00
5177,A,7765.5,2026-01-04 14:16:00
5178,B,7767.0,2026-01-04 14:17:00
5179,C,7768.5,2026-01-04 14:18:00
5180,D,7770.0,2026-01-04 14:19:00
5181,A,7771.5,2026-01-04 14:20:00
5182,B,7773.0,2026-01-04 14:21:00
5183,C,7774.5,2026-01-04 14:22:00
5184,D,7776.0,2026-01-04 14:23:00
5185,A,7777.5,2026-01-04 14:24:00
5186,B,7779.0,2026-01-04 14:25:00
5187,C,7780.5,2026-01-04 14:26:00
5188,D,7782.0,2026-01-04 14:27:00
5189,A,7783.5,2026-01-04 14:28:00
5190,B,7785.0,2026-01-04 14:29:00
5191,C,7786.5,2026-01-04 14:30:00
5192,D,7788.0,2026-01-04 14:31:00
5193,A,7789.5,2026-01-04 14:32:00
5194,B,7791.0,2026-01-04 14:33:00
5195,C,7792.5,2026-01-04 14:34:00
5196,D,7794.0,2026-01-04 14:35:00
5197,A,7795.5,2026-01-04 14:36:00
5198,B,7797.0,2026-01-04 14:37:00
5199,C,7798.5,2026-01-04 14:38:00
5200,D,7800.0,2026-01-04 14:39:00
5201,A,7801.5,2026-01-04 14:40:00
5202,B,7803.0,2026-01-04 14:41:00
5203,C,7804.5,2026-01-04 14:42:00
5204,D,7806.0,2026-01-04 14:43:00
5205,A,7807.5,2026-01-04 14:44:00
5206,B,7809.0,2026-01-04 14:45:00
5207,C,7810.5,2026-01-04 14:46:00
5208,D,7812.0,2026-01-04 14:47:00
5209,A,7813.5,2026-01-04 14:48:00
5210,B,7815.0,2026-01-04 14:49:00
5211,C,7816.5,2026-01-04 14:50:00
5212,D,7818.0,2026-01-04 14:51:00
5213,A,7819.5,2026-01-04 14:52:00
5214,B,7821.0,2026-01-04 14:53:00
5215,C,7822.5,2026-01-04 14:54:00
5216,D,7824.0,2026-01-04 14:55:00
5217,A,7825.5,2026-01-04 14:56:00
5218,B,7827.0,2026-01-04 14:57:00
5219,C,7828.5,2026-01-04 14:58:00
5220,D,7830.0,2026-01-04 14:59:00
5221,A,7831.5,2026-01-04 15:00:00
5222,B,7833.0,2026-01-04 15:01:00
5223,C,7834.5,2026-01-04 15:02:00
5224,D,7836.0,2026-01-04 15:03:00
5225,A,7837.5,2026-01-04 15:04:00
5226,B,7839.0,2026-01-04 15:05:00
5227,C,7840.5,2026-01-04 15:06:00
5228,D,7842.0,2026-01-04 15:07:00
5229,A,7843.5,2026-01-04 15:08:00
5230,B,7845.0,2026-01-04 15:09:00
5231,C,7846.5,2026-01-04 15:10:00
5232,D,7848.0,2026-01-04 15:11:00
5233,A,7849.5,2026-01-04 15:12:00
5234,B,7851.0,2026-01-04 15:13:00
5235,C,7852.5,2026-01-04 15:14:00
5236,D,7854.0,2026-01-04 15:15:00
5237,A,7855.5,2026-01-04 15:16:00
5238,B,7857.0,2026-01-04 15:17:00
5239,C,7858.5,2026-01-04 15:18:00
5240,D,7860.0,2026-01-04 15:19:00
5241,A,7861.5,2026-01-04 15:20:00
5242,B,7863.0,2026-01-04 15:21:00
5243,C,7864.5,2026-01-04 15:22:00
5244,D,7866.0,2026-01-04 15:23:00
5245,A,7867.5,2026-01-04 15:24:00
5246,B,7869.0,2026-01-04 15:25:00
5247,C,7870.5,2026-01-04 15:26:00
5248,D,7872.0,2026-01-04 15:27:00
5249,A,7873.5,2026-01-04 15:28:00
5250,B,7875.0,2026-01-04 15:29:00
5251,C,7876.5,2026-01-04 15:30:00
5252,D,7878.0,2026-01-04 15:31:00
5253,A,7879.5,2026-01-04 15:32:00
5254,B,7881.0,2026-01-04 15:33:00
5255,C,7882.5,2026-01-04 15:34:00
5256,D,7884.0,2026-01-04 15:35:00
5257,A,7885.5,2026-01-04 15:36:00
5258,B,7887.0,2026-01-04 15:37:00
5259,C,7888.5,2026-01-04 15:38:00
5260,D,7890.0,2026-01-04 15:39:00
5261,A,7891.5,2026-01-04 15:40:00
5262,B,7893.0,2026-01-04 15:41:00
5263,C,7894.5,2026-01-04 15:42:00
5264,D,7896.0,2026-01-04 15:43:00
5265,A,7897.5,2026-01-04 15:44:00
5266,B,7899.0,2026-01-04 15:45:00
5267,C,7900.5,2026-01-04 15:46:00
5268,D,7902.0,2026-01-04 15:47:00
5269,A,7903.5,2026-01-04 15:48:00
5270,B,7905.0,2026-01-04 15:49:00
5271,C,7906.5,2026-01-04 15:50:00
5272,D,7908.0,2026-01-04 15:51:00
5273,A,7909.5,2026-01-04 15:52:00
5274,B,7911.0,2026-01-04 15:53:00
5275,C,7912.5,2026-01-04 15:54:00
5276,D,7914.0,2026-01-04 15:55:00
5277,A,7915.5,2026-01-04 15:56:00
5278,B,7917.0,2026-01-04 15:57:00
5279,C,7918.5,2026-01-04 15:58:00
5280,D,7920.0,2026-01-04 15:59:00
5281,A,7921.5,2026-01-04 16:00:00
5282,B,7923.0,2026-01-04 16:01:00
5283,C,7924.5,2026-01-04 16:02:00
5284,D,7926.0,2026-01-04 16:03:00
5285,A,7927.5,2026-01-04 16:04:00
5286,B,7929.0,2026-01-04 16:05:00
5287,C,7930.5,2026-01-04 16:06:00
5288,D,7932.0,2026-01-04 16:07:00
5289,A,7933.5,2026-01-04 16:08:00
5290,B,7935.0,2026-01-04 16:09:00
5291,C,7936.5,2026-01-04 16:10:00
5292,D,7938.0,2026-01-04 16:11:00
5293,A,7939.5,2026-01-04 16:12:00
5294,B,7941.0,2026-01-04 16:13:00
5295,C,7942.5,2026-01-04 16:14:00
5296,D,7944.0,2026-01-04 16:15:00
5297,A,7945.5,2026-01-04 16:16:00
5298,B,7947.0,2026-01-04 16:17:00
5299,C,7948.5,2026-01-04 16:18:00
5300,D,7950.0,2026-01-04 16:19:00
5301,A,7951.5,2026-01-04 16:20:00
5302,B,7953.0,2026-01-04 16:21:00
5303,C,7954.5,2026-01-04 16:22:00
5304,D,7956.0,2026-01-04 16:23:00
5305,A,7957.5,2026-01-04 16:24:00
5306,B,7959.0,2026-01-04 16:25:00
5307,C,7960.5,2026-01-04 16:26:00
5308,D,7962.0,2026-01-04 16:27:00
5309,A,7963.5,2026-01-04 16:28:00
5310,B,7965.0,2026-01-04 16:29:00
5311,C,7966.5,2026-01-04 16:30:00
5312,D,7968.0,2026-01-04 16:31:00
5313,A,7969.5,2026-01-04 16:32:00
5314,B,7971.0,2026-01-04 16:33:00
5315,C,7972.5,2026-01-04 16:34:00
5316,D,7974.0,2026-01-04 16:35:00
5317,A,7975.5,2026-01-04 16:36:00
5318,B,7977.0,2026-01-04 16:37:00
5319,C,7978.5,2026-01-04 16:38:00
5320,D,7980.0,2026-01-04 16:39:00
5321,A,7981.5,2026-01-04 16:40:00
5322,B,7983.0,2026-01-04 16:41:00
5323,C,7984.5,2026-01-04 16:42:00
5324,D,7986.0,2026-01-04 16:43:00
5325,A,7987.5,2026-01-04 16:44:00
5326,B,7989.0,2026-01-04 16:45:00
5327,C,7990.5,2026-01-04 16:46:00
5328,D,7992.0,2026-01-04 16:47:00
5329,A,7993.5,2026-01-04 16:48:00
5330,B,7995.0,2026-01-04 16:49:00
5331,C,7996.5,2026-01-04 16:50:00
5332,D,7998.0,2026-01-04 16:51:00
5333,A,7999.5,2026-01-04 16:52:00
5334,B,8001.0,2026-01-04 16:53:00
5335,C,8002.5,2026-01-04 16:54:00
5336,D,8004.0,2026-01-04 16:55:00
5337,A,8005.5,2026-01-04 16:56:00
5338,B,8007.0,2026-01-04 16:57:00
5339,C,8008.5,2026-01-04 16:58:00
5340,D,8010.0,2026-01-04 16:59:00
5341,A,8011.5,2026-01-04 17:00:00
5342,B,8013.0,2026-01-04 17:01:00
5343,C,8014.5,2026-01-04 17:02:00
5344,D,8016.0,2026-01-04 17:03:00
5345,A,8017.5,2026-01-04 17:04:00
5346,B,8019.0,2026-01-04 17:05:00
5347,C,8020.5,2026-01-04 17:06:00
5348,D,8022.0,2026-01-04 17:07:00
5349,A,8023.5,2026-01-04 17:08:00
5350,B,8025.0,2026-01-04 17:09:00
5351,C,8026.5,2026-01-04 17:10:00
5352,D,8028.0,2026-01-04 17:11:00
5353,A,8029.5,2026-01-04 17:12:00
5354,B,8031.0,2026-01-04 17:13:00
5355,C,8032.5,2026-01-04 17:14:00
5356,D,8034.0,2026-01-04 17:15:00
5357,A,8035.5,2026-01-04 17:16:00
5358,B,8037.0,2026-01-04 17:17:00
5359,C,8038.5,2026-01-04 17:18:00
5360,D,8040.0,2026-01-04 17:19:00
5361,A,8041.5,2026-01-04 17:20:00
5362,B,8043.0,2026-01-04 17:21:00
5363,C,8044.5,2026-01-04 17:22:00
5364,D,8046.0,2026-01-04 17:23:00
5365,A,8047.5,2026-01-04 17:24:00
5366,B,8049.0,2026-01-04 17:25:00
5367,C,8050.5,2026-01-04 17:26:00
5368,D,8052.0,2026-01-04 17:27:00
5369,A,8053.5,2026-01-04 17:28:00
5370,B,8055.0,2026-01-04 17:29:00
5371,C,8056.5,2026-01-04 17:30:00
5372,D,8058.0,2026-01-04 17:31:00
5373,A,8059.5,2026-01-04 17:32:00
5374,B,8061.0,2026-01-04 17:33:00
5375,C,8062.5,2026-01-04 17:34:00
5376,D,8064.0,2026-01-04 17:35:00
5377,A,8065.5,2026-01-04 17:36:00
5378,B,8067.0,2026-01-04 17:37:00
5379,C,8068.5,2026-01-04 17:38:00
5380,D,8070.0,2026-01-04 17:39:00
5381,A,8071.5,2026-01-04 17:40:00
5382,B,8073.0,2026-01-04 17:41:00
5383,C,8074.5,2026-01-04 17:42:00
5384,D,8076.0,2026-01-04 17:43:00
5385,A,8077.5,2026-01-04 17:44:00
5386,B,8079.0,2026-01-04 17:45:00
5387,C,8080.5,2026-01-04 17:46:00
5388,D,8082.0,2026-01-04 17:47:00
5389,A,8083.5,2026-01-04 17:48:00
5390,B,8085.0,2026-01-04 17:49:00
5391,C,8086.5,2026-01-04 17:50:00
5392,D,8088.0,2026-01-04 17:51:00
5393,A,8089.5,2026-01-04 17:52:00
5394,B,8091.0,2026-01-04 17:53:00
5395,C,8092.5,2026-01-04 17:54:00
5396,D,8094.0,2026-01-04 17:55:00
5397,A,8095.5,2026-01-04 17:56:00
5398,B,8097.0,2026-01-04 17:57:00
5399,C,8098.5,2026-01-04 17:58:00
5400,D,8100.0,2026-01-04 17:59:00
5401,A,8101.5,2026-01-04 18:00:00
5402,B,8103.0,2026-01-04 18:01:00
5403,C,8104.5,2026-01-04 18:02:00
5404,D,8106.0,2026-01-04 18:03:00
5405,A,8107.5,2026-01-04 18:04:00
5406,B,8109.0,2026-01-04 18:05:00
5407,C,8110.5,2026-01-04 18:06:00
5408,D,8112.0,2026-01-04 18:07:00
5409,A,8113.5,2026-01-04 18:08:00
5410,B,8115.0,2026-01-04 18:09:00
5411,C,8116.5,2026-01-04 18:10:00
5412,D,8118.0,2026-01-04 18:11:00
5413,A,8119.5,2026-01-04 18:12:00
5414,B,8121.0,2026-01-04 18:13:00
5415,C,8122.5,2026-01-04 18:14:00
5416,D,8124.0,2026-01-04 18:15:00
5417,A,8125.5,2026-01-04 18:16:00
5418,B,8127.0,2026-01-04 18:17:00
5419,C,8128.5,2026-01-04 18:18:00
5420,D,8130.0,2026-01-04 18:19:00
5421,A,8131.5,2026-01-04 18:20:00
5422,B,8133.0,2026-01-04 18:21:00
5423,C,8134.5,2026-01-04 18:22:00
5424,D,8136.0,2026-01-04 18:23:00
5425,A,8137.5,2026-01-04 18:24:00
5426,B,8139.0,2026-01-04 18:25:00
5427,C,8140.5,2026-01-04 18:26:00
5428,D,8142.0,2026-01-04 18:27:00
5429,A,8143.5,2026-01-04 18:28:00
5430,B,8145.0,2026-01-04 18:29:00
5431,C,8146.5,2026-01-04 18:30:00
5432,D,8148.0,2026-01-04 18:31:00
5433,A,8149.5,2026-01-04 18:32:00
5434,B,8151.0,2026-01-04 18:33:00
5435,C,8152.5,2026-01-04 18:34:00
5436,D,8154.0,2026-01-04 18:35:00
5437,A,8155.5,2026-01-04 18:36:00
5438,B,8157.0,2026-01-04 18:37:00
5439,C,8158.5,2026-01-04 18:38:00
5440,D,8160.0,2026-01-04 18:39:00
5441,A,8161.5,2026-01-04 18:40:00
5442,B,8163.0,2026-01-04 18:41:00
5443,C,8164.5,2026-01-04 18:42:00
5444,D,8166.0,2026-01-04 18:43:00
5445,A,8167.5,2026-01-04 18:44:00
5446,B,8169.0,2026-01-04 18:45:00
5447,C,8170.5,2026-01-04 18:46:00
5448,D,8172.0,2026-01-04 18:47:00
5449,A,8173.5,2026-01-04 18:48:00
5450,B,8175.0,2026-01-04 18:49:00
5451,C,8176.5,2026-01-04 18:50:00
5452,D,8178.0,2026-01-04 18:51:00
5453,A,8179.5,2026-01-04 18:52:00
5454,B,8181.0,2026-01-04 18:53:00
5455,C,8182.5,2026-01-04 18:54:00
5456,D,8184.0,2026-01-04 18:55:00
5457,A,8185.5,2026-01-04 18:56:00
5458,B,8187.0,2026-01-04 18:57:00
5459,C,8188.5,2026-01-04 18:58:00
5460,D,8190.0,2026-01-04 18:59:00
5461,A,8191.5,2026-01-04 19:00:00
5462,B,8193.0,2026-01-04 19:01:00
5463,C,8194.5,2026-01-04 19:02:00
5464,D,8196.0,2026-01-04 19:03:00
5465,A,8197.5,2026-01-04 19:04:00
5466,B,8199.0,2026-01-04 19:05:00
5467,C,8200.5,2026-01-04 19:06:00
5468,D,8202.0,2026-01-04 19:07:00
5469,A,8203.5,2026-01-04 19:08:00
5470,B,8205.0,2026-01-04 19:09:00
5471,C,8206.5,2026-01-04 19:10:00
5472,D,8208.0,2026-01-04 19:11:00
5473,A,8209.5,2026-01-04 19:12:00
5474,B,8211.0,2026-01-04 19:13:00
5475,C,8212.5,2026-01-04 19:14:00
5476,D,8214.0,2026-01-04 19:15:00
5477,A,8215.5,2026-01-04 19:16:00
5478,B,8217.0,2026-01-04 19:17:00
5479,C,8218.5,2026-01-04 19:18:00
5480,D,8220.0,2026-01-04 19:19:00
5481,A,8221.5,2026-01-04 19:20:00
5482,B,8223.0,2026-01-04 19:21:00
5483,C,8224.5,2026-01-04 19:22:00
5484,D,8226.0,2026-01-04 19:23:00
5485,A,8227.5,2026-01-04 19:24:00
5486,B,8229.0,2026-01-04 19:25:00
5487,C,8230.5,2026-01-04 19:26:00
5488,D,8232.0,2026-01-04 19:27:00
5489,A,8233.5,2026-01-04 19:28:00
5490,B,8235.0,2026-01-04 19:29:00
5491,C,8236.5,2026-01-04 19:30:00
5492,D,8238.0,2026-01-04 19:31:00
5493,A,8239.5,2026-01-04 19:32:00
5494,B,8241.0,2026-01-04 19:33:00
5495,C,8242.5,2026-01-04 19:34:00
5496,D,8244.0,2026-01-04 19:35:00
5497,A,8245.5,2026-01-04 19:36:00
5498,B,8247.0,2026-01-04 19:37:00
5499,C,8248.5,2026-01-04 19:38:00
5500,D,8250.0,2026-01-04 19:39:00
5501,A,8251.5,2026-01-04 19:40:00
5502,B,8253.0,2026-01-04 19:41:00
5503,C,8254.5,2026-01-04 19:42:00
5504,D,8256.0,2026-01-04 19:43:00
5505,A,8257.5,2026-01-04 19:44:00
5506,B,8259.0,2026-01-04 19:45:00
5507,C,8260.5,2026-01-04 19:46:00
5508,D,8262.0,2026-01-04 19:47:00
5509,A,8263.5,2026-01-04 19:48:00
5510,B,8265.0,2026-01-04 19:49:00
5511,C,8266.5,2026-01-04 19:50:00
5512,D,8268.0,2026-01-04 19:51:00
5513,A,8269.5,2026-01-04 19:52:00
5514,B,8271.0,2026-01-04 19:53:00
5515,C,8272.5,2026-01-04 19:54:00
5516,D,8274.0,2026-01-04 19:55:00
5517,A,8275.5,2026-01-04 19:56:00
5518,B,8277.0,2026-01-04 19:57:00
5519,C,8278.5,2026-01-04 19:58:00
5520,D,8280.0,2026-01-04 19:59:00
5521,A,8281.5,2026-01-04 20:00:00
5522,B,8283.0,2026-01-04 20:01:00
5523,C,8284.5,2026-01-04 20:02:00
5524,D,8286.0,2026-01-04 20:03:00
5525,A,8287.5,2026-01-04 20:04:00
5526,B,8289.0,2026-01-04 20:05:00
5527,C,8290.5,2026-01-04 20:06:00
5528,D,8292.0,2026-01-04 20:07:00
5529,A,8293.5,2026-01-04 20:08:00
5530,B,8295.0,2026-01-04 20:09:00
5531,C,8296.5,2026-01-04 20:10:00
5532,D,8298.0,2026-01-04 20:11:00
5533,A,8299.5,2026-01-04 20:12:00
5534,B,8301.0,2026-01-04 20:13:00
5535,C,8302.5,2026-01-04 20:14:00
5536,D,8304.0,2026-01-04 20:15:00
5537,A,8305.5,2026-01-04 20:16:00
5538,B,8307.0,2026-01-04 20:17:00
5539,C,8308.5,2026-01-04 20:18:00
5540,D,8310.0,2026-01-04 20:19:00
5541,A,8311.5,2026-01-04 20:20:00
5542,B,8313.0,2026-01-04 20:21:00
5543,C,8314.5,2026-01-04 20:22:00
5544,D,8316.0,2026-01-04 20:23:00
5545,A,8317.5,2026-01-04 20:24:00
5546,B,8319.0,2026-01-04 20:25:00
5547,C,8320.5,2026-01-04 20:26:00
5548,D,8322.0,2026-01-04 20:27:00
5549,A,8323.5,2026-01-04 20:28:00
5550,B,8325.0,2026-01-04 20:29:00
5551,C,8326.5,2026-01-04 20:30:00
5552,D,8328.0,2026-01-04 20:31:00
5553,A,8329.5,2026-01-04 20:32:00
5554,B,8331.0,2026-01-04 20:33:00
5555,C,8332.5,2026-01-04 20:34:00
5556,D,8334.0,2026-01-04 20:35:00
5557,A,8335.5,2026-01-04 20:36:00
5558,B,8337.0,2026-01-04 20:37:00
5559,C,8338.5,2026-01-04 20:38:00
5560,D,8340.0,2026-01-04 20:39:00
5561,A,8341.5,2026-01-04 20:40:00
5562,B,8343.0,2026-01-04 20:41:00
5563,C,8344.5,2026-01-04 20:42:00
5564,D,8346.0,2026-01-04 20:43:00
5565,A,8347.5,2026-01-04 20:44:00
5566,B,8349.0,2026-01-04 20:45:00
5567,C,8350.5,2026-01-04 20:46:00
5568,D,8352.0,2026-01-04 20:47:00
5569,A,8353.5,2026-01-04 20:48:00
5570,B,8355.0,2026-01-04 20:49:00
5571,C,8356.5,2026-01-04 20:50:00
5572,D,8358.0,2026-01-04 20:51:00
5573,A,8359.5,2026-01-04 20:52:00
5574,B,8361.0,2026-01-04 20:53:00
5575,C,8362.5,2026-01-04 20:54:00
5576,D,8364.0,2026-01-04 20:55:00
5577,A,8365.5,2026-01-04 20:56:00
5578,B,8367.0,2026-01-04 20:57:00
5579,C,8368.5,2026-01-04 20:58:00
5580,D,8370.0,2026-01-04 20:59:00
5581,A,8371.5,2026-01-04 21:00:00
5582,B,8373.0,2026-01-04 21:01:00
5583,C,8374.5,2026-01-04 21:02:00
5584,D,8376.0,2026-01-04 21:03:00
5585,A,8377.5,2026-01-04 21:04:00
5586,B,8379.0,2026-01-04 21:05:00
5587,C,8380.5,2026-01-04 21:06:00
5588,D,8382.0,2026-01-04 21:07:00
5589,A,8383.5,2026-01-04 21:08:00
5590,B,8385.0,2026-01-04 21:09:00
5591,C,8386.5,2026-01-04 21:10:00
5592,D,8388.0,2026-01-04 21:11:00
5593,A,8389.5,2026-01-04 21:12:00
5594,B,8391.0,2026-01-04 21:13:00
5595,C,8392.5,2026-01-04 21:14:00
5596,D,8394.0,2026-01-04 21:15:00
5597,A,8395.5,2026-01-04 21:16:00
5598,B,8397.0,2026-01-04 21:17:00
5599,C,8398.5,2026-01-04 21:18:00
5600,D,8400.0,2026-01-04 21:19:00
5601,A,8401.5,2026-01-04 21:20:00
5602,B,8403.0,2026-01-04 21:21:00
5603,C,8404.5,2026-01-04 21:22:00
5604,D,8406.0,2026-01-04 21:23:00
5605,A,8407.5,2026-01-04 21:24:00
5606,B,8409.0,2026-01-04 21:25:00
5607,C,8410.5,2026-01-04 21:26:00
5608,D,8412.0,2026-01-04 21:27:00
5609,A,8413.5,2026-01-04 21:28:00
5610,B,8415.0,2026-01-04 21:29:00
5611,C,8416.5,2026-01-04 21:30:00
5612,D,8418.0,2026-01-04 21:31:00
5613,A,8419.5,2026-01-04 21:32:00
5614,B,8421.0,2026-01-04 21:33:00
5615,C,8422.5,2026-01-04 21:34:00
5616,D,8424.0,2026-01-04 21:35:00
5617,A,8425.5,2026-01-04 21:36:00
5618,B,8427.0,2026-01-04 21:37:00
5619,C,8428.5,2026-01-04 21:38:00
5620,D,8430.0,2026-01-04 21:39:00
5621,A,8431.5,2026-01-04 21:40:00
5622,B,8433.0,2026-01-04 21:41:00
5623,C,8434.5,2026-01-04 21:42:00
5624,D,8436.0,2026-01-04 21:43:00
5625,A,8437.5,2026-01-04 21:44:00
5626,B,8439.0,2026-01-04 21:45:00
5627,C,8440.5,2026-01-04 21:46:00
5628,D,8442.0,2026-01-04 21:47:00
5629,A,8443.5,2026-01-04 21:48:00
5630,B,8445.0,2026-01-04 21:49:00
5631,C,8446.5,2026-01-04 21:50:00
5632,D,8448.0,2026-01-04 21:51:00
5633,A,8449.5,2026-01-04 21:52:00
5634,B,8451.0,2026-01-04 21:53:00
5635,C,8452.5,2026-01-04 21:54:00
5636,D,8454.0,2026-01-04 21:55:00
5637,A,8455.5,2026-01-04 21:56:00
5638,B,8457.0,2026-01-04 21:57:00
5639,C,8458.5,2026-01-04 21:58:00
5640,D,8460.0,2026-01-04 21:59:00
5641,A,8461.5,2026-01-04 22:00:00
5642,B,8463.0,2026-01-04 22:01:00
5643,C,8464.5,2026-01-04 22:02:00
5644,D,8466.0,2026-01-04 22:03:00
5645,A,8467.5,2026-01-04 22:04:00
5646,B,8469.0,2026-01-04 22:05:00
5647,C,8470.5,2026-01-04 22:06:00
5648,D,8472.0,2026-01-04 22:07:00
5649,A,8473.5,2026-01-04 22:08:00
5650,B,8475.0,2026-01-04 22:09:00
5651,C,8476.5,2026-01-04 22:10:00
5652,D,8478.0,2026-01-04 22:11:00
5653,A,8479.5,2026-01-04 22:12:00
5654,B,8481.0,2026-01-04 22:13:00
5655,C,8482.5,2026-01-04 22:14:00
5656,D,8484.0,2026-01-04 22:15:00
5657,A,8485.5,2026-01-04 22:16:00
5658,B,8487.0,2026-01-04 22:17:00
5659,C,8488.5,2026-01-04 22:18:00
5660,D,8490.0,2026-01-04 22:19:00
5661,A,8491.5,2026-01-04 22:20:00
5662,B,8493.0,2026-01-04 22:21:00
5663,C,8494.5,2026-01-04 22:22:00
5664,D,8496.0,2026-01-04 22:23:00
5665,A,8497.5,2026-01-04 22:24:00
5666,B,8499.0,2026-01-04 22:25:00
5667,C,8500.5,2026-01-04 22:26:00
5668,D,8502.0,2026-01-04 22:27:00
5669,A,8503.5,2026-01-04 22:28:00
5670,B,8505.0,2026-01-04 22:29:00
5671,C,8506.5,2026-01-04 22:30:00
5672,D,8508.0,2026-01-04 22:31:00
5673,A,8509.5,2026-01-04 22:32:00
5674,B,8511.0,2026-01-04 22:33:00
5675,C,8512.5,2026-01-04 22:34:00
5676,D,8514.0,2026-01-04 22:35:00
5677,A,8515.5,2026-01-04 22:36:00
5678,B,8517.0,2026-01-04 22:37:00
5679,C,8518.5,2026-01-04 22:38:00
5680,D,8520.0,2026-01-04 22:39:00
5681,A,8521.5,2026-01-04 22:40:00
5682,B,8523.0,2026-01-04 22:41:00
5683,C,8524.5,2026-01-04 22:42:00
5684,D,8526.0,2026-01-04 22:43:00
5685,A,8527.5,2026-01-04 22:44:00
5686,B,8529.0,2026-01-04 22:45:00
5687,C,8530.5,2026-01-04 22:46:00
5688,D,8532.0,2026-01-04 22:47:00
5689,A,8533.5,2026-01-04 22:48:00
5690,B,8535.0,2026-01-04 22:49:00
5691,C,8536.5,2026-01-04 22:50:00
5692,D,8538.0,2026-01-04 22:51:00
5693,A,8539.5,2026-01-04 22:52:00
5694,B,8541.0,2026-01-04 22:53:00
5695,C,8542.5,2026-01-04 22:54:00
5696,D,8544.0,2026-01-04 22:55:00
5697,A,8545.5,2026-01-04 22:56:00
5698,B,8547.0,2026-01-04 22:57:00
5699,C,8548.5,2026-01-04 22:58:00
5700,D,8550.0,2026-01-04 22:59:00
5701,A,8551.5,2026-01-04 23:00:00
5702,B,8553.0,2026-01-04 23:01:00
5703,C,8554.5,2026-01-04 23:02:00
5704,D,8556.0,2026-01-04 23:03:00
5705,A,8557.5,2026-01-04 23:04:00
5706,B,8559.0,2026-01-04 23:05:00
5707,C,8560.5,2026-01-04 23:06:00
5708,D,8562.0,2026-01-04 23:07:00
5709,A,8563.5,2026-01-04 23:08:00
5710,B,8565.0,2026-01-04 23:09:00
5711,C,8566.5,2026-01-04 23:10:00
5712,D,8568.0,2026-01-04 23:11:00
5713,A,8569.5,2026-01-04 23:12:00
5714,B,8571.0,2026-01-04 23:13:00
5715,C,8572.5,2026-01-04 23:14:00
5716,D,8574.0,2026-01-04 23:15:00
5717,A,8575.5,2026-01-04 23:16:00
5718,B,8577.0,2026-01-04 23:17:00
5719,C,8578.5,2026-01-04 23:18:00
5720,D,8580.0,2026-01-04 23:19:00
5721,A,8581.5,2026-01-04 23:20:00
5722,B,8583.0,2026-01-04 23:21:00
5723,C,8584.5,2026-01-04 23:22:00
5724,D,8586.0,2026-01-04 23:23:00
5725,A,8587.5,2026-01-04 23:24:00
5726,B,8589.0,2026-01-04 23:25:00
5727,C,8590.5,2026-01-04 23:26:00
5728,D,8592.0,2026-01-04 23:27:00
5729,A,8593.5,2026-01-04 23:28:00
5730,B,8595.0,2026-01-04 23:29:00
5731,C,8596.5,2026-01-04 23:30:00
5732,D,8598.0,2026-01-04 23:31:00
5733,A,8599.5,2026-01-04 23:32:00
5734,B,8601.0,2026-01-04 23:33:00
5735,C,8602.5,2026-01-04 23:34:00
5736,D,8604.0,2026-01-04 23:35:00
5737,A,8605.5,2026-01-04 23:36:00
5738,B,8607.0,2026-01-04 23:37:00
5739,C,8608.5,2026-01-04 23:38:00
5740,D,8610.0,2026-01-04 23:39:00
5741,A,8611.5,2026-01-04 23:40:00
5742,B,8613.0,2026-01-04 23:41:00
5743,C,8614.5,2026-01-04 23:42:00
5744,D,8616.0,2026-01-04 23:43:00
5745,A,8617.5,2026-01-04 23:44:00
5746,B,8619.0,2026-01-04 23:45:00
5747,C,8620.5,2026-01-04 23:46:00
5748,D,8622.0,2026-01-04 23:47:00
5749,A,8623.5,2026-01-04 23:48:00
5750,B,8625.0,2026-01-04 23:49:00
5751,C,8626.5,2026-01-04 23:50:00
5752,D,8628.0,2026-01-04 23:51:00
5753,A,8629.5,2026-01-04 23:52:00
5754,B,8631.0,2026-01-04 23:53:00
5755,C,8632.5,2026-01-04 23:54:00
5756,D,8634.0,2026-01-04 23:55:00
5757,A,8635.5,2026-01-04 23:56:00
5758,B,8637.0,2026-01-04 23:57:00
5759,C,8638.5,2026-01-04 23:58:00
5760,D,8640.0,2026-01-04 23:59:00
5761,A,8641.5,2026-01-05 00:00:00
5762,B,8643.0,2026-01-05 00:01:00
5763,C,8644.5,2026-01-05 00:02:00
5764,D,8646.0,2026-01-05 00:03:00
5765,A,8647.5,2026-01-05 00:04:00
5766,B,8649.0,2026-01-05 00:05:00
5767,C,8650.5,2026-01-05 00:06:00
5768,D,8652.0,2026-01-05 00:07:00
5769,A,8653.5,2026-01-05 00:08:00
5770,B,8655.0,2026-01-05 00:09:00
5771,C,8656.5,2026-01-05 00:10:00
5772,D,8658.0,2026-01-05 00:11:00
5773,A,8659.5,2026-01-05 00:12:00
5774,B,8661.0,2026-01-05 00:13:00
5775,C,8662.5,2026-01-05 00:14:00
5776,D,8664.0,2026-01-05 00:15:00
5777,A,8665.5,2026-01-05 00:16:00
5778,B,8667.0,2026-01-05 00:17:00
5779,C,8668.5,2026-01-05 00:18:00
5780,D,8670.0,2026-01-05 00:19:00
5781,A,8671.5,2026-01-05 00:20:00
5782,B,8673.0,2026-01-05 00:21:00
5783,C,8674.5,2026-01-05 00:22:00
5784,D,8676.0,2026-01-05 00:23:00
5785,A,8677.5,2026-01-05 00:24:00
5786,B,8679.0,2026-01-05 00:25:00
5787,C,8680.5,2026-01-05 00:26:00
5788,D,8682.0,2026-01-05 00:27:00
5789,A,8683.5,2026-01-05 00:28:00
5790,B,8685.0,2026-01-05 00:29:00
5791,C,8686.5,2026-01-05 00:30:00
5792,D,8688.0,2026-01-05 00:31:00
5793,A,8689.5,2026-01-05 00:32:00
5794,B,8691.0,2026-01-05 00:33:00
5795,C,8692.5,2026-01-05 00:34:00
5796,D,8694.0,2026-01-05 00:35:00
5797,A,8695.5,2026-01-05 00:36:00
5798,B,8697.0,2026-01-05 00:37:00
5799,C,8698.5,2026-01-05 00:38:00
5800,D,8700.0,2026-01-05 00:39:00
5801,A,8701.5,2026-01-05 00:40:00
5802,B,8703.0,2026-01-05 00:41:00
5803,C,8704.5,2026-01-05 00:42:00
5804,D,8706.0,2026-01-05 00:43:00
5805,A,8707.5,2026-01-05 00:44:00
5806,B,8709.0,2026-01-05 00:45:00
5807,C,8710.5,2026-01-05 00:46:00
5808,D,8712.0,2026-01-05 00:47:00
5809,A,8713.5,2026-01-05 00:48:00
5810,B,8715.0,2026-01-05 00:49:00
5811,C,8716.5,2026-01-05 00:50:00
5812,D,8718.0,2026-01-05 00:51:00
5813,A,8719.5,2026-01-05 00:52:00
5814,B,8721.0,2026-01-05 00:53:00
5815,C,8722.5,2026-01-05 00:54:00
5816,D,8724.0,2026-01-05 00:55:00
5817,A,8725.5,2026-01-05 00:56:00
5818,B,8727.0,2026-01-05 00:57:00
5819,C,8728.5,2026-01-05 00:58:00
5820,D,8730.0,2026-01-05 00:59:00
5821,A,8731.5,2026-01-05 01:00:00
5822,B,8733.0,2026-01-05 01:01:00
5823,C,8734.5,2026-01-05 01:02:00
5824,D,8736.0,2026-01-05 01:03:00
5825,A,8737.5,2026-01-05 01:04:00
5826,B,8739.0,2026-01-05 01:05:00
5827,C,8740.5,2026-01-05 01:06:00
5828,D,8742.0,2026-01-05 01:07:00
5829,A,8743.5,2026-01-05 01:08:00
5830,B,8745.0,2026-01-05 01:09:00
5831,C,8746.5,2026-01-05 01:10:00
5832,D,8748.0,2026-01-05 01:11:00
5833,A,8749.5,2026-01-05 01:12:00
5834,B,8751.0,2026-01-05 01:13:00
5835,C,8752.5,2026-01-05 01:14:00
5836,D,8754.0,2026-01-05 01:15:00
5837,A,8755.5,2026-01-05 01:16:00
5838,B,8757.0,2026-01-05 01:17:00
5839,C,8758.5,2026-01-05 01:18:00
5840,D,8760.0,2026-01-05 01:19:00
5841,A,8761.5,2026-01-05 01:20:00
5842,B,8763.0,2026-01-05 01:21:00
5843,C,8764.5,2026-01-05 01:22:00
5844,D,8766.0,2026-01-05 01:23:00
5845,A,8767.5,2026-01-05 01:24:00
5846,B,8769.0,2026-01-05 01:25:00
5847,C,8770.5,2026-01-05 01:26:00
5848,D,8772.0,2026-01-05 01:27:00
5849,A,8773.5,2026-01-05 01:28:00
5850,B,8775.0,2026-01-05 01:29:00
5851,C,8776.5,2026-01-05 01:30:00
5852,D,8778.0,2026-01-05 01:31:00
5853,A,8779.5,2026-01-05 01:32:00
5854,B,8781.0,2026-01-05 01:33:00
5855,C,8782.5,2026-01-05 01:34:00
5856,D,8784.0,2026-01-05 01:35:00
5857,A,8785.5,2026-01-05 01:36:00
5858,B,8787.0,2026-01-05 01:37:00
5859,C,8788.5,2026-01-05 01:38:00
5860,D,8790.0,2026-01-05 01:39:00
5861,A,8791.5,2026-01-05 01:40:00
5862,B,8793.0,2026-01-05 01:41:00
5863,C,8794.5,2026-01-05 01:42:00
5864,D,8796.0,2026-01-05 01:43:00
5865,A,8797.5,2026-01-05 01:44:00
5866,B,8799.0,2026-01-05 01:45:00
5867,C,8800.5,2026-01-05 01:46:00
5868,D,8802.0,2026-01-05 01:47:00
5869,A,8803.5,2026-01-05 01:48:00
5870,B,8805.0,2026-01-05 01:49:00
5871,C,8806.5,2026-01-05 01:50:00
5872,D,8808.0,2026-01-05 01:51:00
5873,A,8809.5,2026-01-05 01:52:00
5874,B,8811.0,2026-01-05 01:53:00
5875,C,8812.5,2026-01-05 01:54:00
5876,D,8814.0,2026-01-05 01:55:00
5877,A,8815.5,2026-01-05 01:56:00
5878,B,8817.0,2026-01-05 01:57:00
5879,C,8818.5,2026-01-05 01:58:00
5880,D,8820.0,2026-01-05 01:59:00
5881,A,8821.5,2026-01-05 02:00:00
5882,B,8823.0,2026-01-05 02:01:00
5883,C,8824.5,2026-01-05 02:02:00
5884,D,8826.0,2026-01-05 02:03:00
5885,A,8827.5,2026-01-05 02:04:00
5886,B,8829.0,2026-01-05 02:05:00
5887,C,8830.5,2026-01-05 02:06:00
5888,D,8832.0,2026-01-05 02:07:00
5889,A,8833.5,2026-01-05 02:08:00
5890,B,8835.0,2026-01-05 02:09:00
5891,C,8836.5,2026-01-05 02:10:00
5892,D,8838.0,2026-01-05 02:11:00
5893,A,8839.5,2026-01-05 02:12:00
5894,B,8841.0,2026-01-05 02:13:00
5895,C,8842.5,2026-01-05 02:14:00
5896,D,8844.0,2026-01-05 02:15:00
5897,A,8845.5,2026-01-05 02:16:00
5898,B,8847.0,2026-01-05 02:17:00
5899,C,8848.5,2026-01-05 02:18:00
5900,D,8850.0,2026-01-05 02:19:00
5901,A,8851.5,2026-01-05 02:20:00
5902,B,8853.0,2026-01-05 02:21:00
5903,C,8854.5,2026-01-05 02:22:00
5904,D,8856.0,2026-01-05 02:23:00
5905,A,8857.5,2026-01-05 02:24:00
5906,B,8859.0,2026-01-05 02:25:00
5907,C,8860.5,2026-01-05 02:26:00
5908,D,8862.0,2026-01-05 02:27:00
5909,A,8863.5,2026-01-05 02:28:00
5910,B,8865.0,2026-01-05 02:29:00
5911,C,8866.5,2026-01-05 02:30:00
5912,D,8868.0,2026-01-05 02:31:00
5913,A,8869.5,2026-01-05 02:32:00
5914,B,8871.0,2026-01-05 02:33:00
5915,C,8872.5,2026-01-05 02:34:00
5916,D,8874.0,2026-01-05 02:35:00
5917,A,8875.5,2026-01-05 02:36:00
5918,B,8877.0,2026-01-05 02:37:00
5919,C,8878.5,2026-01-05 02:38:00
5920,D,8880.0,2026-01-05 02:39:00
5921,A,8881.5,2026-01-05 02:40:00
5922,B,8883.0,2026-01-05 02:41:00
5923,C,8884.5,2026-01-05 02:42:00
5924,D,8886.0,2026-01-05 02:43:00
5925,A,8887.5,2026-01-05 02:44:00
5926,B,8889.0,2026-01-05 02:45:00
5927,C,8890.5,2026-01-05 02:46:00
5928,D,8892.0,2026-01-05 02:47:00
5929,A,8893.5,2026-01-05 02:48:00
5930,B,8895.0,2026-01-05 02:49:00
5931,C,8896.5,2026-01-05 02:50:00
5932,D,8898.0,2026-01-05 02:51:00
5933,A,8899.5,2026-01-05 02:52:00
5934,B,8901.0,2026-01-05 02:53:00
5935,C,8902.5,2026-01-05 02:54:00
5936,D,8904.0,2026-01-05 02:55:00
5937,A,8905.5,2026-01-05 02:56:00
5938,B,8907.0,2026-01-05 02:57:00
5939,C,8908.5,2026-01-05 02:58:00
5940,D,8910.0,2026-01-05 02:59:00
5941,A,8911.5,2026-01-05 03:00:00
5942,B,8913.0,2026-01-05 03:01:00
5943,C,8914.5,2026-01-05 03:02:00
5944,D,8916.0,2026-01-05 03:03:00
5945,A,8917.5,2026-01-05 03:04:00
5946,B,8919.0,2026-01-05 03:05:00
5947,C,8920.5,2026-01-05 03:06:00
5948,D,8922.0,2026-01-05 03:07:00
5949,A,8923.5,2026-01-05 03:08:00
5950,B,8925.0,2026-01-05 03:09:00
5951,C,8926.5,2026-01-05 03:10:00
5952,D,8928.0,2026-01-05 03:11:00
5953,A,8929.5,2026-01-05 03:12:00
5954,B,8931.0,2026-01-05 03:13:00
5955,C,8932.5,2026-01-05 03:14:00
5956,D,8934.0,2026-01-05 03:15:00
5957,A,8935.5,2026-01-05 03:16:00
5958,B,8937.0,2026-01-05 03:17:00
5959,C,8938.5,2026-01-05 03:18:00
5960,D,8940.0,2026-01-05 03:19:00
5961,A,8941.5,2026-01-05 03:20:00
5962,B,8943.0,2026-01-05 03:21:00
5963,C,8944.5,2026-01-05 03:22:00
5964,D,8946.0,2026-01-05 03:23:00
5965,A,8947.5,2026-01-05 03:24:00
5966,B,8949.0,2026-01-05 03:25:00
5967,C,8950.5,2026-01-05 03:26:00
5968,D,8952.0,2026-01-05 03:27:00
5969,A,8953.5,2026-01-05 03:28:00
5970,B,8955.0,2026-01-05 03:29:00
5971,C,8956.5,2026-01-05 03:30:00
5972,D,8958.0,2026-01-05 03:31:00
5973,A,8959.5,2026-01-05 03:32:00
5974,B,8961.0,2026-01-05 03:33:00
5975,C,8962.5,2026-01-05 03:34:00
5976,D,8964.0,2026-01-05 03:35:00
5977,A,8965.5,2026-01-05 03:36:00
5978,B,8967.0,2026-01-05 03:37:00
5979,C,8968.5,2026-01-05 03:38:00
5980,D,8970.0,2026-01-05 03:39:00
5981,A,8971.5,2026-01-05 03:40:00
5982,B,8973.0,2026-01-05 03:41:00
5983,C,8974.5,2026-01-05 03:42:00
5984,D,8976.0,2026-01-05 03:43:00
5985,A,8977.5,2026-01-05 03:44:00
5986,B,8979.0,2026-01-05 03:45:00
5987,C,8980.5,2026-01-05 03:46:00
5988,D,8982.0,2026-01-05 03:47:00
5989,A,8983.5,2026-01-05 03:48:00
5990,B,8985.0,2026-01-05 03:49:00
5991,C,8986.5,2026-01-05 03:50:00
5992,D,8988.0,2026-01-05 03:51:00
5993,A,8989.5,2026-01-05 03:52:00
5994,B,8991.0,2026-01-05 03:53:00
5995,C,8992.5,2026-01-05 03:54:00
5996,D,8994.0,2026-01-05 03:55:00
5997,A,8995.5,2026-01-05 03:56:00
5998,B,8997.0,2026-01-05 03:57:00
5999,C,8998.5,2026-01-05 03:58:00
6000,D,9000.0,2026-01-05 03:59:00
6001,A,9001.5,2026-01-05 04:00:00
6002,B,9003.0,2026-01-05 04:01:00
6003,C,9004.5,2026-01-05 04:02:00
6004,D,9006.0,2026-01-05 04:03:00
6005,A,9007.5,2026-01-05 04:04:00
6006,B,9009.0,2026-01-05 04:05:00
6007,C,9010.5,2026-01-05 04:06:00
6008,D,9012.0,2026-01-05 04:07:00
6009,A,9013.5,2026-01-05 04:08:00
6010,B,9015.0,2026-01-05 04:09:00
6011,C,9016.5,2026-01-05 04:10:00
6012,D,9018.0,2026-01-05 04:11:00
6013,A,9019.5,2026-01-05 04:12:00
6014,B,9021.0,2026-01-05 04:13:00
6015,C,9022.5,2026-01-05 04:14:00
6016,D,9024.0,2026-01-05 04:15:00
6017,A,9025.5,2026-01-05 04:16:00
6018,B,9027.0,2026-01-05 04:17:00
6019,C,9028.5,2026-01-05 04:18:00
6020,D,9030.0,2026-01-05 04:19:00
6021,A,9031.5,2026-01-05 04:20:00
6022,B,9033.0,2026-01-05 04:21:00
6023,C,9034.5,2026-01-05 04:22:00
6024,D,9036.0,2026-01-05 04:23:00
6025,A,9037.5,2026-01-05 04:24:00
6026,B,9039.0,2026-01-05 04:25:00
6027,C,9040.5,2026-01-05 04:26:00
6028,D,9042.0,2026-01-05 04:27:00
6029,A,9043.5,2026-01-05 04:28:00
6030,B,9045.0,2026-01-05 04:29:00
6031,C,9046.5,2026-01-05 04:30:00
6032,D,9048.0,2026-01-05 04:31:00
6033,A,9049.5,2026-01-05 04:32:00
6034,B,9051.0,2026-01-05 04:33:00
6035,C,9052.5,2026-01-05 04:34:00
6036,D,9054.0,2026-01-05 04:35:00
6037,A,9055.5,2026-01-05 04:36:00
6038,B,9057.0,2026-01-05 04:37:00
6039,C,9058.5,2026-01-05 04:38:00
6040,D,9060.0,2026-01-05 04:39:00
6041,A,9061.5,2026-01-05 04:40:00
6042,B,9063.0,2026-01-05 04:41:00
6043,C,9064.5,2026-01-05 04:42:00
6044,D,9066.0,2026-01-05 04:43:00
6045,A,9067.5,2026-01-05 04:44:00
6046,B,9069.0,2026-01-05 04:45:00
6047,C,9070.5,2026-01-05 04:46:00
6048,D,9072.0,2026-01-05 04:47:00
6049,A,9073.5,2026-01-05 04:48:00
6050,B,9075.0,2026-01-05 04:49:00
6051,C,9076.5,2026-01-05 04:50:00
6052,D,9078.0,2026-01-05 04:51:00
6053,A,9079.5,2026-01-05 04:52:00
6054,B,9081.0,2026-01-05 04:53:00
6055,C,9082.5,2026-01-05 04:54:00
6056,D,9084.0,2026-01-05 04:55:00
6057,A,9085.5,2026-01-05 04:56:00
6058,B,9087.0,2026-01-05 04:57:00
6059,C,9088.5,2026-01-05 04:58:00
6060,D,9090.0,2026-01-05 04:59:00
6061,A,9091.5,2026-01-05 05:00:00
6062,B,9093.0,2026-01-05 05:01:00
6063,C,9094.5,2026-01-05 05:02:00
6064,D,9096.0,2026-01-05 05:03:00
6065,A,9097.5,2026-01-05 05:04:00
6066,B,9099.0,2026-01-05 05:05:00
6067,C,9100.5,2026-01-05 05:06:00
6068,D,9102.0,2026-01-05 05:07:00
6069,A,9103.5,2026-01-05 05:08:00
6070,B,9105.0,2026-01-05 05:09:00
6071,C,9106.5,2026-01-05 05:10:00
6072,D,9108.0,2026-01-05 05:11:00
6073,A,9109.5,2026-01-05 05:12:00
6074,B,9111.0,2026-01-05 05:13:00
6075,C,9112.5,2026-01-05 05:14:00
6076,D,9114.0,2026-01-05 05:15:00
6077,A,9115.5,2026-01-05 05:16:00
6078,B,9117.0,2026-01-05 05:17:00
6079,C,9118.5,2026-01-05 05:18:00
6080,D,9120.0,2026-01-05 05:19:00
6081,A,9121.5,2026-01-05 05:20:00
6082,B,9123.0,2026-01-05 05:21:00
6083,C,9124.5,2026-01-05 05:22:00
6084,D,9126.0,2026-01-05 05:23:00
6085,A,9127.5,2026-01-05 05:24:00
6086,B,9129.0,2026-01-05 05:25:00
6087,C,9130.5,2026-01-05 05:26:00
6088,D,9132.0,2026-01-05 05:27:00
6089,A,9133.5,2026-01-05 05:28:00
6090,B,9135.0,2026-01-05 05:29:00
6091,C,9136.5,2026-01-05 05:30:00
6092,D,9138.0,2026-01-05 05:31:00
6093,A,9139.5,2026-01-05 05:32:00
6094,B,9141.0,2026-01-05 05:33:00
6095,C,9142.5,2026-01-05 05:34:00
6096,D,9144.0,2026-01-05 05:35:00
6097,A,9145.5,2026-01-05 05:36:00
6098,B,9147.0,2026-01-05 05:37:00
6099,C,9148.5,2026-01-05 05:38:00
6100,D,9150.0,2026-01-05 05:39:00
6101,A,9151.5,2026-01-05 05:40:00
6102,B,9153.0,2026-01-05 05:41:00
6103,C,9154.5,2026-01-05 05:42:00
6104,D,9156.0,2026-01-05 05:43:00
6105,A,9157.5,2026-01-05 05:44:00
6106,B,9159.0,2026-01-05 05:45:00
6107,C,9160.5,2026-01-05 05:46:00
6108,D,9162.0,2026-01-05 05:47:00
6109,A,9163.5,2026-01-05 05:48:00
6110,B,9165.0,2026-01-05 05:49:00
6111,C,9166.5,2026-01-05 05:50:00
6112,D,9168.0,2026-01-05 05:51:00
6113,A,9169.5,2026-01-05 05:52:00
6114,B,9171.0,2026-01-05 05:53:00
6115,C,9172.5,2026-01-05 05:54:00
6116,D,9174.0,2026-01-05 05:55:00
6117,A,9175.5,2026-01-05 05:56:00
6118,B,9177.0,2026-01-05 05:57:00
6119,C,9178.5,2026-01-05 05:58:00
6120,D,9180.0,2026-01-05 05:59:00
6121,A,9181.5,2026-01-05 06:00:00
6122,B,9183.0,2026-01-05 06:01:00
6123,C,9184.5,2026-01-05 06:02:00
6124,D,9186.0,2026-01-05 06:03:00
6125,A,9187.5,2026-01-05 06:04:00
6126,B,9189.0,2026-01-05 06:05:00
6127,C,9190.5,2026-01-05 06:06:00
6128,D,9192.0,2026-01-05 06:07:00
6129,A,9193.5,2026-01-05 06:08:00
6130,B,9195.0,2026-01-05 06:09:00
6131,C,9196.5,2026-01-05 06:10:00
6132,D,9198.0,2026-01-05 06:11:00
6133,A,9199.5,2026-01-05 06:12:00
6134,B,9201.0,2026-01-05 06:13:00
6135,C,9202.5,2026-01-05 06:14:00
6136,D,9204.0,2026-01-05 06:15:00
6137,A,9205.5,2026-01-05 06:16:00
6138,B,9207.0,2026-01-05 06:17:00
6139,C,9208.5,2026-01-05 06:18:00
6140,D,9210.0,2026-01-05 06:19:00
6141,A,9211.5,2026-01-05 06:20:00
6142,B,9213.0,2026-01-05 06:21:00
6143,C,9214.5,2026-01-05 06:22:00
6144,D,9216.0,2026-01-05 06:23:00
6145,A,9217.5,2026-01-05 06:24:00
6146,B,9219.0,2026-01-05 06:25:00
6147,C,9220.5,2026-01-05 06:26:00
6148,D,9222.0,2026-01-05 06:27:00
6149,A,9223.5,2026-01-05 06:28:00
6150,B,9225.0,2026-01-05 06:29:00
6151,C,9226.5,2026-01-05 06:30:00
6152,D,9228.0,2026-01-05 06:31:00
6153,A,9229.5,2026-01-05 06:32:00
6154,B,9231.0,2026-01-05 06:33:00
6155,C,9232.5,2026-01-05 06:34:00
6156,D,9234.0,2026-01-05 06:35:00
6157,A,9235.5,2026-01-05 06:36:00
6158,B,9237.0,2026-01-05 06:37:00
6159,C,9238.5,2026-01-05 06:38:00
6160,D,9240.0,2026-01-05 06:39:00
6161,A,9241.5,2026-01-05 06:40:00
6162,B,9243.0,2026-01-05 06:41:00
6163,C,9244.5,2026-01-05 06:42:00
6164,D,9246.0,2026-01-05 06:43:00
6165,A,9247.5,2026-01-05 06:44:00
6166,B,9249.0,2026-01-05 06:45:00
6167,C,9250.5,2026-01-05 06:46:00
6168,D,9252.0,2026-01-05 06:47:00
6169,A,9253.5,2026-01-05 06:48:00
6170,B,9255.0,2026-01-05 06:49:00
6171,C,9256.5,2026-01-05 06:50:00
6172,D,9258.0,2026-01-05 06:51:00
6173,A,9259.5,2026-01-05 06:52:00
6174,B,9261.0,2026-01-05 06:53:00
6175,C,9262.5,2026-01-05 06:54:00
6176,D,9264.0,2026-01-05 06:55:00
6177,A,9265.5,2026-01-05 06:56:00
6178,B,9267.0,2026-01-05 06:57:00
6179,C,9268.5,2026-01-05 06:58:00
6180,D,9270.0,2026-01-05 06:59:00
6181,A,9271.5,2026-01-05 07:00:00
6182,B,9273.0,2026-01-05 07:01:00
6183,C,9274.5,2026-01-05 07:02:00
6184,D,9276.0,2026-01-05 07:03:00
6185,A,9277.5,2026-01-05 07:04:00
6186,B,9279.0,2026-01-05 07:05:00
6187,C,9280.5,2026-01-05 07:06:00
6188,D,9282.0,2026-01-05 07:07:00
6189,A,9283.5,2026-01-05 07:08:00
6190,B,9285.0,2026-01-05 07:09:00
6191,C,9286.5,2026-01-05 07:10:00
6192,D,9288.0,2026-01-05 07:11:00
6193,A,9289.5,2026-01-05 07:12:00
6194,B,9291.0,2026-01-05 07:13:00
6195,C,9292.5,2026-01-05 07:14:00
6196,D,9294.0,2026-01-05 07:15:00
6197,A,9295.5,2026-01-05 07:16:00
6198,B,9297.0,2026-01-05 07:17:00
6199,C,9298.5,2026-01-05 07:18:00
6200,D,9300.0,2026-01-05 07:19:00
6201,A,9301.5,2026-01-05 07:20:00
6202,B,9303.0,2026-01-05 07:21:00
6203,C,9304.5,2026-01-05 07:22:00
6204,D,9306.0,2026-01-05 07:23:00
6205,A,9307.5,2026-01-05 07:24:00
6206,B,9309.0,2026-01-05 07:25:00
6207,C,9310.5,2026-01-05 07:26:00
6208,D,9312.0,2026-01-05 07:27:00
6209,A,9313.5,2026-01-05 07:28:00
6210,B,9315.0,2026-01-05 07:29:00
6211,C,9316.5,2026-01-05 07:30:00
6212,D,9318.0,2026-01-05 07:31:00
6213,A,9319.5,2026-01-05 07:32:00
6214,B,9321.0,2026-01-05 07:33:00
6215,C,9322.5,2026-01-05 07:34:00
6216,D,9324.0,2026-01-05 07:35:00
6217,A,9325.5,2026-01-05 07:36:00
6218,B,9327.0,2026-01-05 07:37:00
6219,C,9328.5,2026-01-05 07:38:00
6220,D,9330.0,2026-01-05 07:39:00
6221,A,9331.5,2026-01-05 07:40:00
6222,B,9333.0,2026-01-05 07:41:00
6223,C,9334.5,2026-01-05 07:42:00
6224,D,9336.0,2026-01-05 07:43:00
6225,A,9337.5,2026-01-05 07:44:00
6226,B,9339.0,2026-01-05 07:45:00
6227,C,9340.5,2026-01-05 07:46:00
6228,D,9342.0,2026-01-05 07:47:00
6229,A,9343.5,2026-01-05 07:48:00
6230,B,9345.0,2026-01-05 07:49:00
6231,C,9346.5,2026-01-05 07:50:00
6232,D,9348.0,2026-01-05 07:51:00
6233,A,9349.5,2026-01-05 07:52:00
6234,B,9351.0,2026-01-05 07:53:00
6235,C,9352.5,2026-01-05 07:54:00
6236,D,9354.0,2026-01-05 07:55:00
6237,A,9355.5,2026-01-05 07:56:00
6238,B,9357.0,2026-01-05 07:57:00
6239,C,9358.5,2026-01-05 07:58:00
6240,D,9360.0,2026-01-05 07:59:00
6241,A,9361.5,2026-01-05 08:00:00
6242,B,9363.0,2026-01-05 08:01:00
6243,C,9364.5,2026-01-05 08:02:00
6244,D,9366.0,2026-01-05 08:03:00
6245,A,9367.5,2026-01-05 08:04:00
6246,B,9369.0,2026-01-05 08:05:00
6247,C,9370.5,2026-01-05 08:06:00
6248,D,9372.0,2026-01-05 08:07:00
6249,A,9373.5,2026-01-05 08:08:00
6250,B,9375.0,2026-01-05 08:09:00
6251,C,9376.5,2026-01-05 08:10:00
6252,D,9378.0,2026-01-05 08:11:00
6253,A,9379.5,2026-01-05 08:12:00
6254,B,9381.0,2026-01-05 08:13:00
6255,C,9382.5,2026-01-05 08:14:00
6256,D,9384.0,2026-01-05 08:15:00
6257,A,9385.5,2026-01-05 08:16:00
6258,B,9387.0,2026-01-05 08:17:00
6259,C,9388.5,2026-01-05 08:18:00
6260,D,9390.0,2026-01-05 08:19:00
6261,A,9391.5,2026-01-05 08:20:00
6262,B,9393.0,2026-01-05 08:21:00
6263,C,9394.5,2026-01-05 08:22:00
6264,D,9396.0,2026-01-05 08:23:00
6265,A,9397.5,2026-01-05 08:24:00
6266,B,9399.0,2026-01-05 08:25:00
6267,C,9400.5,2026-01-05 08:26:00
6268,D,9402.0,2026-01-05 08:27:00
6269,A,9403.5,2026-01-05 08:28:00
6270,B,9405.0,2026-01-05 08:29:00
6271,C,9406.5,2026-01-05 08:30:00
6272,D,9408.0,2026-01-05 08:31:00
6273,A,9409.5,2026-01-05 08:32:00
6274,B,9411.0,2026-01-05 08:33:00
6275,C,9412.5,2026-01-05 08:34:00
6276,D,9414.0,2026-01-05 08:35:00
6277,A,9415.5,2026-01-05 08:36:00
6278,B,9417.0,2026-01-05 08:37:00
6279,C,9418.5,2026-01-05 08:38:00
6280,D,9420.0,2026-01-05 08:39:00
6281,A,9421.5,2026-01-05 08:40:00
6282,B,9423.0,2026-01-05 08:41:00
6283,C,9424.5,2026-01-05 08:42:00
6284,D,9426.0,2026-01-05 08:43:00
6285,A,9427.5,2026-01-05 08:44:00
6286,B,9429.0,2026-01-05 08:45:00
6287,C,9430.5,2026-01-05 08:46:00
6288,D,9432.0,2026-01-05 08:47:00
6289,A,9433.5,2026-01-05 08:48:00
6290,B,9435.0,2026-01-05 08:49:00
6291,C,9436.5,2026-01-05 08:50:00
6292,D,9438.0,2026-01-05 08:51:00
6293,A,9439.5,2026-01-05 08:52:00
6294,B,9441.0,2026-01-05 08:53:00
6295,C,9442.5,2026-01-05 08:54:00
6296,D,9444.0,2026-01-05 08:55:00
6297,A,9445.5,2026-01-05 08:56:00
6298,B,9447.0,2026-01-05 08:57:00
6299,C,9448.5,2026-01-05 08:58:00
6300,D,9450.0,2026-01-05 08:59:00
6301,A,9451.5,2026-01-05 09:00:00
6302,B,9453.0,2026-01-05 09:01:00
6303,C,9454.5,2026-01-05 09:02:00
6304,D,9456.0,2026-01-05 09:03:00
6305,A,9457.5,2026-01-05 09:04:00
6306,B,9459.0,2026-01-05 09:05:00
6307,C,9460.5,2026-01-05 09:06:00
6308,D,9462.0,2026-01-05 09:07:00
6309,A,9463.5,2026-01-05 09:08:00
6310,B,9465.0,2026-01-05 09:09:00
6311,C,9466.5,2026-01-05 09:10:00
6312,D,9468.0,2026-01-05 09:11:00
6313,A,9469.5,2026-01-05 09:12:00
6314,B,9471.0,2026-01-05 09:13:00
6315,C,9472.5,2026-01-05 09:14:00
6316,D,9474.0,2026-01-05 09:15:00
6317,A,9475.5,2026-01-05 09:16:00
6318,B,9477.0,2026-01-05 09:17:00
6319,C,9478.5,2026-01-05 09:18:00
6320,D,9480.0,2026-01-05 09:19:00
6321,A,9481.5,2026-01-05 09:20:00
6322,B,9483.0,2026-01-05 09:21:00
6323,C,9484.5,2026-01-05 09:22:00
6324,D,9486.0,2026-01-05 09:23:00
6325,A,9487.5,2026-01-05 09:24:00
6326,B,9489.0,2026-01-05 09:25:00
6327,C,9490.5,2026-01-05 09:26:00
6328,D,9492.0,2026-01-05 09:27:00
6329,A,9493.5,2026-01-05 09:28:00
6330,B,9495.0,2026-01-05 09:29:00
6331,C,9496.5,2026-01-05 09:30:00
6332,D,9498.0,2026-01-05 09:31:00
6333,A,9499.5,2026-01-05 09:32:00
6334,B,9501.0,2026-01-05 09:33:00
6335,C,9502.5,2026-01-05 09:34:00
6336,D,9504.0,2026-01-05 09:35:00
6337,A,9505.5,2026-01-05 09:36:00
6338,B,9507.0,2026-01-05 09:37:00
6339,C,9508.5,2026-01-05 09:38:00
6340,D,9510.0,2026-01-05 09:39:00
6341,A,9511.5,2026-01-05 09:40:00
6342,B,9513.0,2026-01-05 09:41:00
6343,C,9514.5,2026-01-05 09:42:00
6344,D,9516.0,2026-01-05 09:43:00
6345,A,9517.5,2026-01-05 09:44:00
6346,B,9519.0,2026-01-05 09:45:00
6347,C,9520.5,2026-01-05 09:46:00
6348,D,9522.0,2026-01-05 09:47:00
6349,A,9523.5,2026-01-05 09:48:00
6350,B,9525.0,2026-01-05 09:49:00
6351,C,9526.5,2026-01-05 09:50:00
6352,D,9528.0,2026-01-05 09:51:00
6353,A,9529.5,2026-01-05 09:52:00
6354,B,9531.0,2026-01-05 09:53:00
6355,C,9532.5,2026-01-05 09:54:00
6356,D,9534.0,2026-01-05 09:55:00
6357,A,9535.5,2026-01-05 09:56:00
6358,B,9537.0,2026-01-05 09:57:00
6359,C,9538.5,2026-01-05 09:58:00
6360,D,9540.0,2026-01-05 09:59:00
6361,A,9541.5,2026-01-05 10:00:00
6362,B,9543.0,2026-01-05 10:01:00
6363,C,9544.5,2026-01-05 10:02:00
6364,D,9546.0,2026-01-05 10:03:00
6365,A,9547.5,2026-01-05 10:04:00
6366,B,9549.0,2026-01-05 10:05:00
6367,C,9550.5,2026-01-05 10:06:00
6368,D,9552.0,2026-01-05 10:07:00
6369,A,9553.5,2026-01-05 10:08:00
6370,B,9555.0,2026-01-05 10:09:00
6371,C,9556.5,2026-01-05 10:10:00
6372,D,9558.0,2026-01-05 10:11:00
6373,A,9559.5,2026-01-05 10:12:00
6374,B,9561.0,2026-01-05 10:13:00
6375,C,9562.5,2026-01-05 10:14:00
6376,D,9564.0,2026-01-05 10:15:00
6377,A,9565.5,2026-01-05 10:16:00
6378,B,9567.0,2026-01-05 10:17:00
6379,C,9568.5,2026-01-05 10:18:00
6380,D,9570.0,2026-01-05 10:19:00
6381,A,9571.5,2026-01-05 10:20:00
6382,B,9573.0,2026-01-05 10:21:00
6383,C,9574.5,2026-01-05 10:22:00
6384,D,9576.0,2026-01-05 10:23:00
6385,A,9577.5,2026-01-05 10:24:00
6386,B,9579.0,2026-01-05 10:25:00
6387,C,9580.5,2026-01-05 10:26:00
6388,D,9582.0,2026-01-05 10:27:00
6389,A,9583.5,2026-01-05 10:28:00
6390,B,9585.0,2026-01-05 10:29:00
6391,C,9586.5,2026-01-05 10:30:00
6392,D,9588.0,2026-01-05 10:31:00
6393,A,9589.5,2026-01-05 10:32:00
6394,B,9591.0,2026-01-05 10:33:00
6395,C,9592.5,2026-01-05 10:34:00
6396,D,9594.0,2026-01-05 10:35:00
6397,A,9595.5,2026-01-05 10:36:00
6398,B,9597.0,2026-01-05 10:37:00
6399,C,9598.5,2026-01-05 10:38:00
6400,D,9600.0,2026-01-05 10:39:00
6401,A,9601.5,2026-01-05 10:40:00
6402,B,9603.0,2026-01-05 10:41:00
6403,C,9604.5,2026-01-05 10:42:00
6404,D,9606.0,2026-01-05 10:43:00
6405,A,9607.5,2026-01-05 10:44:00
6406,B,9609.0,2026-01-05 10:45:00
6407,C,9610.5,2026-01-05 10:46:00
6408,D,9612.0,2026-01-05 10:47:00
6409,A,9613.5,2026-01-05 10:48:00
6410,B,9615.0,2026-01-05 10:49:00
6411,C,9616.5,2026-01-05 10:50:00
6412,D,9618.0,2026-01-05 10:51:00
6413,A,9619.5,2026-01-05 10:52:00
6414,B,9621.0,2026-01-05 10:53:00
6415,C,9622.5,2026-01-05 10:54:00
6416,D,9624.0,2026-01-05 10:55:00
6417,A,9625.5,2026-01-05 10:56:00
6418,B,9627.0,2026-01-05 10:57:00
6419,C,9628.5,2026-01-05 10:58:00
6420,D,9630.0,2026-01-05 10:59:00
6421,A,9631.5,2026-01-05 11:00:00
6422,B,9633.0,2026-01-05 11:01:00
6423,C,9634.5,2026-01-05 11:02:00
6424,D,9636.0,2026-01-05 11:03:00
6425,A,9637.5,2026-01-05 11:04:00
6426,B,9639.0,2026-01-05 11:05:00
6427,C,9640.5,2026-01-05 11:06:00
6428,D,9642.0,2026-01-05 11:07:00
6429,A,9643.5,2026-01-05 11:08:00
6430,B,9645.0,2026-01-05 11:09:00
6431,C,9646.5,2026-01-05 11:10:00
6432,D,9648.0,2026-01-05 11:11:00
6433,A,9649.5,2026-01-05 11:12:00
6434,B,9651.0,2026-01-05 11:13:00
6435,C,9652.5,2026-01-05 11:14:00
6436,D,9654.0,2026-01-05 11:15:00
6437,A,9655.5,2026-01-05 11:16:00
6438,B,9657.0,2026-01-05 11:17:00
6439,C,9658.5,2026-01-05 11:18:00
6440,D,9660.0,2026-01-05 11:19:00
6441,A,9661.5,2026-01-05 11:20:00
6442,B,9663.0,2026-01-05 11:21:00
6443,C,9664.5,2026-01-05 11:22:00
6444,D,9666.0,2026-01-05 11:23:00
6445,A,9667.5,2026-01-05 11:24:00
6446,B,9669.0,2026-01-05 11:25:00
6447,C,9670.5,2026-01-05 11:26:00
6448,D,9672.0,2026-01-05 11:27:00
6449,A,9673.5,2026-01-05 11:28:00
6450,B,9675.0,2026-01-05 11:29:00
6451,C,9676.5,2026-01-05 11:30:00
6452,D,9678.0,2026-01-05 11:31:00
6453,A,9679.5,2026-01-05 11:32:00
6454,B,9681.0,2026-01-05 11:33:00
6455,C,9682.5,2026-01-05 11:34:00
6456,D,9684.0,2026-01-05 11:35:00
6457,A,9685.5,2026-01-05 11:36:00
6458,B,9687.0,2026-01-05 11:37:00
6459,C,9688.5,2026-01-05 11:38:00
6460,D,9690.0,2026-01-05 11:39:00
6461,A,9691.5,2026-01-05 11:40:00
6462,B,9693.0,2026-01-05 11:41:00
6463,C,9694.5,2026-01-05 11:42:00
6464,D,9696.0,2026-01-05 11:43:00
6465,A,9697.5,2026-01-05 11:44:00
6466,B,9699.0,2026-01-05 11:45:00
6467,C,9700.5,2026-01-05 11:46:00
6468,D,9702.0,2026-01-05 11:47:00
6469,A,9703.5,2026-01-05 11:48:00
6470,B,9705.0,2026-01-05 11:49:00
6471,C,9706.5,2026-01-05 11:50:00
6472,D,9708.0,2026-01-05 11:51:00
6473,A,9709.5,2026-01-05 11:52:00
6474,B,9711.0,2026-01-05 11:53:00
6475,C,9712.5,2026-01-05 11:54:00
6476,D,9714.0,2026-01-05 11:55:00
6477,A,9715.5,2026-01-05 11:56:00
6478,B,9717.0,2026-01-05 11:57:00
6479,C,9718.5,2026-01-05 11:58:00
6480,D,9720.0,2026-01-05 11:59:00
6481,A,9721.5,2026-01-05 12:00:00
6482,B,9723.0,2026-01-05 12:01:00
6483,C,9724.5,2026-01-05 12:02:00
6484,D,9726.0,2026-01-05 12:03:00
6485,A,9727.5,2026-01-05 12:04:00
6486,B,9729.0,2026-01-05 12:05:00
6487,C,9730.5,2026-01-05 12:06:00
6488,D,9732.0,2026-01-05 12:07:00
6489,A,9733.5,2026-01-05 12:08:00
6490,B,9735.0,2026-01-05 12:09:00
6491,C,9736.5,2026-01-05 12:10:00
6492,D,9738.0,2026-01-05 12:11:00
6493,A,9739.5,2026-01-05 12:12:00
6494,B,9741.0,2026-01-05 12:13:00
6495,C,9742.5,2026-01-05 12:14:00
6496,D,9744.0,2026-01-05 12:15:00
6497,A,9745.5,2026-01-05 12:16:00
6498,B,9747.0,2026-01-05 12:17:00
6499,C,9748.5,2026-01-05 12:18:00
6500,D,9750.0,2026-01-05 12:19:00
6501,A,9751.5,2026-01-05 12:20:00
6502,B,9753.0,2026-01-05 12:21:00
6503,C,9754.5,2026-01-05 12:22:00
6504,D,9756.0,2026-01-05 12:23:00
6505,A,9757.5,2026-01-05 12:24:00
6506,B,9759.0,2026-01-05 12:25:00
6507,C,9760.5,2026-01-05 12:26:00
6508,D,9762.0,2026-01-05 12:27:00
6509,A,9763.5,2026-01-05 12:28:00
6510,B,9765.0,2026-01-05 12:29:00
6511,C,9766.5,2026-01-05 12:30:00
6512,D,9768.0,2026-01-05 12:31:00
6513,A,9769.5,2026-01-05 12:32:00
6514,B,9771.0,2026-01-05 12:33:00
6515,C,9772.5,2026-01-05 12:34:00
6516,D,9774.0,2026-01-05 12:35:00
6517,A,9775.5,2026-01-05 12:36:00
6518,B,9777.0,2026-01-05 12:37:00
6519,C,9778.5,2026-01-05 12:38:00
6520,D,9780.0,2026-01-05 12:39:00
6521,A,9781.5,2026-01-05 12:40:00
6522,B,9783.0,2026-01-05 12:41:00
6523,C,9784.5,2026-01-05 12:42:00
6524,D,9786.0,2026-01-05 12:43:00
6525,A,9787.5,2026-01-05 12:44:00
6526,B,9789.0,2026-01-05 12:45:00
6527,C,9790.5,2026-01-05 12:46:00
6528,D,9792.0,2026-01-05 12:47:00
6529,A,9793.5,2026-01-05 12:48:00
6530,B,9795.0,2026-01-05 12:49:00
6531,C,9796.5,2026-01-05 12:50:00
6532,D,9798.0,2026-01-05 12:51:00
6533,A,9799.5,2026-01-05 12:52:00
6534,B,9801.0,2026-01-05 12:53:00
6535,C,9802.5,2026-01-05 12:54:00
6536,D,9804.0,2026-01-05 12:55:00
6537,A,9805.5,2026-01-05 12:56:00
6538,B,9807.0,2026-01-05 12:57:00
6539,C,9808.5,2026-01-05 12:58:00
6540,D,9810.0,2026-01-05 12:59:00
6541,A,9811.5,2026-01-05 13:00:00
6542,B,9813.0,2026-01-05 13:01:00
6543,C,9814.5,2026-01-05 13:02:00
6544,D,9816.0,2026-01-05 13:03:00
6545,A,9817.5,2026-01-05 13:04:00
6546,B,9819.0,2026-01-05 13:05:00
6547,C,9820.5,2026-01-05 13:06:00
6548,D,9822.0,2026-01-05 13:07:00
6549,A,9823.5,2026-01-05 13:08:00
6550,B,9825.0,2026-01-05 13:09:00
6551,C,9826.5,2026-01-05 13:10:00
6552,D,9828.0,2026-01-05 13:11:00
6553,A,9829.5,2026-01-05 13:12:00
6554,B,9831.0,2026-01-05 13:13:00
6555,C,9832.5,2026-01-05 13:14:00
6556,D,9834.0,2026-01-05 13:15:00
6557,A,9835.5,2026-01-05 13:16:00
6558,B,9837.0,2026-01-05 13:17:00
6559,C,9838.5,2026-01-05 13:18:00
6560,D,9840.0,2026-01-05 13:19:00
6561,A,9841.5,2026-01-05 13:20:00
6562,B,9843.0,2026-01-05 13:21:00
6563,C,9844.5,2026-01-05 13:22:00
6564,D,9846.0,2026-01-05 13:23:00
6565,A,9847.5,2026-01-05 13:24:00
6566,B,9849.0,2026-01-05 13:25:00
6567,C,9850.5,2026-01-05 13:26:00
6568,D,9852.0,2026-01-05 13:27:00
6569,A,9853.5,2026-01-05 13:28:00
6570,B,9855.0,2026-01-05 13:29:00
6571,C,9856.5,2026-01-05 13:30:00
6572,D,9858.0,2026-01-05 13:31:00
6573,A,9859.5,2026-01-05 13:32:00
6574,B,9861.0,2026-01-05 13:33:00
6575,C,9862.5,2026-01-05 13:34:00
6576,D,9864.0,2026-01-05 13:35:00
6577,A,9865.5,2026-01-05 13:36:00
6578,B,9867.0,2026-01-05 13:37:00
6579,C,9868.5,2026-01-05 13:38:00
6580,D,9870.0,2026-01-05 13:39:00
6581,A,9871.5,2026-01-05 13:40:00
6582,B,9873.0,2026-01-05 13:41:00
6583,C,9874.5,2026-01-05 13:42:00
6584,D,9876.0,2026-01-05 13:43:00
6585,A,9877.5,2026-01-05 13:44:00
6586,B,9879.0,2026-01-05 13:45:00
6587,C,9880.5,2026-01-05 13:46:00
6588,D,9882.0,2026-01-05 13:47:00
6589,A,9883.5,2026-01-05 13:48:00
6590,B,9885.0,2026-01-05 13:49:00
6591,C,9886.5,2026-01-05 13:50:00
6592,D,9888.0,2026-01-05 13:51:00
6593,A,9889.5,2026-01-05 13:52:00
6594,B,9891.0,2026-01-05 13:53:00
6595,C,9892.5,2026-01-05 13:54:00
6596,D,9894.0,2026-01-05 13:55:00
6597,A,9895.5,2026-01-05 13:56:00
6598,B,9897.0,2026-01-05 13:57:00
6599,C,9898.5,2026-01-05 13:58:00
6600,D,9900.0,2026-01-05 13:59:00
6601,A,9901.5,2026-01-05 14:00:00
6602,B,9903.0,2026-01-05 14:01:00
6603,C,9904.5,2026-01-05 14:02:00
6604,D,9906.0,2026-01-05 14:03:00
6605,A,9907.5,2026-01-05 14:04:00
6606,B,9909.0,2026-01-05 14:05:00
6607,C,9910.5,2026-01-05 14:06:00
6608,D,9912.0,2026-01-05 14:07:00
6609,A,9913.5,2026-01-05 14:08:00
6610,B,9915.0,2026-01-05 14:09:00
6611,C,9916.5,2026-01-05 14:10:00
6612,D,9918.0,2026-01-05 14:11:00
6613,A,9919.5,2026-01-05 14:12:00
6614,B,9921.0,2026-01-05 14:13:00
6615,C,9922.5,2026-01-05 14:14:00
6616,D,9924.0,2026-01-05 14:15:00
6617,A,9925.5,2026-01-05 14:16:00
6618,B,9927.0,2026-01-05 14:17:00
6619,C,9928.5,2026-01-05 14:18:00
6620,D,9930.0,2026-01-05 14:19:00
6621,A,9931.5,2026-01-05 14:20:00
6622,B,9933.0,2026-01-05 14:21:00
6623,C,9934.5,2026-01-05 14:22:00
6624,D,9936.0,2026-01-05 14:23:00
6625,A,9937.5,2026-01-05 14:24:00
6626,B,9939.0,2026-01-05 14:25:00
6627,C,9940.5,2026-01-05 14:26:00
6628,D,9942.0,2026-01-05 14:27:00
6629,A,9943.5,2026-01-05 14:28:00
6630,B,9945.0,2026-01-05 14:29:00
6631,C,9946.5,2026-01-05 14:30:00
6632,D,9948.0,2026-01-05 14:31:00
6633,A,9949.5,2026-01-05 14:32:00
6634,B,9951.0,2026-01-05 14:33:00
6635,C,9952.5,2026-01-05 14:34:00
6636,D,9954.0,2026-01-05 14:35:00
6637,A,9955.5,2026-01-05 14:36:00
6638,B,9957.0,2026-01-05 14:37:00
6639,C,9958.5,2026-01-05 14:38:00
6640,D,9960.0,2026-01-05 14:39:00
6641,A,9961.5,2026-01-05 14:40:00
6642,B,9963.0,2026-01-05 14:41:00
6643,C,9964.5,2026-01-05 14:42:00
6644,D,9966.0,2026-01-05 14:43:00
6645,A,9967.5,2026-01-05 14:44:00
6646,B,9969.0,2026-01-05 14:45:00
6647,C,9970.5,2026-01-05 14:46:00
6648,D,9972.0,2026-01-05 14:47:00
6649,A,9973.5,2026-01-05 14:48:00
6650,B,9975.0,2026-01-05 14:49:00
6651,C,9976.5,2026-01-05 14:50:00
6652,D,9978.0,2026-01-05 14:51:00
6653,A,9979.5,2026-01-05 14:52:00
6654,B,9981.0,2026-01-05 14:53:00
6655,C,9982.5,2026-01-05 14:54:00
6656,D,9984.0,2026-01-05 14:55:00
6657,A,9985.5,2026-01-05 14:56:00
6658,B,9987.0,2026-01-05 14:57:00
6659,C,9988.5,2026-01-05 14:58:00
6660,D,9990.0,2026-01-05 14:59:00
6661,A,9991.5,2026-01-05 15:00:00
6662,B,9993.0,2026-01-05 15:01:00
6663,C,9994.5,2026-01-05 15:02:00
6664,D,9996.0,2026-01-05 15:03:00
6665,A,9997.5,2026-01-05 15:04:00
6666,B,9999.0,2026-01-05 15:05:00
6667,C,10000.5,2026-01-05 15:06:00
6668,D,10002.0,2026-01-05 15:07:00
6669,A,10003.5,2026-01-05 15:08:00
6670,B,10005.0,2026-01-05 15:09:00
6671,C,10006.5,2026-01-05 15:10:00
6672,D,10008.0,2026-01-05 15:11:00
6673,A,10009.5,2026-01-05 15:12:00
6674,B,10011.0,2026-01-05 15:13:00
6675,C,10012.5,2026-01-05 15:14:00
6676,D,10014.0,2026-01-05 15:15:00
6677,A,10015.5,2026-01-05 15:16:00
6678,B,10017.0,2026-01-05 15:17:00
6679,C,10018.5,2026-01-05 15:18:00
6680,D,10020.0,2026-01-05 15:19:00
6681,A,10021.5,2026-01-05 15:20:00
6682,B,10023.0,2026-01-05 15:21:00
6683,C,10024.5,2026-01-05 15:22:00
6684,D,10026.0,2026-01-05 15:23:00
6685,A,10027.5,2026-01-05 15:24:00
6686,B,10029.0,2026-01-05 15:25:00
6687,C,10030.5,2026-01-05 15:26:00
6688,D,10032.0,2026-01-05 15:27:00
6689,A,10033.5,2026-01-05 15:28:00
6690,B,10035.0,2026-01-05 15:29:00
6691,C,10036.5,2026-01-05 15:30:00
6692,D,10038.0,2026-01-05 15:31:00
6693,A,10039.5,2026-01-05 15:32:00
6694,B,10041.0,2026-01-05 15:33:00
6695,C,10042.5,2026-01-05 15:34:00
6696,D,10044.0,2026-01-05 15:35:00
6697,A,10045.5,2026-01-05 15:36:00
6698,B,10047.0,2026-01-05 15:37:00
6699,C,10048.5,2026-01-05 15:38:00
6700,D,10050.0,2026-01-05 15:39:00
6701,A,10051.5,2026-01-05 15:40:00
6702,B,10053.0,2026-01-05 15:41:00
6703,C,10054.5,2026-01-05 15:42:00
6704,D,10056.0,2026-01-05 15:43:00
6705,A,10057.5,2026-01-05 15:44:00
6706,B,10059.0,2026-01-05 15:45:00
6707,C,10060.5,2026-01-05 15:46:00
6708,D,10062.0,2026-01-05 15:47:00
6709,A,10063.5,2026-01-05 15:48:00
6710,B,10065.0,2026-01-05 15:49:00
6711,C,10066.5,2026-01-05 15:50:00
6712,D,10068.0,2026-01-05 15:51:00
6713,A,10069.5,2026-01-05 15:52:00
6714,B,10071.0,2026-01-05 15:53:00
6715,C,10072.5,2026-01-05 15:54:00
6716,D,10074.0,2026-01-05 15:55:00
6717,A,10075.5,2026-01-05 15:56:00
6718,B,10077.0,2026-01-05 15:57:00
6719,C,10078.5,2026-01-05 15:58:00
6720,D,10080.0,2026-01-05 15:59:00
6721,A,10081.5,2026-01-05 16:00:00
6722,B,10083.0,2026-01-05 16:01:00
6723,C,10084.5,2026-01-05 16:02:00
6724,D,10086.0,2026-01-05 16:03:00
6725,A,10087.5,2026-01-05 16:04:00
6726,B,10089.0,2026-01-05 16:05:00
6727,C,10090.5,2026-01-05 16:06:00
6728,D,10092.0,2026-01-05 16:07:00
6729,A,10093.5,2026-01-05 16:08:00
6730,B,10095.0,2026-01-05 16:09:00
6731,C,10096.5,2026-01-05 16:10:00
6732,D,10098.0,2026-01-05 16:11:00
6733,A,10099.5,2026-01-05 16:12:00
6734,B,10101.0,2026-01-05 16:13:00
6735,C,10102.5,2026-01-05 16:14:00
6736,D,10104.0,2026-01-05 16:15:00
6737,A,10105.5,2026-01-05 16:16:00
6738,B,10107.0,2026-01-05 16:17:00
6739,C,10108.5,2026-01-05 16:18:00
6740,D,10110.0,2026-01-05 16:19:00
6741,A,10111.5,2026-01-05 16:20:00
6742,B,10113.0,2026-01-05 16:21:00
6743,C,10114.5,2026-01-05 16:22:00
6744,D,10116.0,2026-01-05 16:23:00
6745,A,10117.5,2026-01-05 16:24:00
6746,B,10119.0,2026-01-05 16:25:00
6747,C,10120.5,2026-01-05 16:26:00
6748,D,10122.0,2026-01-05 16:27:00
6749,A,10123.5,2026-01-05 16:28:00
6750,B,10125.0,2026-01-05 16:29:00
6751,C,10126.5,2026-01-05 16:30:00
6752,D,10128.0,2026-01-05 16:31:00
6753,A,10129.5,2026-01-05 16:32:00
6754,B,10131.0,2026-01-05 16:33:00
6755,C,10132.5,2026-01-05 16:34:00
6756,D,10134.0,2026-01-05 16:35:00
6757,A,10135.5,2026-01-05 16:36:00
6758,B,10137.0,2026-01-05 16:37:00
6759,C,10138.5,2026-01-05 16:38:00
6760,D,10140.0,2026-01-05 16:39:00
6761,A,10141.5,2026-01-05 16:40:00
6762,B,10143.0,2026-01-05 16:41:00
6763,C,10144.5,2026-01-05 16:42:00
6764,D,10146.0,2026-01-05 16:43:00
6765,A,10147.5,2026-01-05 16:44:00
6766,B,10149.0,2026-01-05 16:45:00
6767,C,10150.5,2026-01-05 16:46:00
6768,D,10152.0,2026-01-05 16:47:00
6769,A,10153.5,2026-01-05 16:48:00
6770,B,10155.0,2026-01-05 16:49:00
6771,C,10156.5,2026-01-05 16:50:00
6772,D,10158.0,2026-01-05 16:51:00
6773,A,10159.5,2026-01-05 16:52:00
6774,B,10161.0,2026-01-05 16:53:00
6775,C,10162.5,2026-01-05 16:54:00
6776,D,10164.0,2026-01-05 16:55:00
6777,A,10165.5,2026-01-05 16:56:00
6778,B,10167.0,2026-01-05 16:57:00
6779,C,10168.5,2026-01-05 16:58:00
6780,D,10170.0,2026-01-05 16:59:00
6781,A,10171.5,2026-01-05 17:00:00
6782,B,10173.0,2026-01-05 17:01:00
6783,C,10174.5,2026-01-05 17:02:00
6784,D,10176.0,2026-01-05 17:03:00
6785,A,10177.5,2026-01-05 17:04:00
6786,B,10179.0,2026-01-05 17:05:00
6787,C,10180.5,2026-01-05 17:06:00
6788,D,10182.0,2026-01-05 17:07:00
6789,A,10183.5,2026-01-05 17:08:00
6790,B,10185.0,2026-01-05 17:09:00
6791,C,10186.5,2026-01-05 17:10:00
6792,D,10188.0,2026-01-05 17:11:00
6793,A,10189.5,2026-01-05 17:12:00
6794,B,10191.0,2026-01-05 17:13:00
6795,C,10192.5,2026-01-05 17:14:00
6796,D,10194.0,2026-01-05 17:15:00
6797,A,10195.5,2026-01-05 17:16:00
6798,B,10197.0,2026-01-05 17:17:00
6799,C,10198.5,2026-01-05 17:18:00
6800,D,10200.0,2026-01-05 17:19:00
6801,A,10201.5,2026-01-05 17:20:00
6802,B,10203.0,2026-01-05 17:21:00
6803,C,10204.5,2026-01-05 17:22:00
6804,D,10206.0,2026-01-05 17:23:00
6805,A,10207.5,2026-01-05 17:24:00
6806,B,10209.0,2026-01-05 17:25:00
6807,C,10210.5,2026-01-05 17:26:00
6808,D,10212.0,2026-01-05 17:27:00
6809,A,10213.5,2026-01-05 17:28:00
6810,B,10215.0,2026-01-05 17:29:00
6811,C,10216.5,2026-01-05 17:30:00
6812,D,10218.0,2026-01-05 17:31:00
6813,A,10219.5,2026-01-05 17:32:00
6814,B,10221.0,2026-01-05 17:33:00
6815,C,10222.5,2026-01-05 17:34:00
6816,D,10224.0,2026-01-05 17:35:00
6817,A,10225.5,2026-01-05 17:36:00
6818,B,10227.0,2026-01-05 17:37:00
6819,C,10228.5,2026-01-05 17:38:00
6820,D,10230.0,2026-01-05 17:39:00
6821,A,10231.5,2026-01-05 17:40:00
6822,B,10233.0,2026-01-05 17:41:00
6823,C,10234.5,2026-01-05 17:42:00
6824,D,10236.0,2026-01-05 17:43:00
6825,A,10237.5,2026-01-05 17:44:00
6826,B,10239.0,2026-01-05 17:45:00
6827,C,10240.5,2026-01-05 17:46:00
6828,D,10242.0,2026-01-05 17:47:00
6829,A,10243.5,2026-01-05 17:48:00
6830,B,10245.0,2026-01-05 17:49:00
6831,C,10246.5,2026-01-05 17:50:00
6832,D,10248.0,2026-01-05 17:51:00
6833,A,10249.5,2026-01-05 17:52:00
6834,B,10251.0,2026-01-05 17:53:00
6835,C,10252.5,2026-01-05 17:54:00
6836,D,10254.0,2026-01-05 17:55:00
6837,A,10255.5,2026-01-05 17:56:00
6838,B,10257.0,2026-01-05 17:57:00
6839,C,10258.5,2026-01-05 17:58:00
6840,D,10260.0,2026-01-05 17:59:00
6841,A,10261.5,2026-01-05 18:00:00
6842,B,10263.0,2026-01-05 18:01:00
6843,C,10264.5,2026-01-05 18:02:00
6844,D,10266.0,2026-01-05 18:03:00
6845,A,10267.5,2026-01-05 18:04:00
6846,B,10269.0,2026-01-05 18:05:00
6847,C,10270.5,2026-01-05 18:06:00
6848,D,10272.0,2026-01-05 18:07:00
6849,A,10273.5,2026-01-05 18:08:00
6850,B,10275.0,2026-01-05 18:09:00
6851,C,10276.5,2026-01-05 18:10:00
6852,D,10278.0,2026-01-05 18:11:00
6853,A,10279.5,2026-01-05 18:12:00
6854,B,10281.0,2026-01-05 18:13:00
6855,C,10282.5,2026-01-05 18:14:00
6856,D,10284.0,2026-01-05 18:15:00
6857,A,10285.5,2026-01-05 18:16:00
6858,B,10287.0,2026-01-05 18:17:00
6859,C,10288.5,2026-01-05 18:18:00
6860,D,10290.0,2026-01-05 18:19:00
6861,A,10291.5,2026-01-05 18:20:00
6862,B,10293.0,2026-01-05 18:21:00
6863,C,10294.5,2026-01-05 18:22:00
6864,D,10296.0,2026-01-05 18:23:00
6865,A,10297.5,2026-01-05 18:24:00
6866,B,10299.0,2026-01-05 18:25:00
6867,C,10300.5,2026-01-05 18:26:00
6868,D,10302.0,2026-01-05 18:27:00
6869,A,10303.5,2026-01-05 18:28:00
6870,B,10305.0,2026-01-05 18:29:00
6871,C,10306.5,2026-01-05 18:30:00
6872,D,10308.0,2026-01-05 18:31:00
6873,A,10309.5,2026-01-05 18:32:00
6874,B,10311.0,2026-01-05 18:33:00
6875,C,10312.5,2026-01-05 18:34:00
6876,D,10314.0,2026-01-05 18:35:00
6877,A,10315.5,2026-01-05 18:36:00
6878,B,10317.0,2026-01-05 18:37:00
6879,C,10318.5,2026-01-05 18:38:00
6880,D,10320.0,2026-01-05 18:39:00
6881,A,10321.5,2026-01-05 18:40:00
6882,B,10323.0,2026-01-05 18:41:00
6883,C,10324.5,2026-01-05 18:42:00
6884,D,10326.0,2026-01-05 18:43:00
6885,A,10327.5,2026-01-05 18:44:00
6886,B,10329.0,2026-01-05 18:45:00
6887,C,10330.5,2026-01-05 18:46:00
6888,D,10332.0,2026-01-05 18:47:00
6889,A,10333.5,2026-01-05 18:48:00
6890,B,10335.0,2026-01-05 18:49:00
6891,C,10336.5,2026-01-05 18:50:00
6892,D,10338.0,2026-01-05 18:51:00
6893,A,10339.5,2026-01-05 18:52:00
6894,B,10341.0,2026-01-05 18:53:00
6895,C,10342.5,2026-01-05 18:54:00
6896,D,10344.0,2026-01-05 18:55:00
6897,A,10345.5,2026-01-05 18:56:00
6898,B,10347.0,2026-01-05 18:57:00
6899,C,10348.5,2026-01-05 18:58:00
6900,D,10350.0,2026-01-05 18:59:00
6901,A,10351.5,2026-01-05 19:00:00
6902,B,10353.0,2026-01-05 19:01:00
6903,C,10354.5,2026-01-05 19:02:00
6904,D,10356.0,2026-01-05 19:03:00
6905,A,10357.5,2026-01-05 19:04:00
6906,B,10359.0,2026-01-05 19:05:00
6907,C,10360.5,2026-01-05 19:06:00
6908,D,10362.0,2026-01-05 19:07:00
6909,A,10363.5,2026-01-05 19:08:00
6910,B,10365.0,2026-01-05 19:09:00
6911,C,10366.5,2026-01-05 19:10:00
6912,D,10368.0,2026-01-05 19:11:00
6913,A,10369.5,2026-01-05 19:12:00
6914,B,10371.0,2026-01-05 19:13:00
6915,C,10372.5,2026-01-05 19:14:00
6916,D,10374.0,2026-01-05 19:15:00
6917,A,10375.5,2026-01-05 19:16:00
6918,B,10377.0,2026-01-05 19:17:00
6919,C,10378.5,2026-01-05 19:18:00
6920,D,10380.0,2026-01-05 19:19:00
6921,A,10381.5,2026-01-05 19:20:00
6922,B,10383.0,2026-01-05 19:21:00
6923,C,10384.5,2026-01-05 19:22:00
6924,D,10386.0,2026-01-05 19:23:00
6925,A,10387.5,2026-01-05 19:24:00
6926,B,10389.0,2026-01-05 19:25:00
6927,C,10390.5,2026-01-05 19:26:00
6928,D,10392.0,2026-01-05 19:27:00
6929,A,10393.5,2026-01-05 19:28:00
6930,B,10395.0,2026-01-05 19:29:00
6931,C,10396.5,2026-01-05 19:30:00
6932,D,10398.0,2026-01-05 19:31:00
6933,A,10399.5,2026-01-05 19:32:00
6934,B,10401.0,2026-01-05 19:33:00
6935,C,10402.5,2026-01-05 19:34:00
6936,D,10404.0,2026-01-05 19:35:00
6937,A,10405.5,2026-01-05 19:36:00
6938,B,10407.0,2026-01-05 19:37:00
6939,C,10408.5,2026-01-05 19:38:00
6940,D,10410.0,2026-01-05 19:39:00
6941,A,10411.5,2026-01-05 19:40:00
6942,B,10413.0,2026-01-05 19:41:00
6943,C,10414.5,2026-01-05 19:42:00
6944,D,10416.0,2026-01-05 19:43:00
6945,A,10417.5,2026-01-05 19:44:00
6946,B,10419.0,2026-01-05 19:45:00
6947,C,10420.5,2026-01-05 19:46:00
6948,D,10422.0,2026-01-05 19:47:00
6949,A,10423.5,2026-01-05 19:48:00
6950,B,10425.0,2026-01-05 19:49:00
6951,C,10426.5,2026-01-05 19:50:00
6952,D,10428.0,2026-01-05 19:51:00
6953,A,10429.5,2026-01-05 19:52:00
6954,B,10431.0,2026-01-05 19:53:00
6955,C,10432.5,2026-01-05 19:54:00
6956,D,10434.0,2026-01-05 19:55:00
6957,A,10435.5,2026-01-05 19:56:00
6958,B,10437.0,2026-01-05 19:57:00
6959,C,10438.5,2026-01-05 19:58:00
6960,D,10440.0,2026-01-05 19:59:00
6961,A,10441.5,2026-01-05 20:00:00
6962,B,10443.0,2026-01-05 20:01:00
6963,C,10444.5,2026-01-05 20:02:00
6964,D,10446.0,2026-01-05 20:03:00
6965,A,10447.5,2026-01-05 20:04:00
6966,B,10449.0,2026-01-05 20:05:00
6967,C,10450.5,2026-01-05 20:06:00
6968,D,10452.0,2026-01-05 20:07:00
6969,A,10453.5,2026-01-05 20:08:00
6970,B,10455.0,2026-01-05 20:09:00
6971,C,10456.5,2026-01-05 20:10:00
6972,D,10458.0,2026-01-05 20:11:00
6973,A,10459.5,2026-01-05 20:12:00
6974,B,10461.0,2026-01-05 20:13:00
6975,C,10462.5,2026-01-05 20:14:00
6976,D,10464.0,2026-01-05 20:15:00
6977,A,10465.5,2026-01-05 20:16:00
6978,B,10467.0,2026-01-05 20:17:00
6979,C,10468.5,2026-01-05 20:18:00
6980,D,10470.0,2026-01-05 20:19:00
6981,A,10471.5,2026-01-05 20:20:00
6982,B,10473.0,2026-01-05 20:21:00
6983,C,10474.5,2026-01-05 20:22:00
6984,D,10476.0,2026-01-05 20:23:00
6985,A,10477.5,2026-01-05 20:24:00
6986,B,10479.0,2026-01-05 20:25:00
6987,C,10480.5,2026-01-05 20:26:00
6988,D,10482.0,2026-01-05 20:27:00
6989,A,10483.5,2026-01-05 20:28:00
6990,B,10485.0,2026-01-05 20:29:00
6991,C,10486.5,2026-01-05 20:30:00
6992,D,10488.0,2026-01-05 20:31:00
6993,A,10489.5,2026-01-05 20:32:00
6994,B,10491.0,2026-01-05 20:33:00
6995,C,10492.5,2026-01-05 20:34:00
6996,D,10494.0,2026-01-05 20:35:00
6997,A,10495.5,2026-01-05 20:36:00
6998,B,10497.0,2026-01-05 20:37:00
6999,C,10498.5,2026-01-05 20:38:00
7000,D,10500.0,2026-01-05 20:39:00
7001,A,10501.5,2026-01-05 20:40:00
7002,B,10503.0,2026-01-05 20:41:00
7003,C,10504.5,2026-01-05 20:42:00
7004,D,10506.0,2026-01-05 20:43:00
7005,A,10507.5,2026-01-05 20:44:00
7006,B,10509.0,2026-01-05 20:45:00
7007,C,10510.5,2026-01-05 20:46:00
7008,D,10512.0,2026-01-05 20:47:00
7009,A,10513.5,2026-01-05 20:48:00
7010,B,10515.0,2026-01-05 20:49:00
7011,C,10516.5,2026-01-05 20:50:00
7012,D,10518.0,2026-01-05 20:51:00
7013,A,10519.5,2026-01-05 20:52:00
7014,B,10521.0,2026-01-05 20:53:00
7015,C,10522.5,2026-01-05 20:54:00
7016,D,10524.0,2026-01-05 20:55:00
7017,A,10525.5,2026-01-05 20:56:00
7018,B,10527.0,2026-01-05 20:57:00
7019,C,10528.5,2026-01-05 20:58:00
7020,D,10530.0,2026-01-05 20:59:00
7021,A,10531.5,2026-01-05 21:00:00
7022,B,10533.0,2026-01-05 21:01:00
7023,C,10534.5,2026-01-05 21:02:00
7024,D,10536.0,2026-01-05 21:03:00
7025,A,10537.5,2026-01-05 21:04:00
7026,B,10539.0,2026-01-05 21:05:00
7027,C,10540.5,2026-01-05 21:06:00
7028,D,10542.0,2026-01-05 21:07:00
7029,A,10543.5,2026-01-05 21:08:00
7030,B,10545.0,2026-01-05 21:09:00
7031,C,10546.5,2026-01-05 21:10:00
7032,D,10548.0,2026-01-05 21:11:00
7033,A,10549.5,2026-01-05 21:12:00
7034,B,10551.0,2026-01-05 21:13:00
7035,C,10552.5,2026-01-05 21:14:00
7036,D,10554.0,2026-01-05 21:15:00
7037,A,10555.5,2026-01-05 21:16:00
7038,B,10557.0,2026-01-05 21:17:00
7039,C,10558.5,2026-01-05 21:18:00
7040,D,10560.0,2026-01-05 21:19:00
7041,A,10561.5,2026-01-05 21:20:00
7042,B,10563.0,2026-01-05 21:21:00
7043,C,10564.5,2026-01-05 21:22:00
7044,D,10566.0,2026-01-05 21:23:00
7045,A,10567.5,2026-01-05 21:24:00
7046,B,10569.0,2026-01-05 21:25:00
7047,C,10570.5,2026-01-05 21:26:00
7048,D,10572.0,2026-01-05 21:27:00
7049,A,10573.5,2026-01-05 21:28:00
7050,B,10575.0,2026-01-05 21:29:00
7051,C,10576.5,2026-01-05 21:30:00
7052,D,10578.0,2026-01-05 21:31:00
7053,A,10579.5,2026-01-05 21:32:00
7054,B,10581.0,2026-01-05 21:33:00
7055,C,10582.5,2026-01-05 21:34:00
7056,D,10584.0,2026-01-05 21:35:00
7057,A,10585.5,2026-01-05 21:36:00
7058,B,10587.0,2026-01-05 21:37:00
7059,C,10588.5,2026-01-05 21:38:00
7060,D,10590.0,2026-01-05 21:39:00
7061,A,10591.5,2026-01-05 21:40:00
7062,B,10593.0,2026-01-05 21:41:00
7063,C,10594.5,2026-01-05 21:42:00
7064,D,10596.0,2026-01-05 21:43:00
7065,A,10597.5,2026-01-05 21:44:00
7066,B,10599.0,2026-01-05 21:45:00
7067,C,10600.5,2026-01-05 21:46:00
7068,D,10602.0,2026-01-05 21:47:00
7069,A,10603.5,2026-01-05 21:48:00
7070,B,10605.0,2026-01-05 21:49:00
7071,C,10606.5,2026-01-05 21:50:00
7072,D,10608.0,2026-01-05 21:51:00
7073,A,10609.5,2026-01-05 21:52:00
7074,B,10611.0,2026-01-05 21:53:00
7075,C,10612.5,2026-01-05 21:54:00
7076,D,10614.0,2026-01-05 21:55:00
7077,A,10615.5,2026-01-05 21:56:00
7078,B,10617.0,2026-01-05 21:57:00
7079,C,10618.5,2026-01-05 21:58:00
7080,D,10620.0,2026-01-05 21:59:00
7081,A,10621.5,2026-01-05 22:00:00
7082,B,10623.0,2026-01-05 22:01:00
7083,C,10624.5,2026-01-05 22:02:00
7084,D,10626.0,2026-01-05 22:03:00
7085,A,10627.5,2026-01-05 22:04:00
7086,B,10629.0,2026-01-05 22:05:00
7087,C,10630.5,2026-01-05 22:06:00
7088,D,10632.0,2026-01-05 22:07:00
7089,A,10633.5,2026-01-05 22:08:00
7090,B,10635.0,2026-01-05 22:09:00
7091,C,10636.5,2026-01-05 22:10:00
7092,D,10638.0,2026-01-05 22:11:00
7093,A,10639.5,2026-01-05 22:12:00
7094,B,10641.0,2026-01-05 22:13:00
7095,C,10642.5,2026-01-05 22:14:00
7096,D,10644.0,2026-01-05 22:15:00
7097,A,10645.5,2026-01-05 22:16:00
7098,B,10647.0,2026-01-05 22:17:00
7099,C,10648.5,2026-01-05 22:18:00
7100,D,10650.0,2026-01-05 22:19:00
7101,A,10651.5,2026-01-05 22:20:00
7102,B,10653.0,2026-01-05 22:21:00
7103,C,10654.5,2026-01-05 22:22:00
7104,D,10656.0,2026-01-05 22:23:00
7105,A,10657.5,2026-01-05 22:24:00
7106,B,10659.0,2026-01-05 22:25:00
7107,C,10660.5,2026-01-05 22:26:00
7108,D,10662.0,2026-01-05 22:27:00
7109,A,10663.5,2026-01-05 22:28:00
7110,B,10665.0,2026-01-05 22:29:00
7111,C,10666.5,2026-01-05 22:30:00
7112,D,10668.0,2026-01-05 22:31:00
7113,A,10669.5,2026-01-05 22:32:00
7114,B,10671.0,2026-01-05 22:33:00
7115,C,10672.5,2026-01-05 22:34:00
7116,D,10674.0,2026-01-05 22:35:00
7117,A,10675.5,2026-01-05 22:36:00
7118,B,10677.0,2026-01-05 22:37:00
7119,C,10678.5,2026-01-05 22:38:00
7120,D,10680.0,2026-01-05 22:39:00
7121,A,10681.5,2026-01-05 22:40:00
7122,B,10683.0,2026-01-05 22:41:00
7123,C,10684.5,2026-01-05 22:42:00
7124,D,10686.0,2026-01-05 22:43:00
7125,A,10687.5,2026-01-05 22:44:00
7126,B,10689.0,2026-01-05 22:45:00
7127,C,10690.5,2026-01-05 22:46:00
7128,D,10692.0,2026-01-05 22:47:00
7129,A,10693.5,2026-01-05 22:48:00
7130,B,10695.0,2026-01-05 22:49:00
7131,C,10696.5,2026-01-05 22:50:00
7132,D,10698.0,2026-01-05 22:51:00
7133,A,10699.5,2026-01-05 22:52:00
7134,B,10701.0,2026-01-05 22:53:00
7135,C,10702.5,2026-01-05 22:54:00
7136,D,10704.0,2026-01-05 22:55:00
7137,A,10705.5,2026-01-05 22:56:00
7138,B,10707.0,2026-01-05 22:57:00
7139,C,10708.5,2026-01-05 22:58:00
7140,D,10710.0,2026-01-05 22:59:00
7141,A,10711.5,2026-01-05 23:00:00
7142,B,10713.0,2026-01-05 23:01:00
7143,C,10714.5,2026-01-05 23:02:00
7144,D,10716.0,2026-01-05 23:03:00
7145,A,10717.5,2026-01-05 23:04:00
7146,B,10719.0,2026-01-05 23:05:00
7147,C,10720.5,2026-01-05 23:06:00
7148,D,10722.0,2026-01-05 23:07:00
7149,A,10723.5,2026-01-05 23:08:00
7150,B,10725.0,2026-01-05 23:09:00
7151,C,10726.5,2026-01-05 23:10:00
7152,D,10728.0,2026-01-05 23:11:00
7153,A,10729.5,2026-01-05 23:12:00
7154,B,10731.0,2026-01-05 23:13:00
7155,C,10732.5,2026-01-05 23:14:00
7156,D,10734.0,2026-01-05 23:15:00
7157,A,10735.5,2026-01-05 23:16:00
7158,B,10737.0,2026-01-05 23:17:00
7159,C,10738.5,2026-01-05 23:18:00
7160,D,10740.0,2026-01-05 23:19:00
7161,A,10741.5,2026-01-05 23:20:00
7162,B,10743.0,2026-01-05 23:21:00
7163,C,10744.5,2026-01-05 23:22:00
7164,D,10746.0,2026-01-05 23:23:00
7165,A,10747.5,2026-01-05 23:24:00
7166,B,10749.0,2026-01-05 23:25:00
7167,C,10750.5,2026-01-05 23:26:00
7168,D,10752.0,2026-01-05 23:27:00
7169,A,10753.5,2026-01-05 23:28:00
7170,B,10755.0,2026-01-05 23:29:00
7171,C,10756.5,2026-01-05 23:30:00
7172,D,10758.0,2026-01-05 23:31:00
7173,A,10759.5,2026-01-05 23:32:00
7174,B,10761.0,2026-01-05 23:33:00
7175,C,10762.5,2026-01-05 23:34:00
7176,D,10764.0,2026-01-05 23:35:00
7177,A,10765.5,2026-01-05 23:36:00
7178,B,10767.0,2026-01-05 23:37:00
7179,C,10768.5,2026-01-05 23:38:00
7180,D,10770.0,2026-01-05 23:39:00
7181,A,10771.5,2026-01-05 23:40:00
7182,B,10773.0,2026-01-05 23:41:00
7183,C,10774.5,2026-01-05 23:42:00
7184,D,10776.0,2026-01-05 23:43:00
7185,A,10777.5,2026-01-05 23:44:00
7186,B,10779.0,2026-01-05 23:45:00
7187,C,10780.5,2026-01-05 23:46:00
7188,D,10782.0,2026-01-05 23:47:00
7189,A,10783.5,2026-01-05 23:48:00
7190,B,10785.0,2026-01-05 23:49:00
7191,C,10786.5,2026-01-05 23:50:00
7192,D,10788.0,2026-01-05 23:51:00
7193,A,10789.5,2026-01-05 23:52:00
7194,B,10791.0,2026-01-05 23:53:00
7195,C,10792.5,2026-01-05 23:54:00
7196,D,10794.0,2026-01-05 23:55:00
7197,A,10795.5,2026-01-05 23:56:00
7198,B,10797.0,2026-01-05 23:57:00
7199,C,10798.5,2026-01-05 23:58:00
7200,D,10800.0,2026-01-05 23:59:00
7201,A,10801.5,2026-01-06 00:00:00
7202,B,10803.0,2026-01-06 00:01:00
7203,C,10804.5,2026-01-06 00:02:00
7204,D,10806.0,2026-01-06 00:03:00
7205,A,10807.5,2026-01-06 00:04:00
7206,B,10809.0,2026-01-06 00:05:00
7207,C,10810.5,2026-01-06 00:06:00
7208,D,10812.0,2026-01-06 00:07:00
7209,A,10813.5,2026-01-06 00:08:00
7210,B,10815.0,2026-01-06 00:09:00
7211,C,10816.5,2026-01-06 00:10:00
7212,D,10818.0,2026-01-06 00:11:00
7213,A,10819.5,2026-01-06 00:12:00
7214,B,10821.0,2026-01-06 00:13:00
7215,C,10822.5,2026-01-06 00:14:00
7216,D,10824.0,2026-01-06 00:15:00
7217,A,10825.5,2026-01-06 00:16:00
7218,B,10827.0,2026-01-06 00:17:00
7219,C,10828.5,2026-01-06 00:18:00
7220,D,10830.0,2026-01-06 00:19:00
7221,A,10831.5,2026-01-06 00:20:00
7222,B,10833.0,2026-01-06 00:21:00
7223,C,10834.5,2026-01-06 00:22:00
7224,D,10836.0,2026-01-06 00:23:00
7225,A,10837.5,2026-01-06 00:24:00
7226,B,10839.0,2026-01-06 00:25:00
7227,C,10840.5,2026-01-06 00:26:00
7228,D,10842.0,2026-01-06 00:27:00
7229,A,10843.5,2026-01-06 00:28:00
7230,B,10845.0,2026-01-06 00:29:00
7231,C,10846.5,2026-01-06 00:30:00
7232,D,10848.0,2026-01-06 00:31:00
7233,A,10849.5,2026-01-06 00:32:00
7234,B,10851.0,2026-01-06 00:33:00
7235,C,10852.5,2026-01-06 00:34:00
7236,D,10854.0,2026-01-06 00:35:00
7237,A,10855.5,2026-01-06 00:36:00
7238,B,10857.0,2026-01-06 00:37:00
7239,C,10858.5,2026-01-06 00:38:00
7240,D,10860.0,2026-01-06 00:39:00
7241,A,10861.5,2026-01-06 00:40:00
7242,B,10863.0,2026-01-06 00:41:00
7243,C,10864.5,2026-01-06 00:42:00
7244,D,10866.0,2026-01-06 00:43:00
7245,A,10867.5,2026-01-06 00:44:00
7246,B,10869.0,2026-01-06 00:45:00
7247,C,10870.5,2026-01-06 00:46:00
7248,D,10872.0,2026-01-06 00:47:00
7249,A,10873.5,2026-01-06 00:48:00
7250,B,10875.0,2026-01-06 00:49:00
7251,C,10876.5,2026-01-06 00:50:00
7252,D,10878.0,2026-01-06 00:51:00
7253,A,10879.5,2026-01-06 00:52:00
7254,B,10881.0,2026-01-06 00:53:00
7255,C,10882.5,2026-01-06 00:54:00
7256,D,10884.0,2026-01-06 00:55:00
7257,A,10885.5,2026-01-06 00:56:00
7258,B,10887.0,2026-01-06 00:57:00
7259,C,10888.5,2026-01-06 00:58:00
7260,D,10890.0,2026-01-06 00:59:00
7261,A,10891.5,2026-01-06 01:00:00
7262,B,10893.0,2026-01-06 01:01:00
7263,C,10894.5,2026-01-06 01:02:00
7264,D,10896.0,2026-01-06 01:03:00
7265,A,10897.5,2026-01-06 01:04:00
7266,B,10899.0,2026-01-06 01:05:00
7267,C,10900.5,2026-01-06 01:06:00
7268,D,10902.0,2026-01-06 01:07:00
7269,A,10903.5,2026-01-06 01:08:00
7270,B,10905.0,2026-01-06 01:09:00
7271,C,10906.5,2026-01-06 01:10:00
7272,D,10908.0,2026-01-06 01:11:00
7273,A,10909.5,2026-01-06 01:12:00
7274,B,10911.0,2026-01-06 01:13:00
7275,C,10912.5,2026-01-06 01:14:00
7276,D,10914.0,2026-01-06 01:15:00
7277,A,10915.5,2026-01-06 01:16:00
7278,B,10917.0,2026-01-06 01:17:00
7279,C,10918.5,2026-01-06 01:18:00
7280,D,10920.0,2026-01-06 01:19:00
7281,A,10921.5,2026-01-06 01:20:00
7282,B,10923.0,2026-01-06 01:21:00
7283,C,10924.5,2026-01-06 01:22:00
7284,D,10926.0,2026-01-06 01:23:00
7285,A,10927.5,2026-01-06 01:24:00
7286,B,10929.0,2026-01-06 01:25:00
7287,C,10930.5,2026-01-06 01:26:00
7288,D,10932.0,2026-01-06 01:27:00
7289,A,10933.5,2026-01-06 01:28:00
7290,B,10935.0,2026-01-06 01:29:00
7291,C,10936.5,2026-01-06 01:30:00
7292,D,10938.0,2026-01-06 01:31:00
7293,A,10939.5,2026-01-06 01:32:00
7294,B,10941.0,2026-01-06 01:33:00
7295,C,10942.5,2026-01-06 01:34:00
7296,D,10944.0,2026-01-06 01:35:00
7297,A,10945.5,2026-01-06 01:36:00
7298,B,10947.0,2026-01-06 01:37:00
7299,C,10948.5,2026-01-06 01:38:00
7300,D,10950.0,2026-01-06 01:39:00
7301,A,10951.5,2026-01-06 01:40:00
7302,B,10953.0,2026-01-06 01:41:00
7303,C,10954.5,2026-01-06 01:42:00
7304,D,10956.0,2026-01-06 01:43:00
7305,A,10957.5,2026-01-06 01:44:00
7306,B,10959.0,2026-01-06 01:45:00
7307,C,10960.5,2026-01-06 01:46:00
7308,D,10962.0,2026-01-06 01:47:00
7309,A,10963.5,2026-01-06 01:48:00
7310,B,10965.0,2026-01-06 01:49:00
7311,C,10966.5,2026-01-06 01:50:00
7312,D,10968.0,2026-01-06 01:51:00
7313,A,10969.5,2026-01-06 01:52:00
7314,B,10971.0,2026-01-06 01:53:00
7315,C,10972.5,2026-01-06 01:54:00
7316,D,10974.0,2026-01-06 01:55:00
7317,A,10975.5,2026-01-06 01:56:00
7318,B,10977.0,2026-01-06 01:57:00
7319,C,10978.5,2026-01-06 01:58:00
7320,D,10980.0,2026-01-06 01:59:00
7321,A,10981.5,2026-01-06 02:00:00
7322,B,10983.0,2026-01-06 02:01:00
7323,C,10984.5,2026-01-06 02:02:00
7324,D,10986.0,2026-01-06 02:03:00
7325,A,10987.5,2026-01-06 02:04:00
7326,B,10989.0,2026-01-06 02:05:00
7327,C,10990.5,2026-01-06 02:06:00
7328,D,10992.0,2026-01-06 02:07:00
7329,A,10993.5,2026-01-06 02:08:00
7330,B,10995.0,2026-01-06 02:09:00
7331,C,10996.5,2026-01-06 02:10:00
7332,D,10998.0,2026-01-06 02:11:00
7333,A,10999.5,2026-01-06 02:12:00
7334,B,11001.0,2026-01-06 02:13:00
7335,C,11002.5,2026-01-06 02:14:00
7336,D,11004.0,2026-01-06 02:15:00
7337,A,11005.5,2026-01-06 02:16:00
7338,B,11007.0,2026-01-06 02:17:00
7339,C,11008.5,2026-01-06 02:18:00
7340,D,11010.0,2026-01-06 02:19:00
7341,A,11011.5,2026-01-06 02:20:00
7342,B,11013.0,2026-01-06 02:21:00
7343,C,11014.5,2026-01-06 02:22:00
7344,D,11016.0,2026-01-06 02:23:00
7345,A,11017.5,2026-01-06 02:24:00
7346,B,11019.0,2026-01-06 02:25:00
7347,C,11020.5,2026-01-06 02:26:00
7348,D,11022.0,2026-01-06 02:27:00
7349,A,11023.5,2026-01-06 02:28:00
7350,B,11025.0,2026-01-06 02:29:00
7351,C,11026.5,2026-01-06 02:30:00
7352,D,11028.0,2026-01-06 02:31:00
7353,A,11029.5,2026-01-06 02:32:00
7354,B,11031.0,2026-01-06 02:33:00
7355,C,11032.5,2026-01-06 02:34:00
7356,D,11034.0,2026-01-06 02:35:00
7357,A,11035.5,2026-01-06 02:36:00
7358,B,11037.0,2026-01-06 02:37:00
7359,C,11038.5,2026-01-06 02:38:00
7360,D,11040.0,2026-01-06 02:39:00
7361,A,11041.5,2026-01-06 02:40:00
7362,B,11043.0,2026-01-06 02:41:00
7363,C,11044.5,2026-01-06 02:42:00
7364,D,11046.0,2026-01-06 02:43:00
7365,A,11047.5,2026-01-06 02:44:00
7366,B,11049.0,2026-01-06 02:45:00
7367,C,11050.5,2026-01-06 02:46:00
7368,D,11052.0,2026-01-06 02:47:00
7369,A,11053.5,2026-01-06 02:48:00
7370,B,11055.0,2026-01-06 02:49:00
7371,C,11056.5,2026-01-06 02:50:00
7372,D,11058.0,2026-01-06 02:51:00
7373,A,11059.5,2026-01-06 02:52:00
7374,B,11061.0,2026-01-06 02:53:00
7375,C,11062.5,2026-01-06 02:54:00
7376,D,11064.0,2026-01-06 02:55:00
7377,A,11065.5,2026-01-06 02:56:00
7378,B,11067.0,2026-01-06 02:57:00
7379,C,11068.5,2026-01-06 02:58:00
7380,D,11070.0,2026-01-06 02:59:00
7381,A,11071.5,2026-01-06 03:00:00
7382,B,11073.0,2026-01-06 03:01:00
7383,C,11074.5,2026-01-06 03:02:00
7384,D,11076.0,2026-01-06 03:03:00
7385,A,11077.5,2026-01-06 03:04:00
7386,B,11079.0,2026-01-06 03:05:00
7387,C,11080.5,2026-01-06 03:06:00
7388,D,11082.0,2026-01-06 03:07:00
7389,A,11083.5,2026-01-06 03:08:00
7390,B,11085.0,2026-01-06 03:09:00
7391,C,11086.5,2026-01-06 03:10:00
7392,D,11088.0,2026-01-06 03:11:00
7393,A,11089.5,2026-01-06 03:12:00
7394,B,11091.0,2026-01-06 03:13:00
7395,C,11092.5,2026-01-06 03:14:00
7396,D,11094.0,2026-01-06 03:15:00
7397,A,11095.5,2026-01-06 03:16:00
7398,B,11097.0,2026-01-06 03:17:00
7399,C,11098.5,2026-01-06 03:18:00
7400,D,11100.0,2026-01-06 03:19:00
7401,A,11101.5,2026-01-06 03:20:00
7402,B,11103.0,2026-01-06 03:21:00
7403,C,11104.5,2026-01-06 03:22:00
7404,D,11106.0,2026-01-06 03:23:00
7405,A,11107.5,2026-01-06 03:24:00
7406,B,11109.0,2026-01-06 03:25:00
7407,C,11110.5,2026-01-06 03:26:00
7408,D,11112.0,2026-01-06 03:27:00
7409,A,11113.5,2026-01-06 03:28:00
7410,B,11115.0,2026-01-06 03:29:00
7411,C,11116.5,2026-01-06 03:30:00
7412,D,11118.0,2026-01-06 03:31:00
7413,A,11119.5,2026-01-06 03:32:00
7414,B,11121.0,2026-01-06 03:33:00
7415,C,11122.5,2026-01-06 03:34:00
7416,D,11124.0,2026-01-06 03:35:00
7417,A,11125.5,2026-01-06 03:36:00
7418,B,11127.0,2026-01-06 03:37:00
7419,C,11128.5,2026-01-06 03:38:00
7420,D,11130.0,2026-01-06 03:39:00
7421,A,11131.5,2026-01-06 03:40:00
7422,B,11133.0,2026-01-06 03:41:00
7423,C,11134.5,2026-01-06 03:42:00
7424,D,11136.0,2026-01-06 03:43:00
7425,A,11137.5,2026-01-06 03:44:00
7426,B,11139.0,2026-01-06 03:45:00
7427,C,11140.5,2026-01-06 03:46:00
7428,D,11142.0,2026-01-06 03:47:00
7429,A,11143.5,2026-01-06 03:48:00
7430,B,11145.0,2026-01-06 03:49:00
7431,C,11146.5,2026-01-06 03:50:00
7432,D,11148.0,2026-01-06 03:51:00
7433,A,11149.5,2026-01-06 03:52:00
7434,B,11151.0,2026-01-06 03:53:00
7435,C,11152.5,2026-01-06 03:54:00
7436,D,11154.0,2026-01-06 03:55:00
7437,A,11155.5,2026-01-06 03:56:00
7438,B,11157.0,2026-01-06 03:57:00
7439,C,11158.5,2026-01-06 03:58:00
7440,D,11160.0,2026-01-06 03:59:00
7441,A,11161.5,2026-01-06 04:00:00
7442,B,11163.0,2026-01-06 04:01:00
7443,C,11164.5,2026-01-06 04:02:00
7444,D,11166.0,2026-01-06 04:03:00
7445,A,11167.5,2026-01-06 04:04:00
7446,B,11169.0,2026-01-06 04:05:00
7447,C,11170.5,2026-01-06 04:06:00
7448,D,11172.0,2026-01-06 04:07:00
7449,A,11173.5,2026-01-06 04:08:00
7450,B,11175.0,2026-01-06 04:09:00
7451,C,11176.5,2026-01-06 04:10:00
7452,D,11178.0,2026-01-06 04:11:00
7453,A,11179.5,2026-01-06 04:12:00
7454,B,11181.0,2026-01-06 04:13:00
7455,C,11182.5,2026-01-06 04:14:00
7456,D,11184.0,2026-01-06 04:15:00
7457,A,11185.5,2026-01-06 04:16:00
7458,B,11187.0,2026-01-06 04:17:00
7459,C,11188.5,2026-01-06 04:18:00
7460,D,11190.0,2026-01-06 04:19:00
7461,A,11191.5,2026-01-06 04:20:00
7462,B,11193.0,2026-01-06 04:21:00
7463,C,11194.5,2026-01-06 04:22:00
7464,D,11196.0,2026-01-06 04:23:00
7465,A,11197.5,2026-01-06 04:24:00
7466,B,11199.0,2026-01-06 04:25:00
7467,C,11200.5,2026-01-06 04:26:00
7468,D,11202.0,2026-01-06 04:27:00
7469,A,11203.5,2026-01-06 04:28:00
7470,B,11205.0,2026-01-06 04:29:00
7471,C,11206.5,2026-01-06 04:30:00
7472,D,11208.0,2026-01-06 04:31:00
7473,A,11209.5,2026-01-06 04:32:00
7474,B,11211.0,2026-01-06 04:33:00
7475,C,11212.5,2026-01-06 04:34:00
7476,D,11214.0,2026-01-06 04:35:00
7477,A,11215.5,2026-01-06 04:36:00
7478,B,11217.0,2026-01-06 04:37:00
7479,C,11218.5,2026-01-06 04:38:00
7480,D,11220.0,2026-01-06 04:39:00
7481,A,11221.5,2026-01-06 04:40:00
7482,B,11223.0,2026-01-06 04:41:00
7483,C,11224.5,2026-01-06 04:42:00
7484,D,11226.0,2026-01-06 04:43:00
7485,A,11227.5,2026-01-06 04:44:00
7486,B,11229.0,2026-01-06 04:45:00
7487,C,11230.5,2026-01-06 04:46:00
7488,D,11232.0,2026-01-06 04:47:00
7489,A,11233.5,2026-01-06 04:48:00
7490,B,11235.0,2026-01-06 04:49:00
7491,C,11236.5,2026-01-06 04:50:00
7492,D,11238.0,2026-01-06 04:51:00
7493,A,11239.5,2026-01-06 04:52:00
7494,B,11241.0,2026-01-06 04:53:00
7495,C,11242.5,2026-01-06 04:54:00
7496,D,11244.0,2026-01-06 04:55:00
7497,A,11245.5,2026-01-06 04:56:00
7498,B,11247.0,2026-01-06 04:57:00
7499,C,11248.5,2026-01-06 04:58:00
7500,D,11250.0,2026-01-06 04:59:00
7501,A,11251.5,2026-01-06 05:00:00
7502,B,11253.0,2026-01-06 05:01:00
7503,C,11254.5,2026-01-06 05:02:00
7504,D,11256.0,2026-01-06 05:03:00
7505,A,11257.5,2026-01-06 05:04:00
7506,B,11259.0,2026-01-06 05:05:00
7507,C,11260.5,2026-01-06 05:06:00
7508,D,11262.0,2026-01-06 05:07:00
7509,A,11263.5,2026-01-06 05:08:00
7510,B,11265.0,2026-01-06 05:09:00
7511,C,11266.5,2026-01-06 05:10:00
7512,D,11268.0,2026-01-06 05:11:00
7513,A,11269.5,2026-01-06 05:12:00
7514,B,11271.0,2026-01-06 05:13:00
7515,C,11272.5,2026-01-06 05:14:00
7516,D,11274.0,2026-01-06 05:15:00
7517,A,11275.5,2026-01-06 05:16:00
7518,B,11277.0,2026-01-06 05:17:00
7519,C,11278.5,2026-01-06 05:18:00
7520,D,11280.0,2026-01-06 05:19:00
7521,A,11281.5,2026-01-06 05:20:00
7522,B,11283.0,2026-01-06 05:21:00
7523,C,11284.5,2026-01-06 05:22:00
7524,D,11286.0,2026-01-06 05:23:00
7525,A,11287.5,2026-01-06 05:24:00
7526,B,11289.0,2026-01-06 05:25:00
7527,C,11290.5,2026-01-06 05:26:00
7528,D,11292.0,2026-01-06 05:27:00
7529,A,11293.5,2026-01-06 05:28:00
7530,B,11295.0,2026-01-06 05:29:00
7531,C,11296.5,2026-01-06 05:30:00
7532,D,11298.0,2026-01-06 05:31:00
7533,A,11299.5,2026-01-06 05:32:00
7534,B,11301.0,2026-01-06 05:33:00
7535,C,11302.5,2026-01-06 05:34:00
7536,D,11304.0,2026-01-06 05:35:00
7537,A,11305.5,2026-01-06 05:36:00
7538,B,11307.0,2026-01-06 05:37:00
7539,C,11308.5,2026-01-06 05:38:00
7540,D,11310.0,2026-01-06 05:39:00
7541,A,11311.5,2026-01-06 05:40:00
7542,B,11313.0,2026-01-06 05:41:00
7543,C,11314.5,2026-01-06 05:42:00
7544,D,11316.0,2026-01-06 05:43:00
7545,A,11317.5,2026-01-06 05:44:00
7546,B,11319.0,2026-01-06 05:45:00
7547,C,11320.5,2026-01-06 05:46:00
7548,D,11322.0,2026-01-06 05:47:00
7549,A,11323.5,2026-01-06 05:48:00
7550,B,11325.0,2026-01-06 05:49:00
7551,C,11326.5,2026-01-06 05:50:00
7552,D,11328.0,2026-01-06 05:51:00
7553,A,11329.5,2026-01-06 05:52:00
7554,B,11331.0,2026-01-06 05:53:00
7555,C,11332.5,2026-01-06 05:54:00
7556,D,11334.0,2026-01-06 05:55:00
7557,A,11335.5,2026-01-06 05:56:00
7558,B,11337.0,2026-01-06 05:57:00
7559,C,11338.5,2026-01-06 05:58:00
7560,D,11340.0,2026-01-06 05:59:00
7561,A,11341.5,2026-01-06 06:00:00
7562,B,11343.0,2026-01-06 06:01:00
7563,C,11344.5,2026-01-06 06:02:00
7564,D,11346.0,2026-01-06 06:03:00
7565,A,11347.5,2026-01-06 06:04:00
7566,B,11349.0,2026-01-06 06:05:00
7567,C,11350.5,2026-01-06 06:06:00
7568,D,11352.0,2026-01-06 06:07:00
7569,A,11353.5,2026-01-06 06:08:00
7570,B,11355.0,2026-01-06 06:09:00
7571,C,11356.5,2026-01-06 06:10:00
7572,D,11358.0,2026-01-06 06:11:00
7573,A,11359.5,2026-01-06 06:12:00
7574,B,11361.0,2026-01-06 06:13:00
7575,C,11362.5,2026-01-06 06:14:00
7576,D,11364.0,2026-01-06 06:15:00
7577,A,11365.5,2026-01-06 06:16:00
7578,B,11367.0,2026-01-06 06:17:00
7579,C,11368.5,2026-01-06 06:18:00
7580,D,11370.0,2026-01-06 06:19:00
7581,A,11371.5,2026-01-06 06:20:00
7582,B,11373.0,2026-01-06 06:21:00
7583,C,11374.5,2026-01-06 06:22:00
7584,D,11376.0,2026-01-06 06:23:00
7585,A,11377.5,2026-01-06 06:24:00
7586,B,11379.0,2026-01-06 06:25:00
7587,C,11380.5,2026-01-06 06:26:00
7588,D,11382.0,2026-01-06 06:27:00
7589,A,11383.5,2026-01-06 06:28:00
7590,B,11385.0,2026-01-06 06:29:00
7591,C,11386.5,2026-01-06 06:30:00
7592,D,11388.0,2026-01-06 06:31:00
7593,A,11389.5,2026-01-06 06:32:00
7594,B,11391.0,2026-01-06 06:33:00
7595,C,11392.5,2026-01-06 06:34:00
7596,D,11394.0,2026-01-06 06:35:00
7597,A,11395.5,2026-01-06 06:36:00
7598,B,11397.0,2026-01-06 06:37:00
7599,C,11398.5,2026-01-06 06:38:00
7600,D,11400.0,2026-01-06 06:39:00
7601,A,11401.5,2026-01-06 06:40:00
7602,B,11403.0,2026-01-06 06:41:00
7603,C,11404.5,2026-01-06 06:42:00
7604,D,11406.0,2026-01-06 06:43:00
7605,A,11407.5,2026-01-06 06:44:00
7606,B,11409.0,2026-01-06 06:45:00
7607,C,11410.5,2026-01-06 06:46:00
7608,D,11412.0,2026-01-06 06:47:00
7609,A,11413.5,2026-01-06 06:48:00
7610,B,11415.0,2026-01-06 06:49:00
7611,C,11416.5,2026-01-06 06:50:00
7612,D,11418.0,2026-01-06 06:51:00
7613,A,11419.5,2026-01-06 06:52:00
7614,B,11421.0,2026-01-06 06:53:00
7615,C,11422.5,2026-01-06 06:54:00
7616,D,11424.0,2026-01-06 06:55:00
7617,A,11425.5,2026-01-06 06:56:00
7618,B,11427.0,2026-01-06 06:57:00
7619,C,11428.5,2026-01-06 06:58:00
7620,D,11430.0,2026-01-06 06:59:00
7621,A,11431.5,2026-01-06 07:00:00
7622,B,11433.0,2026-01-06 07:01:00
7623,C,11434.5,2026-01-06 07:02:00
7624,D,11436.0,2026-01-06 07:03:00
7625,A,11437.5,2026-01-06 07:04:00
7626,B,11439.0,2026-01-06 07:05:00
7627,C,11440.5,2026-01-06 07:06:00
7628,D,11442.0,2026-01-06 07:07:00
7629,A,11443.5,2026-01-06 07:08:00
7630,B,11445.0,2026-01-06 07:09:00
7631,C,11446.5,2026-01-06 07:10:00
7632,D,11448.0,2026-01-06 07:11:00
7633,A,11449.5,2026-01-06 07:12:00
7634,B,11451.0,2026-01-06 07:13:00
7635,C,11452.5,2026-01-06 07:14:00
7636,D,11454.0,2026-01-06 07:15:00
7637,A,11455.5,2026-01-06 07:16:00
7638,B,11457.0,2026-01-06 07:17:00
7639,C,11458.5,2026-01-06 07:18:00
7640,D,11460.0,2026-01-06 07:19:00
7641,A,11461.5,2026-01-06 07:20:00
7642,B,11463.0,2026-01-06 07:21:00
7643,C,11464.5,2026-01-06 07:22:00
7644,D,11466.0,2026-01-06 07:23:00
7645,A,11467.5,2026-01-06 07:24:00
7646,B,11469.0,2026-01-06 07:25:00
7647,C,11470.5,2026-01-06 07:26:00
7648,D,11472.0,2026-01-06 07:27:00
7649,A,11473.5,2026-01-06 07:28:00
7650,B,11475.0,2026-01-06 07:29:00
7651,C,11476.5,2026-01-06 07:30:00
7652,D,11478.0,2026-01-06 07:31:00
7653,A,11479.5,2026-01-06 07:32:00
7654,B,11481.0,2026-01-06 07:33:00
7655,C,11482.5,2026-01-06 07:34:00
7656,D,11484.0,2026-01-06 07:35:00
7657,A,11485.5,2026-01-06 07:36:00
7658,B,11487.0,2026-01-06 07:37:00
7659,C,11488.5,2026-01-06 07:38:00
7660,D,11490.0,2026-01-06 07:39:00
7661,A,11491.5,2026-01-06 07:40:00
7662,B,11493.0,2026-01-06 07:41:00
7663,C,11494.5,2026-01-06 07:42:00
7664,D,11496.0,2026-01-06 07:43:00
7665,A,11497.5,2026-01-06 07:44:00
7666,B,11499.0,2026-01-06 07:45:00
7667,C,11500.5,2026-01-06 07:46:00
7668,D,11502.0,2026-01-06 07:47:00
7669,A,11503.5,2026-01-06 07:48:00
7670,B,11505.0,2026-01-06 07:49:00
7671,C,11506.5,2026-01-06 07:50:00
7672,D,11508.0,2026-01-06 07:51:00
7673,A,11509.5,2026-01-06 07:52:00
7674,B,11511.0,2026-01-06 07:53:00
7675,C,11512.5,2026-01-06 07:54:00
7676,D,11514.0,2026-01-06 07:55:00
7677,A,11515.5,2026-01-06 07:56:00
7678,B,11517.0,2026-01-06 07:57:00
7679,C,11518.5,2026-01-06 07:58:00
7680,D,11520.0,2026-01-06 07:59:00
7681,A,11521.5,2026-01-06 08:00:00
7682,B,11523.0,2026-01-06 08:01:00
7683,C,11524.5,2026-01-06 08:02:00
7684,D,11526.0,2026-01-06 08:03:00
7685,A,11527.5,2026-01-06 08:04:00
7686,B,11529.0,2026-01-06 08:05:00
7687,C,11530.5,2026-01-06 08:06:00
7688,D,11532.0,2026-01-06 08:07:00
7689,A,11533.5,2026-01-06 08:08:00
7690,B,11535.0,2026-01-06 08:09:00
7691,C,11536.5,2026-01-06 08:10:00
7692,D,11538.0,2026-01-06 08:11:00
7693,A,11539.5,2026-01-06 08:12:00
7694,B,11541.0,2026-01-06 08:13:00
7695,C,11542.5,2026-01-06 08:14:00
7696,D,11544.0,2026-01-06 08:15:00
7697,A,11545.5,2026-01-06 08:16:00
7698,B,11547.0,2026-01-06 08:17:00
7699,C,11548.5,2026-01-06 08:18:00
7700,D,11550.0,2026-01-06 08:19:00
7701,A,11551.5,2026-01-06 08:20:00
7702,B,11553.0,2026-01-06 08:21:00
7703,C,11554.5,2026-01-06 08:22:00
7704,D,11556.0,2026-01-06 08:23:00
7705,A,11557.5,2026-01-06 08:24:00
7706,B,11559.0,2026-01-06 08:25:00
7707,C,11560.5,2026-01-06 08:26:00
7708,D,11562.0,2026-01-06 08:27:00
7709,A,11563.5,2026-01-06 08:28:00
7710,B,11565.0,2026-01-06 08:29:00
7711,C,11566.5,2026-01-06 08:30:00
7712,D,11568.0,2026-01-06 08:31:00
7713,A,11569.5,2026-01-06 08:32:00
7714,B,11571.0,2026-01-06 08:33:00
7715,C,11572.5,2026-01-06 08:34:00
7716,D,11574.0,2026-01-06 08:35:00
7717,A,11575.5,2026-01-06 08:36:00
7718,B,11577.0,2026-01-06 08:37:00
7719,C,11578.5,2026-01-06 08:38:00
7720,D,11580.0,2026-01-06 08:39:00
7721,A,11581.5,2026-01-06 08:40:00
7722,B,11583.0,2026-01-06 08:41:00
7723,C,11584.5,2026-01-06 08:42:00
7724,D,11586.0,2026-01-06 08:43:00
7725,A,11587.5,2026-01-06 08:44:00
7726,B,11589.0,2026-01-06 08:45:00
7727,C,11590.5,2026-01-06 08:46:00
7728,D,11592.0,2026-01-06 08:47:00
7729,A,11593.5,2026-01-06 08:48:00
7730,B,11595.0,2026-01-06 08:49:00
7731,C,11596.5,2026-01-06 08:50:00
7732,D,11598.0,2026-01-06 08:51:00
7733,A,11599.5,2026-01-06 08:52:00
7734,B,11601.0,2026-01-06 08:53:00
7735,C,11602.5,2026-01-06 08:54:00
7736,D,11604.0,2026-01-06 08:55:00
7737,A,11605.5,2026-01-06 08:56:00
7738,B,11607.0,2026-01-06 08:57:00
7739,C,11608.5,2026-01-06 08:58:00
7740,D,11610.0,2026-01-06 08:59:00
7741,A,11611.5,2026-01-06 09:00:00
7742,B,11613.0,2026-01-06 09:01:00
7743,C,11614.5,2026-01-06 09:02:00
7744,D,11616.0,2026-01-06 09:03:00
7745,A,11617.5,2026-01-06 09:04:00
7746,B,11619.0,2026-01-06 09:05:00
7747,C,11620.5,2026-01-06 09:06:00
7748,D,11622.0,2026-01-06 09:07:00
7749,A,11623.5,2026-01-06 09:08:00
7750,B,11625.0,2026-01-06 09:09:00
7751,C,11626.5,2026-01-06 09:10:00
7752,D,11628.0,2026-01-06 09:11:00
7753,A,11629.5,2026-01-06 09:12:00
7754,B,11631.0,2026-01-06 09:13:00
7755,C,11632.5,2026-01-06 09:14:00
7756,D,11634.0,2026-01-06 09:15:00
7757,A,11635.5,2026-01-06 09:16:00
7758,B,11637.0,2026-01-06 09:17:00
7759,C,11638.5,2026-01-06 09:18:00
7760,D,11640.0,2026-01-06 09:19:00
7761,A,11641.5,2026-01-06 09:20:00
7762,B,11643.0,2026-01-06 09:21:00
7763,C,11644.5,2026-01-06 09:22:00
7764,D,11646.0,2026-01-06 09:23:00
7765,A,11647.5,2026-01-06 09:24:00
7766,B,11649.0,2026-01-06 09:25:00
7767,C,11650.5,2026-01-06 09:26:00
7768,D,11652.0,2026-01-06 09:27:00
7769,A,11653.5,2026-01-06 09:28:00
7770,B,11655.0,2026-01-06 09:29:00
7771,C,11656.5,2026-01-06 09:30:00
7772,D,11658.0,2026-01-06 09:31:00
7773,A,11659.5,2026-01-06 09:32:00
7774,B,11661.0,2026-01-06 09:33:00
7775,C,11662.5,2026-01-06 09:34:00
7776,D,11664.0,2026-01-06 09:35:00
7777,A,11665.5,2026-01-06 09:36:00
7778,B,11667.0,2026-01-06 09:37:00
7779,C,11668.5,2026-01-06 09:38:00
7780,D,11670.0,2026-01-06 09:39:00
7781,A,11671.5,2026-01-06 09:40:00
7782,B,11673.0,2026-01-06 09:41:00
7783,C,11674.5,2026-01-06 09:42:00
7784,D,11676.0,2026-01-06 09:43:00
7785,A,11677.5,2026-01-06 09:44:00
7786,B,11679.0,2026-01-06 09:45:00
7787,C,11680.5,2026-01-06 09:46:00
7788,D,11682.0,2026-01-06 09:47:00
7789,A,11683.5,2026-01-06 09:48:00
7790,B,11685.0,2026-01-06 09:49:00
7791,C,11686.5,2026-01-06 09:50:00
7792,D,11688.0,2026-01-06 09:51:00
7793,A,11689.5,2026-01-06 09:52:00
7794,B,11691.0,2026-01-06 09:53:00
7795,C,11692.5,2026-01-06 09:54:00
7796,D,11694.0,2026-01-06 09:55:00
7797,A,11695.5,2026-01-06 09:56:00
7798,B,11697.0,2026-01-06 09:57:00
7799,C,11698.5,2026-01-06 09:58:00
7800,D,11700.0,2026-01-06 09:59:00
7801,A,11701.5,2026-01-06 10:00:00
7802,B,11703.0,2026-01-06 10:01:00
7803,C,11704.5,2026-01-06 10:02:00
7804,D,11706.0,2026-01-06 10:03:00
7805,A,11707.5,2026-01-06 10:04:00
7806,B,11709.0,2026-01-06 10:05:00
7807,C,11710.5,2026-01-06 10:06:00
7808,D,11712.0,2026-01-06 10:07:00
7809,A,11713.5,2026-01-06 10:08:00
7810,B,11715.0,2026-01-06 10:09:00
7811,C,11716.5,2026-01-06 10:10:00
7812,D,11718.0,2026-01-06 10:11:00
7813,A,11719.5,2026-01-06 10:12:00
7814,B,11721.0,2026-01-06 10:13:00
7815,C,11722.5,2026-01-06 10:14:00
7816,D,11724.0,2026-01-06 10:15:00
7817,A,11725.5,2026-01-06 10:16:00
7818,B,11727.0,2026-01-06 10:17:00
7819,C,11728.5,2026-01-06 10:18:00
7820,D,11730.0,2026-01-06 10:19:00
7821,A,11731.5,2026-01-06 10:20:00
7822,B,11733.0,2026-01-06 10:21:00
7823,C,11734.5,2026-01-06 10:22:00
7824,D,11736.0,2026-01-06 10:23:00
7825,A,11737.5,2026-01-06 10:24:00
7826,B,11739.0,2026-01-06 10:25:00
7827,C,11740.5,2026-01-06 10:26:00
7828,D,11742.0,2026-01-06 10:27:00
7829,A,11743.5,2026-01-06 10:28:00
7830,B,11745.0,2026-01-06 10:29:00
7831,C,11746.5,2026-01-06 10:30:00
7832,D,11748.0,2026-01-06 10:31:00
7833,A,11749.5,2026-01-06 10:32:00
7834,B,11751.0,2026-01-06 10:33:00
7835,C,11752.5,2026-01-06 10:34:00
7836,D,11754.0,2026-01-06 10:35:00
7837,A,11755.5,2026-01-06 10:36:00
7838,B,11757.0,2026-01-06 10:37:00
7839,C,11758.5,2026-01-06 10:38:00
7840,D,11760.0,2026-01-06 10:39:00
7841,A,11761.5,2026-01-06 10:40:00
7842,B,11763.0,2026-01-06 10:41:00
7843,C,11764.5,2026-01-06 10:42:00
7844,D,11766.0,2026-01-06 10:43:00
7845,A,11767.5,2026-01-06 10:44:00
7846,B,11769.0,2026-01-06 10:45:00
7847,C,11770.5,2026-01-06 10:46:00
7848,D,11772.0,2026-01-06 10:47:00
7849,A,11773.5,2026-01-06 10:48:00
7850,B,11775.0,2026-01-06 10:49:00
7851,C,11776.5,2026-01-06 10:50:00
7852,D,11778.0,2026-01-06 10:51:00
7853,A,11779.5,2026-01-06 10:52:00
7854,B,11781.0,2026-01-06 10:53:00
7855,C,11782.5,2026-01-06 10:54:00
7856,D,11784.0,2026-01-06 10:55:00
7857,A,11785.5,2026-01-06 10:56:00
7858,B,11787.0,2026-01-06 10:57:00
7859,C,11788.5,2026-01-06 10:58:00
7860,D,11790.0,2026-01-06 10:59:00
7861,A,11791.5,2026-01-06 11:00:00
7862,B,11793.0,2026-01-06 11:01:00
7863,C,11794.5,2026-01-06 11:02:00
7864,D,11796.0,2026-01-06 11:03:00
7865,A,11797.5,2026-01-06 11:04:00
7866,B,11799.0,2026-01-06 11:05:00
7867,C,11800.5,2026-01-06 11:06:00
7868,D,11802.0,2026-01-06 11:07:00
7869,A,11803.5,2026-01-06 11:08:00
7870,B,11805.0,2026-01-06 11:09:00
7871,C,11806.5,2026-01-06 11:10:00
7872,D,11808.0,2026-01-06 11:11:00
7873,A,11809.5,2026-01-06 11:12:00
7874,B,11811.0,2026-01-06 11:13:00
7875,C,11812.5,2026-01-06 11:14:00
7876,D,11814.0,2026-01-06 11:15:00
7877,A,11815.5,2026-01-06 11:16:00
7878,B,11817.0,2026-01-06 11:17:00
7879,C,11818.5,2026-01-06 11:18:00
7880,D,11820.0,2026-01-06 11:19:00
7881,A,11821.5,2026-01-06 11:20:00
7882,B,11823.0,2026-01-06 11:21:00
7883,C,11824.5,2026-01-06 11:22:00
7884,D,11826.0,2026-01-06 11:23:00
7885,A,11827.5,2026-01-06 11:24:00
7886,B,11829.0,2026-01-06 11:25:00
7887,C,11830.5,2026-01-06 11:26:00
7888,D,11832.0,2026-01-06 11:27:00
7889,A,11833.5,2026-01-06 11:28:00
7890,B,11835.0,2026-01-06 11:29:00
7891,C,11836.5,2026-01-06 11:30:00
7892,D,11838.0,2026-01-06 11:31:00
7893,A,11839.5,2026-01-06 11:32:00
7894,B,11841.0,2026-01-06 11:33:00
7895,C,11842.5,2026-01-06 11:34:00
7896,D,11844.0,2026-01-06 11:35:00
7897,A,11845.5,2026-01-06 11:36:00
7898,B,11847.0,2026-01-06 11:37:00
7899,C,11848.5,2026-01-06 11:38:00
7900,D,11850.0,2026-01-06 11:39:00
7901,A,11851.5,2026-01-06 11:40:00
7902,B,11853.0,2026-01-06 11:41:00
7903,C,11854.5,2026-01-06 11:42:00
7904,D,11856.0,2026-01-06 11:43:00
7905,A,11857.5,2026-01-06 11:44:00
7906,B,11859.0,2026-01-06 11:45:00
7907,C,11860.5,2026-01-06 11:46:00
7908,D,11862.0,2026-01-06 11:47:00
7909,A,11863.5,2026-01-06 11:48:00
7910,B,11865.0,2026-01-06 11:49:00
7911,C,11866.5,2026-01-06 11:50:00
7912,D,11868.0,2026-01-06 11:51:00
7913,A,11869.5,2026-01-06 11:52:00
7914,B,11871.0,2026-01-06 11:53:00
7915,C,11872.5,2026-01-06 11:54:00
7916,D,11874.0,2026-01-06 11:55:00
7917,A,11875.5,2026-01-06 11:56:00
7918,B,11877.0,2026-01-06 11:57:00
7919,C,11878.5,2026-01-06 11:58:00
7920,D,11880.0,2026-01-06 11:59:00
7921,A,11881.5,2026-01-06 12:00:00
7922,B,11883.0,2026-01-06 12:01:00
7923,C,11884.5,2026-01-06 12:02:00
7924,D,11886.0,2026-01-06 12:03:00
7925,A,11887.5,2026-01-06 12:04:00
7926,B,11889.0,2026-01-06 12:05:00
7927,C,11890.5,2026-01-06 12:06:00
7928,D,11892.0,2026-01-06 12:07:00
7929,A,11893.5,2026-01-06 12:08:00
7930,B,11895.0,2026-01-06 12:09:00
7931,C,11896.5,2026-01-06 12:10:00
7932,D,11898.0,2026-01-06 12:11:00
7933,A,11899.5,2026-01-06 12:12:00
7934,B,11901.0,2026-01-06 12:13:00
7935,C,11902.5,2026-01-06 12:14:00
7936,D,11904.0,2026-01-06 12:15:00
7937,A,11905.5,2026-01-06 12:16:00
7938,B,11907.0,2026-01-06 12:17:00
7939,C,11908.5,2026-01-06 12:18:00
7940,D,11910.0,2026-01-06 12:19:00
7941,A,11911.5,2026-01-06 12:20:00
7942,B,11913.0,2026-01-06 12:21:00
7943,C,11914.5,2026-01-06 12:22:00
7944,D,11916.0,2026-01-06 12:23:00
7945,A,11917.5,2026-01-06 12:24:00
7946,B,11919.0,2026-01-06 12:25:00
7947,C,11920.5,2026-01-06 12:26:00
7948,D,11922.0,2026-01-06 12:27:00
7949,A,11923.5,2026-01-06 12:28:00
7950,B,11925.0,2026-01-06 12:29:00
7951,C,11926.5,2026-01-06 12:30:00
7952,D,11928.0,2026-01-06 12:31:00
7953,A,11929.5,2026-01-06 12:32:00
7954,B,11931.0,2026-01-06 12:33:00
7955,C,11932.5,2026-01-06 12:34:00
7956,D,11934.0,2026-01-06 12:35:00
7957,A,11935.5,2026-01-06 12:36:00
7958,B,11937.0,2026-01-06 12:37:00
7959,C,11938.5,2026-01-06 12:38:00
7960,D,11940.0,2026-01-06 12:39:00
7961,A,11941.5,2026-01-06 12:40:00
7962,B,11943.0,2026-01-06 12:41:00
7963,C,11944.5,2026-01-06 12:42:00
7964,D,11946.0,2026-01-06 12:43:00
7965,A,11947.5,2026-01-06 12:44:00
7966,B,11949.0,2026-01-06 12:45:00
7967,C,11950.5,2026-01-06 12:46:00
7968,D,11952.0,2026-01-06 12:47:00
7969,A,11953.5,2026-01-06 12:48:00
7970,B,11955.0,2026-01-06 12:49:00
7971,C,11956.5,2026-01-06 12:50:00
7972,D,11958.0,2026-01-06 12:51:00
7973,A,11959.5,2026-01-06 12:52:00
7974,B,11961.0,2026-01-06 12:53:00
7975,C,11962.5,2026-01-06 12:54:00
7976,D,11964.0,2026-01-06 12:55:00
7977,A,11965.5,2026-01-06 12:56:00
7978,B,11967.0,2026-01-06 12:57:00
7979,C,11968.5,2026-01-06 12:58:00
7980,D,11970.0,2026-01-06 12:59:00
7981,A,11971.5,2026-01-06 13:00:00
7982,B,11973.0,2026-01-06 13:01:00
7983,C,11974.5,2026-01-06 13:02:00
7984,D,11976.0,2026-01-06 13:03:00
7985,A,11977.5,2026-01-06 13:04:00
7986,B,11979.0,2026-01-06 13:05:00
7987,C,11980.5,2026-01-06 13:06:00
7988,D,11982.0,2026-01-06 13:07:00
7989,A,11983.5,2026-01-06 13:08:00
7990,B,11985.0,2026-01-06 13:09:00
7991,C,11986.5,2026-01-06 13:10:00
7992,D,11988.0,2026-01-06 13:11:00
7993,A,11989.5,2026-01-06 13:12:00
7994,B,11991.0,2026-01-06 13:13:00
7995,C,11992.5,2026-01-06 13:14:00
7996,D,11994.0,2026-01-06 13:15:00
7997,A,11995.5,2026-01-06 13:16:00
7998,B,11997.0,2026-01-06 13:17:00
7999,C,11998.5,2026-01-06 13:18:00
8000,D,12000.0,2026-01-06 13:19:00
8001,A,12001.5,2026-01-06 13:20:00
8002,B,12003.0,2026-01-06 13:21:00
8003,C,12004.5,2026-01-06 13:22:00
8004,D,12006.0,2026-01-06 13:23:00
8005,A,12007.5,2026-01-06 13:24:00
8006,B,12009.0,2026-01-06 13:25:00
8007,C,12010.5,2026-01-06 13:26:00
8008,D,12012.0,2026-01-06 13:27:00
8009,A,12013.5,2026-01-06 13:28:00
8010,B,12015.0,2026-01-06 13:29:00
8011,C,12016.5,2026-01-06 13:30:00
8012,D,12018.0,2026-01-06 13:31:00
8013,A,12019.5,2026-01-06 13:32:00
8014,B,12021.0,2026-01-06 13:33:00
8015,C,12022.5,2026-01-06 13:34:00
8016,D,12024.0,2026-01-06 13:35:00
8017,A,12025.5,2026-01-06 13:36:00
8018,B,12027.0,2026-01-06 13:37:00
8019,C,12028.5,2026-01-06 13:38:00
8020,D,12030.0,2026-01-06 13:39:00
8021,A,12031.5,2026-01-06 13:40:00
8022,B,12033.0,2026-01-06 13:41:00
8023,C,12034.5,2026-01-06 13:42:00
8024,D,12036.0,2026-01-06 13:43:00
8025,A,12037.5,2026-01-06 13:44:00
8026,B,12039.0,2026-01-06 13:45:00
8027,C,12040.5,2026-01-06 13:46:00
8028,D,12042.0,2026-01-06 13:47:00
8029,A,12043.5,2026-01-06 13:48:00
8030,B,12045.0,2026-01-06 13:49:00
8031,C,12046.5,2026-01-06 13:50:00
8032,D,12048.0,2026-01-06 13:51:00
8033,A,12049.5,2026-01-06 13:52:00
8034,B,12051.0,2026-01-06 13:53:00
8035,C,12052.5,2026-01-06 13:54:00
8036,D,12054.0,2026-01-06 13:55:00
8037,A,12055.5,2026-01-06 13:56:00
8038,B,12057.0,2026-01-06 13:57:00
8039,C,12058.5,2026-01-06 13:58:00
8040,D,12060.0,2026-01-06 13:59:00
8041,A,12061.5,2026-01-06 14:00:00
8042,B,12063.0,2026-01-06 14:01:00
8043,C,12064.5,2026-01-06 14:02:00
8044,D,12066.0,2026-01-06 14:03:00
8045,A,12067.5,2026-01-06 14:04:00
8046,B,12069.0,2026-01-06 14:05:00
8047,C,12070.5,2026-01-06 14:06:00
8048,D,12072.0,2026-01-06 14:07:00
8049,A,12073.5,2026-01-06 14:08:00
8050,B,12075.0,2026-01-06 14:09:00
8051,C,12076.5,2026-01-06 14:10:00
8052,D,12078.0,2026-01-06 14:11:00
8053,A,12079.5,2026-01-06 14:12:00
8054,B,12081.0,2026-01-06 14:13:00
8055,C,12082.5,2026-01-06 14:14:00
8056,D,12084.0,2026-01-06 14:15:00
8057,A,12085.5,2026-01-06 14:16:00
8058,B,12087.0,2026-01-06 14:17:00
8059,C,12088.5,2026-01-06 14:18:00
8060,D,12090.0,2026-01-06 14:19:00
8061,A,12091.5,2026-01-06 14:20:00
8062,B,12093.0,2026-01-06 14:21:00
8063,C,12094.5,2026-01-06 14:22:00
8064,D,12096.0,2026-01-06 14:23:00
8065,A,12097.5,2026-01-06 14:24:00
8066,B,12099.0,2026-01-06 14:25:00
8067,C,12100.5,2026-01-06 14:26:00
8068,D,12102.0,2026-01-06 14:27:00
8069,A,12103.5,2026-01-06 14:28:00
8070,B,12105.0,2026-01-06 14:29:00
8071,C,12106.5,2026-01-06 14:30:00
8072,D,12108.0,2026-01-06 14:31:00
8073,A,12109.5,2026-01-06 14:32:00
8074,B,12111.0,2026-01-06 14:33:00
8075,C,12112.5,2026-01-06 14:34:00
8076,D,12114.0,2026-01-06 14:35:00
8077,A,12115.5,2026-01-06 14:36:00
8078,B,12117.0,2026-01-06 14:37:00
8079,C,12118.5,2026-01-06 14:38:00
8080,D,12120.0,2026-01-06 14:39:00
8081,A,12121.5,2026-01-06 14:40:00
8082,B,12123.0,2026-01-06 14:41:00
8083,C,12124.5,2026-01-06 14:42:00
8084,D,12126.0,2026-01-06 14:43:00
8085,A,12127.5,2026-01-06 14:44:00
8086,B,12129.0,2026-01-06 14:45:00
8087,C,12130.5,2026-01-06 14:46:00
8088,D,12132.0,2026-01-06 14:47:00
8089,A,12133.5,2026-01-06 14:48:00
8090,B,12135.0,2026-01-06 14:49:00
8091,C,12136.5,2026-01-06 14:50:00
8092,D,12138.0,2026-01-06 14:51:00
8093,A,12139.5,2026-01-06 14:52:00
8094,B,12141.0,2026-01-06 14:53:00
8095,C,12142.5,2026-01-06 14:54:00
8096,D,12144.0,2026-01-06 14:55:00
8097,A,12145.5,2026-01-06 14:56:00
8098,B,12147.0,2026-01-06 14:57:00
8099,C,12148.5,2026-01-06 14:58:00
8100,D,12150.0,2026-01-06 14:59:00
8101,A,12151.5,2026-01-06 15:00:00
8102,B,12153.0,2026-01-06 15:01:00
8103,C,12154.5,2026-01-06 15:02:00
8104,D,12156.0,2026-01-06 15:03:00
8105,A,12157.5,2026-01-06 15:04:00
8106,B,12159.0,2026-01-06 15:05:00
8107,C,12160.5,2026-01-06 15:06:00
8108,D,12162.0,2026-01-06 15:07:00
8109,A,12163.5,2026-01-06 15:08:00
8110,B,12165.0,2026-01-06 15:09:00
8111,C,12166.5,2026-01-06 15:10:00
8112,D,12168.0,2026-01-06 15:11:00
8113,A,12169.5,2026-01-06 15:12:00
8114,B,12171.0,2026-01-06 15:13:00
8115,C,12172.5,2026-01-06 15:14:00
8116,D,12174.0,2026-01-06 15:15:00
8117,A,12175.5,2026-01-06 15:16:00
8118,B,12177.0,2026-01-06 15:17:00
8119,C,12178.5,2026-01-06 15:18:00
8120,D,12180.0,2026-01-06 15:19:00
8121,A,12181.5,2026-01-06 15:20:00
8122,B,12183.0,2026-01-06 15:21:00
8123,C,12184.5,2026-01-06 15:22:00
8124,D,12186.0,2026-01-06 15:23:00
8125,A,12187.5,2026-01-06 15:24:00
8126,B,12189.0,2026-01-06 15:25:00
8127,C,12190.5,2026-01-06 15:26:00
8128,D,12192.0,2026-01-06 15:27:00
8129,A,12193.5,2026-01-06 15:28:00
8130,B,12195.0,2026-01-06 15:29:00
8131,C,12196.5,2026-01-06 15:30:00
8132,D,12198.0,2026-01-06 15:31:00
8133,A,12199.5,2026-01-06 15:32:00
8134,B,12201.0,2026-01-06 15:33:00
8135,C,12202.5,2026-01-06 15:34:00
8136,D,12204.0,2026-01-06 15:35:00
8137,A,12205.5,2026-01-06 15:36:00
8138,B,12207.0,2026-01-06 15:37:00
8139,C,12208.5,2026-01-06 15:38:00
8140,D,12210.0,2026-01-06 15:39:00
8141,A,12211.5,2026-01-06 15:40:00
8142,B,12213.0,2026-01-06 15:41:00
8143,C,12214.5,2026-01-06 15:42:00
8144,D,12216.0,2026-01-06 15:43:00
8145,A,12217.5,2026-01-06 15:44:00
8146,B,12219.0,2026-01-06 15:45:00
8147,C,12220.5,2026-01-06 15:46:00
8148,D,12222.0,2026-01-06 15:47:00
8149,A,12223.5,2026-01-06 15:48:00
8150,B,12225.0,2026-01-06 15:49:00
8151,C,12226.5,2026-01-06 15:50:00
8152,D,12228.0,2026-01-06 15:51:00
8153,A,12229.5,2026-01-06 15:52:00
8154,B,12231.0,2026-01-06 15:53:00
8155,C,12232.5,2026-01-06 15:54:00
8156,D,12234.0,2026-01-06 15:55:00
8157,A,12235.5,2026-01-06 15:56:00
8158,B,12237.0,2026-01-06 15:57:00
8159,C,12238.5,2026-01-06 15:58:00
8160,D,12240.0,2026-01-06 15:59:00
8161,A,12241.5,2026-01-06 16:00:00
8162,B,12243.0,2026-01-06 16:01:00
8163,C,12244.5,2026-01-06 16:02:00
8164,D,12246.0,2026-01-06 16:03:00
8165,A,12247.5,2026-01-06 16:04:00
8166,B,12249.0,2026-01-06 16:05:00
8167,C,12250.5,2026-01-06 16:06:00
8168,D,12252.0,2026-01-06 16:07:00
8169,A,12253.5,2026-01-06 16:08:00
8170,B,12255.0,2026-01-06 16:09:00
8171,C,12256.5,2026-01-06 16:10:00
8172,D,12258.0,2026-01-06 16:11:00
8173,A,12259.5,2026-01-06 16:12:00
8174,B,12261.0,2026-01-06 16:13:00
8175,C,12262.5,2026-01-06 16:14:00
8176,D,12264.0,2026-01-06 16:15:00
8177,A,12265.5,2026-01-06 16:16:00
8178,B,12267.0,2026-01-06 16:17:00
8179,C,12268.5,2026-01-06 16:18:00
8180,D,12270.0,2026-01-06 16:19:00
8181,A,12271.5,2026-01-06 16:20:00
8182,B,12273.0,2026-01-06 16:21:00
8183,C,12274.5,2026-01-06 16:22:00
8184,D,12276.0,2026-01-06 16:23:00
8185,A,12277.5,2026-01-06 16:24:00
8186,B,12279.0,2026-01-06 16:25:00
8187,C,12280.5,2026-01-06 16:26:00
8188,D,12282.0,2026-01-06 16:27:00
8189,A,12283.5,2026-01-06 16:28:00
8190,B,12285.0,2026-01-06 16:29:00
8191,C,12286.5,2026-01-06 16:30:00
8192,D,12288.0,2026-01-06 16:31:00
8193,A,12289.5,2026-01-06 16:32:00
8194,B,12291.0,2026-01-06 16:33:00
8195,C,12292.5,2026-01-06 16:34:00
8196,D,12294.0,2026-01-06 16:35:00
8197,A,12295.5,2026-01-06 16:36:00
8198,B,12297.0,2026-01-06 16:37:00
8199,C,12298.5,2026-01-06 16:38:00
8200,D,12300.0,2026-01-06 16:39:00
8201,A,12301.5,2026-01-06 16:40:00
8202,B,12303.0,2026-01-06 16:41:00
8203,C,12304.5,2026-01-06 16:42:00
8204,D,12306.0,2026-01-06 16:43:00
8205,A,12307.5,2026-01-06 16:44:00
8206,B,12309.0,2026-01-06 16:45:00
8207,C,12310.5,2026-01-06 16:46:00
8208,D,12312.0,2026-01-06 16:47:00
8209,A,12313.5,2026-01-06 16:48:00
8210,B,12315.0,2026-01-06 16:49:00
8211,C,12316.5,2026-01-06 16:50:00
8212,D,12318.0,2026-01-06 16:51:00
8213,A,12319.5,2026-01-06 16:52:00
8214,B,12321.0,2026-01-06 16:53:00
8215,C,12322.5,2026-01-06 16:54:00
8216,D,12324.0,2026-01-06 16:55:00
8217,A,12325.5,2026-01-06 16:56:00
8218,B,12327.0,2026-01-06 16:57:00
8219,C,12328.5,2026-01-06 16:58:00
8220,D,12330.0,2026-01-06 16:59:00
8221,A,12331.5,2026-01-06 17:00:00
8222,B,12333.0,2026-01-06 17:01:00
8223,C,12334.5,2026-01-06 17:02:00
8224,D,12336.0,2026-01-06 17:03:00
8225,A,12337.5,2026-01-06 17:04:00
8226,B,12339.0,2026-01-06 17:05:00
8227,C,12340.5,2026-01-06 17:06:00
8228,D,12342.0,2026-01-06 17:07:00
8229,A,12343.5,2026-01-06 17:08:00
8230,B,12345.0,2026-01-06 17:09:00
8231,C,12346.5,2026-01-06 17:10:00
8232,D,12348.0,2026-01-06 17:11:00
8233,A,12349.5,2026-01-06 17:12:00
8234,B,12351.0,2026-01-06 17:13:00
8235,C,12352.5,2026-01-06 17:14:00
8236,D,12354.0,2026-01-06 17:15:00
8237,A,12355.5,2026-01-06 17:16:00
8238,B,12357.0,2026-01-06 17:17:00
8239,C,12358.5,2026-01-06 17:18:00
8240,D,12360.0,2026-01-06 17:19:00
8241,A,12361.5,2026-01-06 17:20:00
8242,B,12363.0,2026-01-06 17:21:00
8243,C,12364.5,2026-01-06 17:22:00
8244,D,12366.0,2026-01-06 17:23:00
8245,A,12367.5,2026-01-06 17:24:00
8246,B,12369.0,2026-01-06 17:25:00
8247,C,12370.5,2026-01-06 17:26:00
8248,D,12372.0,2026-01-06 17:27:00
8249,A,12373.5,2026-01-06 17:28:00
8250,B,12375.0,2026-01-06 17:29:00
8251,C,12376.5,2026-01-06 17:30:00
8252,D,12378.0,2026-01-06 17:31:00
8253,A,12379.5,2026-01-06 17:32:00
8254,B,12381.0,2026-01-06 17:33:00
8255,C,12382.5,2026-01-06 17:34:00
8256,D,12384.0,2026-01-06 17:35:00
8257,A,12385.5,2026-01-06 17:36:00
8258,B,12387.0,2026-01-06 17:37:00
8259,C,12388.5,2026-01-06 17:38:00
8260,D,12390.0,2026-01-06 17:39:00
8261,A,12391.5,2026-01-06 17:40:00
8262,B,12393.0,2026-01-06 17:41:00
8263,C,12394.5,2026-01-06 17:42:00
8264,D,12396.0,2026-01-06 17:43:00
8265,A,12397.5,2026-01-06 17:44:00
8266,B,12399.0,2026-01-06 17:45:00
8267,C,12400.5,2026-01-06 17:46:00
8268,D,12402.0,2026-01-06 17:47:00
8269,A,12403.5,2026-01-06 17:48:00
8270,B,12405.0,2026-01-06 17:49:00
8271,C,12406.5,2026-01-06 17:50:00
8272,D,12408.0,2026-01-06 17:51:00
8273,A,12409.5,2026-01-06 17:52:00
8274,B,12411.0,2026-01-06 17:53:00
8275,C,12412.5,2026-01-06 17:54:00
8276,D,12414.0,2026-01-06 17:55:00
8277,A,12415.5,2026-01-06 17:56:00
8278,B,12417.0,2026-01-06 17:57:00
8279,C,12418.5,2026-01-06 17:58:00
8280,D,12420.0,2026-01-06 17:59:00
8281,A,12421.5,2026-01-06 18:00:00
8282,B,12423.0,2026-01-06 18:01:00
8283,C,12424.5,2026-01-06 18:02:00
8284,D,12426.0,2026-01-06 18:03:00
8285,A,12427.5,2026-01-06 18:04:00
8286,B,12429.0,2026-01-06 18:05:00
8287,C,12430.5,2026-01-06 18:06:00
8288,D,12432.0,2026-01-06 18:07:00
8289,A,12433.5,2026-01-06 18:08:00
8290,B,12435.0,2026-01-06 18:09:00
8291,C,12436.5,2026-01-06 18:10:00
8292,D,12438.0,2026-01-06 18:11:00
8293,A,12439.5,2026-01-06 18:12:00
8294,B,12441.0,2026-01-06 18:13:00
8295,C,12442.5,2026-01-06 18:14:00
8296,D,12444.0,2026-01-06 18:15:00
8297,A,12445.5,2026-01-06 18:16:00
8298,B,12447.0,2026-01-06 18:17:00
8299,C,12448.5,2026-01-06 18:18:00
8300,D,12450.0,2026-01-06 18:19:00
8301,A,12451.5,2026-01-06 18:20:00
8302,B,12453.0,2026-01-06 18:21:00
8303,C,12454.5,2026-01-06 18:22:00
8304,D,12456.0,2026-01-06 18:23:00
8305,A,12457.5,2026-01-06 18:24:00
8306,B,12459.0,2026-01-06 18:25:00
8307,C,12460.5,2026-01-06 18:26:00
8308,D,12462.0,2026-01-06 18:27:00
8309,A,12463.5,2026-01-06 18:28:00
8310,B,12465.0,2026-01-06 18:29:00
8311,C,12466.5,2026-01-06 18:30:00
8312,D,12468.0,2026-01-06 18:31:00
8313,A,12469.5,2026-01-06 18:32:00
8314,B,12471.0,2026-01-06 18:33:00
8315,C,12472.5,2026-01-06 18:34:00
8316,D,12474.0,2026-01-06 18:35:00
8317,A,12475.5,2026-01-06 18:36:00
8318,B,12477.0,2026-01-06 18:37:00
8319,C,12478.5,2026-01-06 18:38:00
8320,D,12480.0,2026-01-06 18:39:00
8321,A,12481.5,2026-01-06 18:40:00
8322,B,12483.0,2026-01-06 18:41:00
8323,C,12484.5,2026-01-06 18:42:00
8324,D,12486.0,2026-01-06 18:43:00
8325,A,12487.5,2026-01-06 18:44:00
8326,B,12489.0,2026-01-06 18:45:00
8327,C,12490.5,2026-01-06 18:46:00
8328,D,12492.0,2026-01-06 18:47:00
8329,A,12493.5,2026-01-06 18:48:00
8330,B,12495.0,2026-01-06 18:49:00
8331,C,12496.5,2026-01-06 18:50:00
8332,D,12498.0,2026-01-06 18:51:00
8333,A,12499.5,2026-01-06 18:52:00
8334,B,12501.0,2026-01-06 18:53:00
8335,C,12502.5,2026-01-06 18:54:00
8336,D,12504.0,2026-01-06 18:55:00
8337,A,12505.5,2026-01-06 18:56:00
8338,B,12507.0,2026-01-06 18:57:00
8339,C,12508.5,2026-01-06 18:58:00
8340,D,12510.0,2026-01-06 18:59:00
8341,A,12511.5,2026-01-06 19:00:00
8342,B,12513.0,2026-01-06 19:01:00
8343,C,12514.5,2026-01-06 19:02:00
8344,D,12516.0,2026-01-06 19:03:00
8345,A,12517.5,2026-01-06 19:04:00
8346,B,12519.0,2026-01-06 19:05:00
8347,C,12520.5,2026-01-06 19:06:00
8348,D,12522.0,2026-01-06 19:07:00
8349,A,12523.5,2026-01-06 19:08:00
8350,B,12525.0,2026-01-06 19:09:00
8351,C,12526.5,2026-01-06 19:10:00
8352,D,12528.0,2026-01-06 19:11:00
8353,A,12529.5,2026-01-06 19:12:00
8354,B,12531.0,2026-01-06 19:13:00
8355,C,12532.5,2026-01-06 19:14:00
8356,D,12534.0,2026-01-06 19:15:00
8357,A,12535.5,2026-01-06 19:16:00
8358,B,12537.0,2026-01-06 19:17:00
8359,C,12538.5,2026-01-06 19:18:00
8360,D,12540.0,2026-01-06 19:19:00
8361,A,12541.5,2026-01-06 19:20:00
8362,B,12543.0,2026-01-06 19:21:00
8363,C,12544.5,2026-01-06 19:22:00
8364,D,12546.0,2026-01-06 19:23:00
8365,A,12547.5,2026-01-06 19:24:00
8366,B,12549.0,2026-01-06 19:25:00
8367,C,12550.5,2026-01-06 19:26:00
8368,D,12552.0,2026-01-06 19:27:00
8369,A,12553.5,2026-01-06 19:28:00
8370,B,12555.0,2026-01-06 19:29:00
8371,C,12556.5,2026-01-06 19:30:00
8372,D,12558.0,2026-01-06 19:31:00
8373,A,12559.5,2026-01-06 19:32:00
8374,B,12561.0,2026-01-06 19:33:00
8375,C,12562.5,2026-01-06 19:34:00
8376,D,12564.0,2026-01-06 19:35:00
8377,A,12565.5,2026-01-06 19:36:00
8378,B,12567.0,2026-01-06 19:37:00
8379,C,12568.5,2026-01-06 19:38:00
8380,D,12570.0,2026-01-06 19:39:00
8381,A,12571.5,2026-01-06 19:40:00
8382,B,12573.0,2026-01-06 19:41:00
8383,C,12574.5,2026-01-06 19:42:00
8384,D,12576.0,2026-01-06 19:43:00
8385,A,12577.5,2026-01-06 19:44:00
8386,B,12579.0,2026-01-06 19:45:00
8387,C,12580.5,2026-01-06 19:46:00
8388,D,12582.0,2026-01-06 19:47:00
8389,A,12583.5,2026-01-06 19:48:00
8390,B,12585.0,2026-01-06 19:49:00
8391,C,12586.5,2026-01-06 19:50:00
8392,D,12588.0,2026-01-06 19:51:00
8393,A,12589.5,2026-01-06 19:52:00
8394,B,12591.0,2026-01-06 19:53:00
8395,C,12592.5,2026-01-06 19:54:00
8396,D,12594.0,2026-01-06 19:55:00
8397,A,12595.5,2026-01-06 19:56:00
8398,B,12597.0,2026-01-06 19:57:00
8399,C,12598.5,2026-01-06 19:58:00
8400,D,12600.0,2026-01-06 19:59:00
8401,A,12601.5,2026-01-06 20:00:00
8402,B,12603.0,2026-01-06 20:01:00
8403,C,12604.5,2026-01-06 20:02:00
8404,D,12606.0,2026-01-06 20:03:00
8405,A,12607.5,2026-01-06 20:04:00
8406,B,12609.0,2026-01-06 20:05:00
8407,C,12610.5,2026-01-06 20:06:00
8408,D,12612.0,2026-01-06 20:07:00
8409,A,12613.5,2026-01-06 20:08:00
8410,B,12615.0,2026-01-06 20:09:00
8411,C,12616.5,2026-01-06 20:10:00
8412,D,12618.0,2026-01-06 20:11:00
8413,A,12619.5,2026-01-06 20:12:00
8414,B,12621.0,2026-01-06 20:13:00
8415,C,12622.5,2026-01-06 20:14:00
8416,D,12624.0,2026-01-06 20:15:00
8417,A,12625.5,2026-01-06 20:16:00
8418,B,12627.0,2026-01-06 20:17:00
8419,C,12628.5,2026-01-06 20:18:00
8420,D,12630.0,2026-01-06 20:19:00
8421,A,12631.5,2026-01-06 20:20:00
8422,B,12633.0,2026-01-06 20:21:00
8423,C,12634.5,2026-01-06 20:22:00
8424,D,12636.0,2026-01-06 20:23:00
8425,A,12637.5,2026-01-06 20:24:00
8426,B,12639.0,2026-01-06 20:25:00
8427,C,12640.5,2026-01-06 20:26:00
8428,D,12642.0,2026-01-06 20:27:00
8429,A,12643.5,2026-01-06 20:28:00
8430,B,12645.0,2026-01-06 20:29:00
8431,C,12646.5,2026-01-06 20:30:00
8432,D,12648.0,2026-01-06 20:31:00
8433,A,12649.5,2026-01-06 20:32:00
8434,B,12651.0,2026-01-06 20:33:00
8435,C,12652.5,2026-01-06 20:34:00
8436,D,12654.0,2026-01-06 20:35:00
8437,A,12655.5,2026-01-06 20:36:00
8438,B,12657.0,2026-01-06 20:37:00
8439,C,12658.5,2026-01-06 20:38:00
8440,D,12660.0,2026-01-06 20:39:00
8441,A,12661.5,2026-01-06 20:40:00
8442,B,12663.0,2026-01-06 20:41:00
8443,C,12664.5,2026-01-06 20:42:00
8444,D,12666.0,2026-01-06 20:43:00
8445,A,12667.5,2026-01-06 20:44:00
8446,B,12669.0,2026-01-06 20:45:00
8447,C,12670.5,2026-01-06 20:46:00
8448,D,12672.0,2026-01-06 20:47:00
8449,A,12673.5,2026-01-06 20:48:00
8450,B,12675.0,2026-01-06 20:49:00
8451,C,12676.5,2026-01-06 20:50:00
8452,D,12678.0,2026-01-06 20:51:00
8453,A,12679.5,2026-01-06 20:52:00
8454,B,12681.0,2026-01-06 20:53:00
8455,C,12682.5,2026-01-06 20:54:00
8456,D,12684.0,2026-01-06 20:55:00
8457,A,12685.5,2026-01-06 20:56:00
8458,B,12687.0,2026-01-06 20:57:00
8459,C,12688.5,2026-01-06 20:58:00
8460,D,12690.0,2026-01-06 20:59:00
8461,A,12691.5,2026-01-06 21:00:00
8462,B,12693.0,2026-01-06 21:01:00
8463,C,12694.5,2026-01-06 21:02:00
8464,D,12696.0,2026-01-06 21:03:00
8465,A,12697.5,2026-01-06 21:04:00
8466,B,12699.0,2026-01-06 21:05:00
8467,C,12700.5,2026-01-06 21:06:00
8468,D,12702.0,2026-01-06 21:07:00
8469,A,12703.5,2026-01-06 21:08:00
8470,B,12705.0,2026-01-06 21:09:00
8471,C,12706.5,2026-01-06 21:10:00
8472,D,12708.0,2026-01-06 21:11:00
8473,A,12709.5,2026-01-06 21:12:00
8474,B,12711.0,2026-01-06 21:13:00
8475,C,12712.5,2026-01-06 21:14:00
8476,D,12714.0,2026-01-06 21:15:00
8477,A,12715.5,2026-01-06 21:16:00
8478,B,12717.0,2026-01-06 21:17:00
8479,C,12718.5,2026-01-06 21:18:00
8480,D,12720.0,2026-01-06 21:19:00
8481,A,12721.5,2026-01-06 21:20:00
8482,B,12723.0,2026-01-06 21:21:00
8483,C,12724.5,2026-01-06 21:22:00
8484,D,12726.0,2026-01-06 21:23:00
8485,A,12727.5,2026-01-06 21:24:00
8486,B,12729.0,2026-01-06 21:25:00
8487,C,12730.5,2026-01-06 21:26:00
8488,D,12732.0,2026-01-06 21:27:00
8489,A,12733.5,2026-01-06 21:28:00
8490,B,12735.0,2026-01-06 21:29:00
8491,C,12736.5,2026-01-06 21:30:00
8492,D,12738.0,2026-01-06 21:31:00
8493,A,12739.5,2026-01-06 21:32:00
8494,B,12741.0,2026-01-06 21:33:00
8495,C,12742.5,2026-01-06 21:34:00
8496,D,12744.0,2026-01-06 21:35:00
8497,A,12745.5,2026-01-06 21:36:00
8498,B,12747.0,2026-01-06 21:37:00
8499,C,12748.5,2026-01-06 21:38:00
8500,D,12750.0,2026-01-06 21:39:00
8501,A,12751.5,2026-01-06 21:40:00
8502,B,12753.0,2026-01-06 21:41:00
8503,C,12754.5,2026-01-06 21:42:00
8504,D,12756.0,2026-01-06 21:43:00
8505,A,12757.5,2026-01-06 21:44:00
8506,B,12759.0,2026-01-06 21:45:00
8507,C,12760.5,2026-01-06 21:46:00
8508,D,12762.0,2026-01-06 21:47:00
8509,A,12763.5,2026-01-06 21:48:00
8510,B,12765.0,2026-01-06 21:49:00
8511,C,12766.5,2026-01-06 21:50:00
8512,D,12768.0,2026-01-06 21:51:00
8513,A,12769.5,2026-01-06 21:52:00
8514,B,12771.0,2026-01-06 21:53:00
8515,C,12772.5,2026-01-06 21:54:00
8516,D,12774.0,2026-01-06 21:55:00
8517,A,12775.5,2026-01-06 21:56:00
8518,B,12777.0,2026-01-06 21:57:00
8519,C,12778.5,2026-01-06 21:58:00
8520,D,12780.0,2026-01-06 21:59:00
8521,A,12781.5,2026-01-06 22:00:00
8522,B,12783.0,2026-01-06 22:01:00
8523,C,12784.5,2026-01-06 22:02:00
8524,D,12786.0,2026-01-06 22:03:00
8525,A,12787.5,2026-01-06 22:04:00
8526,B,12789.0,2026-01-06 22:05:00
8527,C,12790.5,2026-01-06 22:06:00
8528,D,12792.0,2026-01-06 22:07:00
8529,A,12793.5,2026-01-06 22:08:00
8530,B,12795.0,2026-01-06 22:09:00
8531,C,12796.5,2026-01-06 22:10:00
8532,D,12798.0,2026-01-06 22:11:00
8533,A,12799.5,2026-01-06 22:12:00
8534,B,12801.0,2026-01-06 22:13:00
8535,C,12802.5,2026-01-06 22:14:00
8536,D,12804.0,2026-01-06 22:15:00
8537,A,12805.5,2026-01-06 22:16:00
8538,B,12807.0,2026-01-06 22:17:00
8539,C,12808.5,2026-01-06 22:18:00
8540,D,12810.0,2026-01-06 22:19:00
8541,A,12811.5,2026-01-06 22:20:00
8542,B,12813.0,2026-01-06 22:21:00
8543,C,12814.5,2026-01-06 22:22:00
8544,D,12816.0,2026-01-06 22:23:00
8545,A,12817.5,2026-01-06 22:24:00
8546,B,12819.0,2026-01-06 22:25:00
8547,C,12820.5,2026-01-06 22:26:00
8548,D,12822.0,2026-01-06 22:27:00
8549,A,12823.5,2026-01-06 22:28:00
8550,B,12825.0,2026-01-06 22:29:00
8551,C,12826.5,2026-01-06 22:30:00
8552,D,12828.0,2026-01-06 22:31:00
8553,A,12829.5,2026-01-06 22:32:00
8554,B,12831.0,2026-01-06 22:33:00
8555,C,12832.5,2026-01-06 22:34:00
8556,D,12834.0,2026-01-06 22:35:00
8557,A,12835.5,2026-01-06 22:36:00
8558,B,12837.0,2026-01-06 22:37:00
8559,C,12838.5,2026-01-06 22:38:00
8560,D,12840.0,2026-01-06 22:39:00
8561,A,12841.5,2026-01-06 22:40:00
8562,B,12843.0,2026-01-06 22:41:00
8563,C,12844.5,2026-01-06 22:42:00
8564,D,12846.0,2026-01-06 22:43:00
8565,A,12847.5,2026-01-06 22:44:00
8566,B,12849.0,2026-01-06 22:45:00
8567,C,12850.5,2026-01-06 22:46:00
8568,D,12852.0,2026-01-06 22:47:00
8569,A,12853.5,2026-01-06 22:48:00
8570,B,12855.0,2026-01-06 22:49:00
8571,C,12856.5,2026-01-06 22:50:00
8572,D,12858.0,2026-01-06 22:51:00
8573,A,12859.5,2026-01-06 22:52:00
8574,B,12861.0,2026-01-06 22:53:00
8575,C,12862.5,2026-01-06 22:54:00
8576,D,12864.0,2026-01-06 22:55:00
8577,A,12865.5,2026-01-06 22:56:00
8578,B,12867.0,2026-01-06 22:57:00
8579,C,12868.5,2026-01-06 22:58:00
8580,D,12870.0,2026-01-06 22:59:00
8581,A,12871.5,2026-01-06 23:00:00
8582,B,12873.0,2026-01-06 23:01:00
8583,C,12874.5,2026-01-06 23:02:00
8584,D,12876.0,2026-01-06 23:03:00
8585,A,12877.5,2026-01-06 23:04:00
8586,B,12879.0,2026-01-06 23:05:00
8587,C,12880.5,2026-01-06 23:06:00
8588,D,12882.0,2026-01-06 23:07:00
8589,A,12883.5,2026-01-06 23:08:00
8590,B,12885.0,2026-01-06 23:09:00
8591,C,12886.5,2026-01-06 23:10:00
8592,D,12888.0,2026-01-06 23:11:00
8593,A,12889.5,2026-01-06 23:12:00
8594,B,12891.0,2026-01-06 23:13:00
8595,C,12892.5,2026-01-06 23:14:00
8596,D,12894.0,2026-01-06 23:15:00
8597,A,12895.5,2026-01-06 23:16:00
8598,B,12897.0,2026-01-06 23:17:00
8599,C,12898.5,2026-01-06 23:18:00
8600,D,12900.0,2026-01-06 23:19:00
8601,A,12901.5,2026-01-06 23:20:00
8602,B,12903.0,2026-01-06 23:21:00
8603,C,12904.5,2026-01-06 23:22:00
8604,D,12906.0,2026-01-06 23:23:00
8605,A,12907.5,2026-01-06 23:24:00
8606,B,12909.0,2026-01-06 23:25:00
8607,C,12910.5,2026-01-06 23:26:00
8608,D,12912.0,2026-01-06 23:27:00
8609,A,12913.5,2026-01-06 23:28:00
8610,B,12915.0,2026-01-06 23:29:00
8611,C,12916.5,2026-01-06 23:30:00
8612,D,12918.0,2026-01-06 23:31:00
8613,A,12919.5,2026-01-06 23:32:00
8614,B,12921.0,2026-01-06 23:33:00
8615,C,12922.5,2026-01-06 23:34:00
8616,D,12924.0,2026-01-06 23:35:00
8617,A,12925.5,2026-01-06 23:36:00
8618,B,12927.0,2026-01-06 23:37:00
8619,C,12928.5,2026-01-06 23:38:00
8620,D,12930.0,2026-01-06 23:39:00
8621,A,12931.5,2026-01-06 23:40:00
8622,B,12933.0,2026-01-06 23:41:00
8623,C,12934.5,2026-01-06 23:42:00
8624,D,12936.0,2026-01-06 23:43:00
8625,A,12937.5,2026-01-06 23:44:00
8626,B,12939.0,2026-01-06 23:45:00
8627,C,12940.5,2026-01-06 23:46:00
8628,D,12942.0,2026-01-06 23:47:00
8629,A,12943.5,2026-01-06 23:48:00
8630,B,12945.0,2026-01-06 23:49:00
8631,C,12946.5,2026-01-06 23:50:00
8632,D,12948.0,2026-01-06 23:51:00
8633,A,12949.5,2026-01-06 23:52:00
8634,B,12951.0,2026-01-06 23:53:00
8635,C,12952.5,2026-01-06 23:54:00
8636,D,12954.0,2026-01-06 23:55:00
8637,A,12955.5,2026-01-06 23:56:00
8638,B,12957.0,2026-01-06 23:57:00
8639,C,12958.5,2026-01-06 23:58:00
8640,D,12960.0,2026-01-06 23:59:00
8641,A,12961.5,2026-01-07 00:00:00
8642,B,12963.0,2026-01-07 00:01:00
8643,C,12964.5,2026-01-07 00:02:00
8644,D,12966.0,2026-01-07 00:03:00
8645,A,12967.5,2026-01-07 00:04:00
8646,B,12969.0,2026-01-07 00:05:00
8647,C,12970.5,2026-01-07 00:06:00
8648,D,12972.0,2026-01-07 00:07:00
8649,A,12973.5,2026-01-07 00:08:00
8650,B,12975.0,2026-01-07 00:09:00
8651,C,12976.5,2026-01-07 00:10:00
8652,D,12978.0,2026-01-07 00:11:00
8653,A,12979.5,2026-01-07 00:12:00
8654,B,12981.0,2026-01-07 00:13:00
8655,C,12982.5,2026-01-07 00:14:00
8656,D,12984.0,2026-01-07 00:15:00
8657,A,12985.5,2026-01-07 00:16:00
8658,B,12987.0,2026-01-07 00:17:00
8659,C,12988.5,2026-01-07 00:18:00
8660,D,12990.0,2026-01-07 00:19:00
8661,A,12991.5,2026-01-07 00:20:00
8662,B,12993.0,2026-01-07 00:21:00
8663,C,12994.5,2026-01-07 00:22:00
8664,D,12996.0,2026-01-07 00:23:00
8665,A,12997.5,2026-01-07 00:24:00
8666,B,12999.0,2026-01-07 00:25:00
8667,C,13000.5,2026-01-07 00:26:00
8668,D,13002.0,2026-01-07 00:27:00
8669,A,13003.5,2026-01-07 00:28:00
8670,B,13005.0,2026-01-07 00:29:00
8671,C,13006.5,2026-01-07 00:30:00
8672,D,13008.0,2026-01-07 00:31:00
8673,A,13009.5,2026-01-07 00:32:00
8674,B,13011.0,2026-01-07 00:33:00
8675,C,13012.5,2026-01-07 00:34:00
8676,D,13014.0,2026-01-07 00:35:00
8677,A,13015.5,2026-01-07 00:36:00
8678,B,13017.0,2026-01-07 00:37:00
8679,C,13018.5,2026-01-07 00:38:00
8680,D,13020.0,2026-01-07 00:39:00
8681,A,13021.5,2026-01-07 00:40:00
8682,B,13023.0,2026-01-07 00:41:00
8683,C,13024.5,2026-01-07 00:42:00
8684,D,13026.0,2026-01-07 00:43:00
8685,A,13027.5,2026-01-07 00:44:00
8686,B,13029.0,2026-01-07 00:45:00
8687,C,13030.5,2026-01-07 00:46:00
8688,D,13032.0,2026-01-07 00:47:00
8689,A,13033.5,2026-01-07 00:48:00
8690,B,13035.0,2026-01-07 00:49:00
8691,C,13036.5,2026-01-07 00:50:00
8692,D,13038.0,2026-01-07 00:51:00
8693,A,13039.5,2026-01-07 00:52:00
8694,B,13041.0,2026-01-07 00:53:00
8695,C,13042.5,2026-01-07 00:54:00
8696,D,13044.0,2026-01-07 00:55:00
8697,A,13045.5,2026-01-07 00:56:00
8698,B,13047.0,2026-01-07 00:57:00
8699,C,13048.5,2026-01-07 00:58:00
8700,D,13050.0,2026-01-07 00:59:00
8701,A,13051.5,2026-01-07 01:00:00
8702,B,13053.0,2026-01-07 01:01:00
8703,C,13054.5,2026-01-07 01:02:00
8704,D,13056.0,2026-01-07 01:03:00
8705,A,13057.5,2026-01-07 01:04:00
8706,B,13059.0,2026-01-07 01:05:00
8707,C,13060.5,2026-01-07 01:06:00
8708,D,13062.0,2026-01-07 01:07:00
8709,A,13063.5,2026-01-07 01:08:00
8710,B,13065.0,2026-01-07 01:09:00
8711,C,13066.5,2026-01-07 01:10:00
8712,D,13068.0,2026-01-07 01:11:00
8713,A,13069.5,2026-01-07 01:12:00
8714,B,13071.0,2026-01-07 01:13:00
8715,C,13072.5,2026-01-07 01:14:00
8716,D,13074.0,2026-01-07 01:15:00
8717,A,13075.5,2026-01-07 01:16:00
8718,B,13077.0,2026-01-07 01:17:00
8719,C,13078.5,2026-01-07 01:18:00
8720,D,13080.0,2026-01-07 01:19:00
8721,A,13081.5,2026-01-07 01:20:00
8722,B,13083.0,2026-01-07 01:21:00
8723,C,13084.5,2026-01-07 01:22:00
8724,D,13086.0,2026-01-07 01:23:00
8725,A,13087.5,2026-01-07 01:24:00
8726,B,13089.0,2026-01-07 01:25:00
8727,C,13090.5,2026-01-07 01:26:00
8728,D,13092.0,2026-01-07 01:27:00
8729,A,13093.5,2026-01-07 01:28:00
8730,B,13095.0,2026-01-07 01:29:00
8731,C,13096.5,2026-01-07 01:30:00
8732,D,13098.0,2026-01-07 01:31:00
8733,A,13099.5,2026-01-07 01:32:00
8734,B,13101.0,2026-01-07 01:33:00
8735,C,13102.5,2026-01-07 01:34:00
8736,D,13104.0,2026-01-07 01:35:00
8737,A,13105.5,2026-01-07 01:36:00
8738,B,13107.0,2026-01-07 01:37:00
8739,C,13108.5,2026-01-07 01:38:00
8740,D,13110.0,2026-01-07 01:39:00
8741,A,13111.5,2026-01-07 01:40:00
8742,B,13113.0,2026-01-07 01:41:00
8743,C,13114.5,2026-01-07 01:42:00
8744,D,13116.0,2026-01-07 01:43:00
8745,A,13117.5,2026-01-07 01:44:00
8746,B,13119.0,2026-01-07 01:45:00
8747,C,13120.5,2026-01-07 01:46:00
8748,D,13122.0,2026-01-07 01:47:00
8749,A,13123.5,2026-01-07 01:48:00
8750,B,13125.0,2026-01-07 01:49:00
8751,C,13126.5,2026-01-07 01:50:00
8752,D,13128.0,2026-01-07 01:51:00
8753,A,13129.5,2026-01-07 01:52:00
8754,B,13131.0,2026-01-07 01:53:00
8755,C,13132.5,2026-01-07 01:54:00
8756,D,13134.0,2026-01-07 01:55:00
8757,A,13135.5,2026-01-07 01:56:00
8758,B,13137.0,2026-01-07 01:57:00
8759,C,13138.5,2026-01-07 01:58:00
8760,D,13140.0,2026-01-07 01:59:00
8761,A,13141.5,2026-01-07 02:00:00
8762,B,13143.0,2026-01-07 02:01:00
8763,C,13144.5,2026-01-07 02:02:00
8764,D,13146.0,2026-01-07 02:03:00
8765,A,13147.5,2026-01-07 02:04:00
8766,B,13149.0,2026-01-07 02:05:00
8767,C,13150.5,2026-01-07 02:06:00
8768,D,13152.0,2026-01-07 02:07:00
8769,A,13153.5,2026-01-07 02:08:00
8770,B,13155.0,2026-01-07 02:09:00
8771,C,13156.5,2026-01-07 02:10:00
8772,D,13158.0,2026-01-07 02:11:00
8773,A,13159.5,2026-01-07 02:12:00
8774,B,13161.0,2026-01-07 02:13:00
8775,C,13162.5,2026-01-07 02:14:00
8776,D,13164.0,2026-01-07 02:15:00
8777,A,13165.5,2026-01-07 02:16:00
8778,B,13167.0,2026-01-07 02:17:00
8779,C,13168.5,2026-01-07 02:18:00
8780,D,13170.0,2026-01-07 02:19:00
8781,A,13171.5,2026-01-07 02:20:00
8782,B,13173.0,2026-01-07 02:21:00
8783,C,13174.5,2026-01-07 02:22:00
8784,D,13176.0,2026-01-07 02:23:00
8785,A,13177.5,2026-01-07 02:24:00
8786,B,13179.0,2026-01-07 02:25:00
8787,C,13180.5,2026-01-07 02:26:00
8788,D,13182.0,2026-01-07 02:27:00
8789,A,13183.5,2026-01-07 02:28:00
8790,B,13185.0,2026-01-07 02:29:00
8791,C,13186.5,2026-01-07 02:30:00
8792,D,13188.0,2026-01-07 02:31:00
8793,A,13189.5,2026-01-07 02:32:00
8794,B,13191.0,2026-01-07 02:33:00
8795,C,13192.5,2026-01-07 02:34:00
8796,D,13194.0,2026-01-07 02:35:00
8797,A,13195.5,2026-01-07 02:36:00
8798,B,13197.0,2026-01-07 02:37:00
8799,C,13198.5,2026-01-07 02:38:00
8800,D,13200.0,2026-01-07 02:39:00
8801,A,13201.5,2026-01-07 02:40:00
8802,B,13203.0,2026-01-07 02:41:00
8803,C,13204.5,2026-01-07 02:42:00
8804,D,13206.0,2026-01-07 02:43:00
8805,A,13207.5,2026-01-07 02:44:00
8806,B,13209.0,2026-01-07 02:45:00
8807,C,13210.5,2026-01-07 02:46:00
8808,D,13212.0,2026-01-07 02:47:00
8809,A,13213.5,2026-01-07 02:48:00
8810,B,13215.0,2026-01-07 02:49:00
8811,C,13216.5,2026-01-07 02:50:00
8812,D,13218.0,2026-01-07 02:51:00
8813,A,13219.5,2026-01-07 02:52:00
8814,B,13221.0,2026-01-07 02:53:00
8815,C,13222.5,2026-01-07 02:54:00
8816,D,13224.0,2026-01-07 02:55:00
8817,A,13225.5,2026-01-07 02:56:00
8818,B,13227.0,2026-01-07 02:57:00
8819,C,13228.5,2026-01-07 02:58:00
8820,D,13230.0,2026-01-07 02:59:00
8821,A,13231.5,2026-01-07 03:00:00
8822,B,13233.0,2026-01-07 03:01:00
8823,C,13234.5,2026-01-07 03:02:00
8824,D,13236.0,2026-01-07 03:03:00
8825,A,13237.5,2026-01-07 03:04:00
8826,B,13239.0,2026-01-07 03:05:00
8827,C,13240.5,2026-01-07 03:06:00
8828,D,13242.0,2026-01-07 03:07:00
8829,A,13243.5,2026-01-07 03:08:00
8830,B,13245.0,2026-01-07 03:09:00
8831,C,13246.5,2026-01-07 03:10:00
8832,D,13248.0,2026-01-07 03:11:00
8833,A,13249.5,2026-01-07 03:12:00
8834,B,13251.0,2026-01-07 03:13:00
8835,C,13252.5,2026-01-07 03:14:00
8836,D,13254.0,2026-01-07 03:15:00
8837,A,13255.5,2026-01-07 03:16:00
8838,B,13257.0,2026-01-07 03:17:00
8839,C,13258.5,2026-01-07 03:18:00
8840,D,13260.0,2026-01-07 03:19:00
8841,A,13261.5,2026-01-07 03:20:00
8842,B,13263.0,2026-01-07 03:21:00
8843,C,13264.5,2026-01-07 03:22:00
8844,D,13266.0,2026-01-07 03:23:00
8845,A,13267.5,2026-01-07 03:24:00
8846,B,13269.0,2026-01-07 03:25:00
8847,C,13270.5,2026-01-07 03:26:00
8848,D,13272.0,2026-01-07 03:27:00
8849,A,13273.5,2026-01-07 03:28:00
8850,B,13275.0,2026-01-07 03:29:00
8851,C,13276.5,2026-01-07 03:30:00
8852,D,13278.0,2026-01-07 03:31:00
8853,A,13279.5,2026-01-07 03:32:00
8854,B,13281.0,2026-01-07 03:33:00
8855,C,13282.5,2026-01-07 03:34:00
8856,D,13284.0,2026-01-07 03:35:00
8857,A,13285.5,2026-01-07 03:36:00
8858,B,13287.0,2026-01-07 03:37:00
8859,C,13288.5,2026-01-07 03:38:00
8860,D,13290.0,2026-01-07 03:39:00
8861,A,13291.5,2026-01-07 03:40:00
8862,B,13293.0,2026-01-07 03:41:00
8863,C,13294.5,2026-01-07 03:42:00
8864,D,13296.0,2026-01-07 03:43:00
8865,A,13297.5,2026-01-07 03:44:00
8866,B,13299.0,2026-01-07 03:45:00
8867,C,13300.5,2026-01-07 03:46:00
8868,D,13302.0,2026-01-07 03:47:00
8869,A,13303.5,2026-01-07 03:48:00
8870,B,13305.0,2026-01-07 03:49:00
8871,C,13306.5,2026-01-07 03:50:00
8872,D,13308.0,2026-01-07 03:51:00
8873,A,13309.5,2026-01-07 03:52:00
8874,B,13311.0,2026-01-07 03:53:00
8875,C,13312.5,2026-01-07 03:54:00
8876,D,13314.0,2026-01-07 03:55:00
8877,A,13315.5,2026-01-07 03:56:00
8878,B,13317.0,2026-01-07 03:57:00
8879,C,13318.5,2026-01-07 03:58:00
8880,D,13320.0,2026-01-07 03:59:00
8881,A,13321.5,2026-01-07 04:00:00
8882,B,13323.0,2026-01-07 04:01:00
8883,C,13324.5,2026-01-07 04:02:00
8884,D,13326.0,2026-01-07 04:03:00
8885,A,13327.5,2026-01-07 04:04:00
8886,B,13329.0,2026-01-07 04:05:00
8887,C,13330.5,2026-01-07 04:06:00
8888,D,13332.0,2026-01-07 04:07:00
8889,A,13333.5,2026-01-07 04:08:00
8890,B,13335.0,2026-01-07 04:09:00
8891,C,13336.5,2026-01-07 04:10:00
8892,D,13338.0,2026-01-07 04:11:00
8893,A,13339.5,2026-01-07 04:12:00
8894,B,13341.0,2026-01-07 04:13:00
8895,C,13342.5,2026-01-07 04:14:00
8896,D,13344.0,2026-01-07 04:15:00
8897,A,13345.5,2026-01-07 04:16:00
8898,B,13347.0,2026-01-07 04:17:00
8899,C,13348.5,2026-01-07 04:18:00
8900,D,13350.0,2026-01-07 04:19:00
8901,A,13351.5,2026-01-07 04:20:00
8902,B,13353.0,2026-01-07 04:21:00
8903,C,13354.5,2026-01-07 04:22:00
8904,D,13356.0,2026-01-07 04:23:00
8905,A,13357.5,2026-01-07 04:24:00
8906,B,13359.0,2026-01-07 04:25:00
8907,C,13360.5,2026-01-07 04:26:00
8908,D,13362.0,2026-01-07 04:27:00
8909,A,13363.5,2026-01-07 04:28:00
8910,B,13365.0,2026-01-07 04:29:00
8911,C,13366.5,2026-01-07 04:30:00
8912,D,13368.0,2026-01-07 04:31:00
8913,A,13369.5,2026-01-07 04:32:00
8914,B,13371.0,2026-01-07 04:33:00
8915,C,13372.5,2026-01-07 04:34:00
8916,D,13374.0,2026-01-07 04:35:00
8917,A,13375.5,2026-01-07 04:36:00
8918,B,13377.0,2026-01-07 04:37:00
8919,C,13378.5,2026-01-07 04:38:00
8920,D,13380.0,2026-01-07 04:39:00
8921,A,13381.5,2026-01-07 04:40:00
8922,B,13383.0,2026-01-07 04:41:00
8923,C,13384.5,2026-01-07 04:42:00
8924,D,13386.0,2026-01-07 04:43:00
8925,A,13387.5,2026-01-07 04:44:00
8926,B,13389.0,2026-01-07 04:45:00
8927,C,13390.5,2026-01-07 04:46:00
8928,D,13392.0,2026-01-07 04:47:00
8929,A,13393.5,2026-01-07 04:48:00
8930,B,13395.0,2026-01-07 04:49:00
8931,C,13396.5,2026-01-07 04:50:00
8932,D,13398.0,2026-01-07 04:51:00
8933,A,13399.5,2026-01-07 04:52:00
8934,B,13401.0,2026-01-07 04:53:00
8935,C,13402.5,2026-01-07 04:54:00
8936,D,13404.0,2026-01-07 04:55:00
8937,A,13405.5,2026-01-07 04:56:00
8938,B,13407.0,2026-01-07 04:57:00
8939,C,13408.5,2026-01-07 04:58:00
8940,D,13410.0,2026-01-07 04:59:00
8941,A,13411.5,2026-01-07 05:00:00
8942,B,13413.0,2026-01-07 05:01:00
8943,C,13414.5,2026-01-07 05:02:00
8944,D,13416.0,2026-01-07 05:03:00
8945,A,13417.5,2026-01-07 05:04:00
8946,B,13419.0,2026-01-07 05:05:00
8947,C,13420.5,2026-01-07 05:06:00
8948,D,13422.0,2026-01-07 05:07:00
8949,A,13423.5,2026-01-07 05:08:00
8950,B,13425.0,2026-01-07 05:09:00
8951,C,13426.5,2026-01-07 05:10:00
8952,D,13428.0,2026-01-07 05:11:00
8953,A,13429.5,2026-01-07 05:12:00
8954,B,13431.0,2026-01-07 05:13:00
8955,C,13432.5,2026-01-07 05:14:00
8956,D,13434.0,2026-01-07 05:15:00
8957,A,13435.5,2026-01-07 05:16:00
8958,B,13437.0,2026-01-07 05:17:00
8959,C,13438.5,2026-01-07 05:18:00
8960,D,13440.0,2026-01-07 05:19:00
8961,A,13441.5,2026-01-07 05:20:00
8962,B,13443.0,2026-01-07 05:21:00
8963,C,13444.5,2026-01-07 05:22:00
8964,D,13446.0,2026-01-07 05:23:00
8965,A,13447.5,2026-01-07 05:24:00
8966,B,13449.0,2026-01-07 05:25:00
8967,C,13450.5,2026-01-07 05:26:00
8968,D,13452.0,2026-01-07 05:27:00
8969,A,13453.5,2026-01-07 05:28:00
8970,B,13455.0,2026-01-07 05:29:00
8971,C,13456.5,2026-01-07 05:30:00
8972,D,13458.0,2026-01-07 05:31:00
8973,A,13459.5,2026-01-07 05:32:00
8974,B,13461.0,2026-01-07 05:33:00
8975,C,13462.5,2026-01-07 05:34:00
8976,D,13464.0,2026-01-07 05:35:00
8977,A,13465.5,2026-01-07 05:36:00
8978,B,13467.0,2026-01-07 05:37:00
8979,C,13468.5,2026-01-07 05:38:00
8980,D,13470.0,2026-01-07 05:39:00
8981,A,13471.5,2026-01-07 05:40:00
8982,B,13473.0,2026-01-07 05:41:00
8983,C,13474.5,2026-01-07 05:42:00
8984,D,13476.0,2026-01-07 05:43:00
8985,A,13477.5,2026-01-07 05:44:00
8986,B,13479.0,2026-01-07 05:45:00
8987,C,13480.5,2026-01-07 05:46:00
8988,D,13482.0,2026-01-07 05:47:00
8989,A,13483.5,2026-01-07 05:48:00
8990,B,13485.0,2026-01-07 05:49:00
8991,C,13486.5,2026-01-07 05:50:00
8992,D,13488.0,2026-01-07 05:51:00
8993,A,13489.5,2026-01-07 05:52:00
8994,B,13491.0,2026-01-07 05:53:00
8995,C,13492.5,2026-01-07 05:54:00
8996,D,13494.0,2026-01-07 05:55:00
8997,A,13495.5,2026-01-07 05:56:00
8998,B,13497.0,2026-01-07 05:57:00
8999,C,13498.5,2026-01-07 05:58:00
9000,D,13500.0,2026-01-07 05:59:00
9001,A,13501.5,2026-01-07 06:00:00
9002,B,13503.0,2026-01-07 06:01:00
9003,C,13504.5,2026-01-07 06:02:00
9004,D,13506.0,2026-01-07 06:03:00
9005,A,13507.5,2026-01-07 06:04:00
9006,B,13509.0,2026-01-07 06:05:00
9007,C,13510.5,2026-01-07 06:06:00
9008,D,13512.0,2026-01-07 06:07:00
9009,A,13513.5,2026-01-07 06:08:00
9010,B,13515.0,2026-01-07 06:09:00
9011,C,13516.5,2026-01-07 06:10:00
9012,D,13518.0,2026-01-07 06:11:00
9013,A,13519.5,2026-01-07 06:12:00
9014,B,13521.0,2026-01-07 06:13:00
9015,C,13522.5,2026-01-07 06:14:00
9016,D,13524.0,2026-01-07 06:15:00
9017,A,13525.5,2026-01-07 06:16:00
9018,B,13527.0,2026-01-07 06:17:00
9019,C,13528.5,2026-01-07 06:18:00
9020,D,13530.0,2026-01-07 06:19:00
9021,A,13531.5,2026-01-07 06:20:00
9022,B,13533.0,2026-01-07 06:21:00
9023,C,13534.5,2026-01-07 06:22:00
9024,D,13536.0,2026-01-07 06:23:00
9025,A,13537.5,2026-01-07 06:24:00
9026,B,13539.0,2026-01-07 06:25:00
9027,C,13540.5,2026-01-07 06:26:00
9028,D,13542.0,2026-01-07 06:27:00
9029,A,13543.5,2026-01-07 06:28:00
9030,B,13545.0,2026-01-07 06:29:00
9031,C,13546.5,2026-01-07 06:30:00
9032,D,13548.0,2026-01-07 06:31:00
9033,A,13549.5,2026-01-07 06:32:00
9034,B,13551.0,2026-01-07 06:33:00
9035,C,13552.5,2026-01-07 06:34:00
9036,D,13554.0,2026-01-07 06:35:00
9037,A,13555.5,2026-01-07 06:36:00
9038,B,13557.0,2026-01-07 06:37:00
9039,C,13558.5,2026-01-07 06:38:00
9040,D,13560.0,2026-01-07 06:39:00
9041,A,13561.5,2026-01-07 06:40:00
9042,B,13563.0,2026-01-07 06:41:00
9043,C,13564.5,2026-01-07 06:42:00
9044,D,13566.0,2026-01-07 06:43:00
9045,A,13567.5,2026-01-07 06:44:00
9046,B,13569.0,2026-01-07 06:45:00
9047,C,13570.5,2026-01-07 06:46:00
9048,D,13572.0,2026-01-07 06:47:00
9049,A,13573.5,2026-01-07 06:48:00
9050,B,13575.0,2026-01-07 06:49:00
9051,C,13576.5,2026-01-07 06:50:00
9052,D,13578.0,2026-01-07 06:51:00
9053,A,13579.5,2026-01-07 06:52:00
9054,B,13581.0,2026-01-07 06:53:00
9055,C,13582.5,2026-01-07 06:54:00
9056,D,13584.0,2026-01-07 06:55:00
9057,A,13585.5,2026-01-07 06:56:00
9058,B,13587.0,2026-01-07 06:57:00
9059,C,13588.5,2026-01-07 06:58:00
9060,D,13590.0,2026-01-07 06:59:00
9061,A,13591.5,2026-01-07 07:00:00
9062,B,13593.0,2026-01-07 07:01:00
9063,C,13594.5,2026-01-07 07:02:00
9064,D,13596.0,2026-01-07 07:03:00
9065,A,13597.5,2026-01-07 07:04:00
9066,B,13599.0,2026-01-07 07:05:00
9067,C,13600.5,2026-01-07 07:06:00
9068,D,13602.0,2026-01-07 07:07:00
9069,A,13603.5,2026-01-07 07:08:00
9070,B,13605.0,2026-01-07 07:09:00
9071,C,13606.5,2026-01-07 07:10:00
9072,D,13608.0,2026-01-07 07:11:00
9073,A,13609.5,2026-01-07 07:12:00
9074,B,13611.0,2026-01-07 07:13:00
9075,C,13612.5,2026-01-07 07:14:00
9076,D,13614.0,2026-01-07 07:15:00
9077,A,13615.5,2026-01-07 07:16:00
9078,B,13617.0,2026-01-07 07:17:00
9079,C,13618.5,2026-01-07 07:18:00
9080,D,13620.0,2026-01-07 07:19:00
9081,A,13621.5,2026-01-07 07:20:00
9082,B,13623.0,2026-01-07 07:21:00
9083,C,13624.5,2026-01-07 07:22:00
9084,D,13626.0,2026-01-07 07:23:00
9085,A,13627.5,2026-01-07 07:24:00
9086,B,13629.0,2026-01-07 07:25:00
9087,C,13630.5,2026-01-07 07:26:00
9088,D,13632.0,2026-01-07 07:27:00
9089,A,13633.5,2026-01-07 07:28:00
9090,B,13635.0,2026-01-07 07:29:00
9091,C,13636.5,2026-01-07 07:30:00
9092,D,13638.0,2026-01-07 07:31:00
9093,A,13639.5,2026-01-07 07:32:00
9094,B,13641.0,2026-01-07 07:33:00
9095,C,13642.5,2026-01-07 07:34:00
9096,D,13644.0,2026-01-07 07:35:00
9097,A,13645.5,2026-01-07 07:36:00
9098,B,13647.0,2026-01-07 07:37:00
9099,C,13648.5,2026-01-07 07:38:00
9100,D,13650.0,2026-01-07 07:39:00
9101,A,13651.5,2026-01-07 07:40:00
9102,B,13653.0,2026-01-07 07:41:00
9103,C,13654.5,2026-01-07 07:42:00
9104,D,13656.0,2026-01-07 07:43:00
9105,A,13657.5,2026-01-07 07:44:00
9106,B,13659.0,2026-01-07 07:45:00
9107,C,13660.5,2026-01-07 07:46:00
9108,D,13662.0,2026-01-07 07:47:00
9109,A,13663.5,2026-01-07 07:48:00
9110,B,13665.0,2026-01-07 07:49:00
9111,C,13666.5,2026-01-07 07:50:00
9112,D,13668.0,2026-01-07 07:51:00
9113,A,13669.5,2026-01-07 07:52:00
9114,B,13671.0,2026-01-07 07:53:00
9115,C,13672.5,2026-01-07 07:54:00
9116,D,13674.0,2026-01-07 07:55:00
9117,A,13675.5,2026-01-07 07:56:00
9118,B,13677.0,2026-01-07 07:57:00
9119,C,13678.5,2026-01-07 07:58:00
9120,D,13680.0,2026-01-07 07:59:00
9121,A,13681.5,2026-01-07 08:00:00
9122,B,13683.0,2026-01-07 08:01:00
9123,C,13684.5,2026-01-07 08:02:00
9124,D,13686.0,2026-01-07 08:03:00
9125,A,13687.5,2026-01-07 08:04:00
9126,B,13689.0,2026-01-07 08:05:00
9127,C,13690.5,2026-01-07 08:06:00
9128,D,13692.0,2026-01-07 08:07:00
9129,A,13693.5,2026-01-07 08:08:00
9130,B,13695.0,2026-01-07 08:09:00
9131,C,13696.5,2026-01-07 08:10:00
9132,D,13698.0,2026-01-07 08:11:00
9133,A,13699.5,2026-01-07 08:12:00
9134,B,13701.0,2026-01-07 08:13:00
9135,C,13702.5,2026-01-07 08:14:00
9136,D,13704.0,2026-01-07 08:15:00
9137,A,13705.5,2026-01-07 08:16:00
9138,B,13707.0,2026-01-07 08:17:00
9139,C,13708.5,2026-01-07 08:18:00
9140,D,13710.0,2026-01-07 08:19:00
9141,A,13711.5,2026-01-07 08:20:00
9142,B,13713.0,2026-01-07 08:21:00
9143,C,13714.5,2026-01-07 08:22:00
9144,D,13716.0,2026-01-07 08:23:00
9145,A,13717.5,2026-01-07 08:24:00
9146,B,13719.0,2026-01-07 08:25:00
9147,C,13720.5,2026-01-07 08:26:00
9148,D,13722.0,2026-01-07 08:27:00
9149,A,13723.5,2026-01-07 08:28:00
9150,B,13725.0,2026-01-07 08:29:00
9151,C,13726.5,2026-01-07 08:30:00
9152,D,13728.0,2026-01-07 08:31:00
9153,A,13729.5,2026-01-07 08:32:00
9154,B,13731.0,2026-01-07 08:33:00
9155,C,13732.5,2026-01-07 08:34:00
9156,D,13734.0,2026-01-07 08:35:00
9157,A,13735.5,2026-01-07 08:36:00
9158,B,13737.0,2026-01-07 08:37:00
9159,C,13738.5,2026-01-07 08:38:00
9160,D,13740.0,2026-01-07 08:39:00
9161,A,13741.5,2026-01-07 08:40:00
9162,B,13743.0,2026-01-07 08:41:00
9163,C,13744.5,2026-01-07 08:42:00
9164,D,13746.0,2026-01-07 08:43:00
9165,A,13747.5,2026-01-07 08:44:00
9166,B,13749.0,2026-01-07 08:45:00
9167,C,13750.5,2026-01-07 08:46:00
9168,D,13752.0,2026-01-07 08:47:00
9169,A,13753.5,2026-01-07 08:48:00
9170,B,13755.0,2026-01-07 08:49:00
9171,C,13756.5,2026-01-07 08:50:00
9172,D,13758.0,2026-01-07 08:51:00
9173,A,13759.5,2026-01-07 08:52:00
9174,B,13761.0,2026-01-07 08:53:00
9175,C,13762.5,2026-01-07 08:54:00
9176,D,13764.0,2026-01-07 08:55:00
9177,A,13765.5,2026-01-07 08:56:00
9178,B,13767.0,2026-01-07 08:57:00
9179,C,13768.5,2026-01-07 08:58:00
9180,D,13770.0,2026-01-07 08:59:00
9181,A,13771.5,2026-01-07 09:00:00
9182,B,13773.0,2026-01-07 09:01:00
9183,C,13774.5,2026-01-07 09:02:00
9184,D,13776.0,2026-01-07 09:03:00
9185,A,13777.5,2026-01-07 09:04:00
9186,B,13779.0,2026-01-07 09:05:00
9187,C,13780.5,2026-01-07 09:06:00
9188,D,13782.0,2026-01-07 09:07:00
9189,A,13783.5,2026-01-07 09:08:00
9190,B,13785.0,2026-01-07 09:09:00
9191,C,13786.5,2026-01-07 09:10:00
9192,D,13788.0,2026-01-07 09:11:00
9193,A,13789.5,2026-01-07 09:12:00
9194,B,13791.0,2026-01-07 09:13:00
9195,C,13792.5,2026-01-07 09:14:00
9196,D,13794.0,2026-01-07 09:15:00
9197,A,13795.5,2026-01-07 09:16:00
9198,B,13797.0,2026-01-07 09:17:00
9199,C,13798.5,2026-01-07 09:18:00
9200,D,13800.0,2026-01-07 09:19:00
9201,A,13801.5,2026-01-07 09:20:00
9202,B,13803.0,2026-01-07 09:21:00
9203,C,13804.5,2026-01-07 09:22:00
9204,D,13806.0,2026-01-07 09:23:00
9205,A,13807.5,2026-01-07 09:24:00
9206,B,13809.0,2026-01-07 09:25:00
9207,C,13810.5,2026-01-07 09:26:00
9208,D,13812.0,2026-01-07 09:27:00
9209,A,13813.5,2026-01-07 09:28:00
9210,B,13815.0,2026-01-07 09:29:00
9211,C,13816.5,2026-01-07 09:30:00
9212,D,13818.0,2026-01-07 09:31:00
9213,A,13819.5,2026-01-07 09:32:00
9214,B,13821.0,2026-01-07 09:33:00
9215,C,13822.5,2026-01-07 09:34:00
9216,D,13824.0,2026-01-07 09:35:00
9217,A,13825.5,2026-01-07 09:36:00
9218,B,13827.0,2026-01-07 09:37:00
9219,C,13828.5,2026-01-07 09:38:00
9220,D,13830.0,2026-01-07 09:39:00
9221,A,13831.5,2026-01-07 09:40:00
9222,B,13833.0,2026-01-07 09:41:00
9223,C,13834.5,2026-01-07 09:42:00
9224,D,13836.0,2026-01-07 09:43:00
9225,A,13837.5,2026-01-07 09:44:00
9226,B,13839.0,2026-01-07 09:45:00
9227,C,13840.5,2026-01-07 09:46:00
9228,D,13842.0,2026-01-07 09:47:00
9229,A,13843.5,2026-01-07 09:48:00
9230,B,13845.0,2026-01-07 09:49:00
9231,C,13846.5,2026-01-07 09:50:00
9232,D,13848.0,2026-01-07 09:51:00
9233,A,13849.5,2026-01-07 09:52:00
9234,B,13851.0,2026-01-07 09:53:00
9235,C,13852.5,2026-01-07 09:54:00
9236,D,13854.0,2026-01-07 09:55:00
9237,A,13855.5,2026-01-07 09:56:00
9238,B,13857.0,2026-01-07 09:57:00
9239,C,13858.5,2026-01-07 09:58:00
9240,D,13860.0,2026-01-07 09:59:00
9241,A,13861.5,2026-01-07 10:00:00
9242,B,13863.0,2026-01-07 10:01:00
9243,C,13864.5,2026-01-07 10:02:00
9244,D,13866.0,2026-01-07 10:03:00
9245,A,13867.5,2026-01-07 10:04:00
9246,B,13869.0,2026-01-07 10:05:00
9247,C,13870.5,2026-01-07 10:06:00
9248,D,13872.0,2026-01-07 10:07:00
9249,A,13873.5,2026-01-07 10:08:00
9250,B,13875.0,2026-01-07 10:09:00
9251,C,13876.5,2026-01-07 10:10:00
9252,D,13878.0,2026-01-07 10:11:00
9253,A,13879.5,2026-01-07 10:12:00
9254,B,13881.0,2026-01-07 10:13:00
9255,C,13882.5,2026-01-07 10:14:00
9256,D,13884.0,2026-01-07 10:15:00
9257,A,13885.5,2026-01-07 10:16:00
9258,B,13887.0,2026-01-07 10:17:00
9259,C,13888.5,2026-01-07 10:18:00
9260,D,13890.0,2026-01-07 10:19:00
9261,A,13891.5,2026-01-07 10:20:00
9262,B,13893.0,2026-01-07 10:21:00
9263,C,13894.5,2026-01-07 10:22:00
9264,D,13896.0,2026-01-07 10:23:00
9265,A,13897.5,2026-01-07 10:24:00
9266,B,13899.0,2026-01-07 10:25:00
9267,C,13900.5,2026-01-07 10:26:00
9268,D,13902.0,2026-01-07 10:27:00
9269,A,13903.5,2026-01-07 10:28:00
9270,B,13905.0,2026-01-07 10:29:00
9271,C,13906.5,2026-01-07 10:30:00
9272,D,13908.0,2026-01-07 10:31:00
9273,A,13909.5,2026-01-07 10:32:00
9274,B,13911.0,2026-01-07 10:33:00
9275,C,13912.5,2026-01-07 10:34:00
9276,D,13914.0,2026-01-07 10:35:00
9277,A,13915.5,2026-01-07 10:36:00
9278,B,13917.0,2026-01-07 10:37:00
9279,C,13918.5,2026-01-07 10:38:00
9280,D,13920.0,2026-01-07 10:39:00
9281,A,13921.5,2026-01-07 10:40:00
9282,B,13923.0,2026-01-07 10:41:00
9283,C,13924.5,2026-01-07 10:42:00
9284,D,13926.0,2026-01-07 10:43:00
9285,A,13927.5,2026-01-07 10:44:00
9286,B,13929.0,2026-01-07 10:45:00
9287,C,13930.5,2026-01-07 10:46:00
9288,D,13932.0,2026-01-07 10:47:00
9289,A,13933.5,2026-01-07 10:48:00
9290,B,13935.0,2026-01-07 10:49:00
9291,C,13936.5,2026-01-07 10:50:00
9292,D,13938.0,2026-01-07 10:51:00
9293,A,13939.5,2026-01-07 10:52:00
9294,B,13941.0,2026-01-07 10:53:00
9295,C,13942.5,2026-01-07 10:54:00
9296,D,13944.0,2026-01-07 10:55:00
9297,A,13945.5,2026-01-07 10:56:00
9298,B,13947.0,2026-01-07 10:57:00
9299,C,13948.5,2026-01-07 10:58:00
9300,D,13950.0,2026-01-07 10:59:00
9301,A,13951.5,2026-01-07 11:00:00
9302,B,13953.0,2026-01-07 11:01:00
9303,C,13954.5,2026-01-07 11:02:00
9304,D,13956.0,2026-01-07 11:03:00
9305,A,13957.5,2026-01-07 11:04:00
9306,B,13959.0,2026-01-07 11:05:00
9307,C,13960.5,2026-01-07 11:06:00
9308,D,13962.0,2026-01-07 11:07:00
9309,A,13963.5,2026-01-07 11:08:00
9310,B,13965.0,2026-01-07 11:09:00
9311,C,13966.5,2026-01-07 11:10:00
9312,D,13968.0,2026-01-07 11:11:00
9313,A,13969.5,2026-01-07 11:12:00
9314,B,13971.0,2026-01-07 11:13:00
9315,C,13972.5,2026-01-07 11:14:00
9316,D,13974.0,2026-01-07 11:15:00
9317,A,13975.5,2026-01-07 11:16:00
9318,B,13977.0,2026-01-07 11:17:00
9319,C,13978.5,2026-01-07 11:18:00
9320,D,13980.0,2026-01-07 11:19:00
9321,A,13981.5,2026-01-07 11:20:00
9322,B,13983.0,2026-01-07 11:21:00
9323,C,13984.5,2026-01-07 11:22:00
9324,D,13986.0,2026-01-07 11:23:00
9325,A,13987.5,2026-01-07 11:24:00
9326,B,13989.0,2026-01-07 11:25:00
9327,C,13990.5,2026-01-07 11:26:00
9328,D,13992.0,2026-01-07 11:27:00
9329,A,13993.5,2026-01-07 11:28:00
9330,B,13995.0,2026-01-07 11:29:00
9331,C,13996.5,2026-01-07 11:30:00
9332,D,13998.0,2026-01-07 11:31:00
9333,A,13999.5,2026-01-07 11:32:00
9334,B,14001.0,2026-01-07 11:33:00
9335,C,14002.5,2026-01-07 11:34:00
9336,D,14004.0,2026-01-07 11:35:00
9337,A,14005.5,2026-01-07 11:36:00
9338,B,14007.0,2026-01-07 11:37:00
9339,C,14008.5,2026-01-07 11:38:00
9340,D,14010.0,2026-01-07 11:39:00
9341,A,14011.5,2026-01-07 11:40:00
9342,B,14013.0,2026-01-07 11:41:00
9343,C,14014.5,2026-01-07 11:42:00
9344,D,14016.0,2026-01-07 11:43:00
9345,A,14017.5,2026-01-07 11:44:00
9346,B,14019.0,2026-01-07 11:45:00
9347,C,14020.5,2026-01-07 11:46:00
9348,D,14022.0,2026-01-07 11:47:00
9349,A,14023.5,2026-01-07 11:48:00
9350,B,14025.0,2026-01-07 11:49:00
9351,C,14026.5,2026-01-07 11:50:00
9352,D,14028.0,2026-01-07 11:51:00
9353,A,14029.5,2026-01-07 11:52:00
9354,B,14031.0,2026-01-07 11:53:00
9355,C,14032.5,2026-01-07 11:54:00
9356,D,14034.0,2026-01-07 11:55:00
9357,A,14035.5,2026-01-07 11:56:00
9358,B,14037.0,2026-01-07 11:57:00
9359,C,14038.5,2026-01-07 11:58:00
9360,D,14040.0,2026-01-07 11:59:00
9361,A,14041.5,2026-01-07 12:00:00
9362,B,14043.0,2026-01-07 12:01:00
9363,C,14044.5,2026-01-07 12:02:00
9364,D,14046.0,2026-01-07 12:03:00
9365,A,14047.5,2026-01-07 12:04:00
9366,B,14049.0,2026-01-07 12:05:00
9367,C,14050.5,2026-01-07 12:06:00
9368,D,14052.0,2026-01-07 12:07:00
9369,A,14053.5,2026-01-07 12:08:00
9370,B,14055.0,2026-01-07 12:09:00
9371,C,14056.5,2026-01-07 12:10:00
9372,D,14058.0,2026-01-07 12:11:00
9373,A,14059.5,2026-01-07 12:12:00
9374,B,14061.0,2026-01-07 12:13:00
9375,C,14062.5,2026-01-07 12:14:00
9376,D,14064.0,2026-01-07 12:15:00
9377,A,14065.5,2026-01-07 12:16:00
9378,B,14067.0,2026-01-07 12:17:00
9379,C,14068.5,2026-01-07 12:18:00
9380,D,14070.0,2026-01-07 12:19:00
9381,A,14071.5,2026-01-07 12:20:00
9382,B,14073.0,2026-01-07 12:21:00
9383,C,14074.5,2026-01-07 12:22:00
9384,D,14076.0,2026-01-07 12:23:00
9385,A,14077.5,2026-01-07 12:24:00
9386,B,14079.0,2026-01-07 12:25:00
9387,C,14080.5,2026-01-07 12:26:00
9388,D,14082.0,2026-01-07 12:27:00
9389,A,14083.5,2026-01-07 12:28:00
9390,B,14085.0,2026-01-07 12:29:00
9391,C,14086.5,2026-01-07 12:30:00
9392,D,14088.0,2026-01-07 12:31:00
9393,A,14089.5,2026-01-07 12:32:00
9394,B,14091.0,2026-01-07 12:33:00
9395,C,14092.5,2026-01-07 12:34:00
9396,D,14094.0,2026-01-07 12:35:00
9397,A,14095.5,2026-01-07 12:36:00
9398,B,14097.0,2026-01-07 12:37:00
9399,C,14098.5,2026-01-07 12:38:00
9400,D,14100.0,2026-01-07 12:39:00
9401,A,14101.5,2026-01-07 12:40:00
9402,B,14103.0,2026-01-07 12:41:00
9403,C,14104.5,2026-01-07 12:42:00
9404,D,14106.0,2026-01-07 12:43:00
9405,A,14107.5,2026-01-07 12:44:00
9406,B,14109.0,2026-01-07 12:45:00
9407,C,14110.5,2026-01-07 12:46:00
9408,D,14112.0,2026-01-07 12:47:00
9409,A,14113.5,2026-01-07 12:48:00
9410,B,14115.0,2026-01-07 12:49:00
9411,C,14116.5,2026-01-07 12:50:00
9412,D,14118.0,2026-01-07 12:51:00
9413,A,14119.5,2026-01-07 12:52:00
9414,B,14121.0,2026-01-07 12:53:00
9415,C,14122.5,2026-01-07 12:54:00
9416,D,14124.0,2026-01-07 12:55:00
9417,A,14125.5,2026-01-07 12:56:00
9418,B,14127.0,2026-01-07 12:57:00
9419,C,14128.5,2026-01-07 12:58:00
9420,D,14130.0,2026-01-07 12:59:00
9421,A,14131.5,2026-01-07 13:00:00
9422,B,14133.0,2026-01-07 13:01:00
9423,C,14134.5,2026-01-07 13:02:00
9424,D,14136.0,2026-01-07 13:03:00
9425,A,14137.5,2026-01-07 13:04:00
9426,B,14139.0,2026-01-07 13:05:00
9427,C,14140.5,2026-01-07 13:06:00
9428,D,14142.0,2026-01-07 13:07:00
9429,A,14143.5,2026-01-07 13:08:00
9430,B,14145.0,2026-01-07 13:09:00
9431,C,14146.5,2026-01-07 13:10:00
9432,D,14148.0,2026-01-07 13:11:00
9433,A,14149.5,2026-01-07 13:12:00
9434,B,14151.0,2026-01-07 13:13:00
9435,C,14152.5,2026-01-07 13:14:00
9436,D,14154.0,2026-01-07 13:15:00
9437,A,14155.5,2026-01-07 13:16:00
9438,B,14157.0,2026-01-07 13:17:00
9439,C,14158.5,2026-01-07 13:18:00
9440,D,14160.0,2026-01-07 13:19:00
9441,A,14161.5,2026-01-07 13:20:00
9442,B,14163.0,2026-01-07 13:21:00
9443,C,14164.5,2026-01-07 13:22:00
9444,D,14166.0,2026-01-07 13:23:00
9445,A,14167.5,2026-01-07 13:24:00
9446,B,14169.0,2026-01-07 13:25:00
9447,C,14170.5,2026-01-07 13:26:00
9448,D,14172.0,2026-01-07 13:27:00
9449,A,14173.5,2026-01-07 13:28:00
9450,B,14175.0,2026-01-07 13:29:00
9451,C,14176.5,2026-01-07 13:30:00
9452,D,14178.0,2026-01-07 13:31:00
9453,A,14179.5,2026-01-07 13:32:00
9454,B,14181.0,2026-01-07 13:33:00
9455,C,14182.5,2026-01-07 13:34:00
9456,D,14184.0,2026-01-07 13:35:00
9457,A,14185.5,2026-01-07 13:36:00
9458,B,14187.0,2026-01-07 13:37:00
9459,C,14188.5,2026-01-07 13:38:00
9460,D,14190.0,2026-01-07 13:39:00
9461,A,14191.5,2026-01-07 13:40:00
9462,B,14193.0,2026-01-07 13:41:00
9463,C,14194.5,2026-01-07 13:42:00
9464,D,14196.0,2026-01-07 13:43:00
9465,A,14197.5,2026-01-07 13:44:00
9466,B,14199.0,2026-01-07 13:45:00
9467,C,14200.5,2026-01-07 13:46:00
9468,D,14202.0,2026-01-07 13:47:00
9469,A,14203.5,2026-01-07 13:48:00
9470,B,14205.0,2026-01-07 13:49:00
9471,C,14206.5,2026-01-07 13:50:00
9472,D,14208.0,2026-01-07 13:51:00
9473,A,14209.5,2026-01-07 13:52:00
9474,B,14211.0,2026-01-07 13:53:00
9475,C,14212.5,2026-01-07 13:54:00
9476,D,14214.0,2026-01-07 13:55:00
9477,A,14215.5,2026-01-07 13:56:00
9478,B,14217.0,2026-01-07 13:57:00
9479,C,14218.5,2026-01-07 13:58:00
9480,D,14220.0,2026-01-07 13:59:00
9481,A,14221.5,2026-01-07 14:00:00
9482,B,14223.0,2026-01-07 14:01:00
9483,C,14224.5,2026-01-07 14:02:00
9484,D,14226.0,2026-01-07 14:03:00
9485,A,14227.5,2026-01-07 14:04:00
9486,B,14229.0,2026-01-07 14:05:00
9487,C,14230.5,2026-01-07 14:06:00
9488,D,14232.0,2026-01-07 14:07:00
9489,A,14233.5,2026-01-07 14:08:00
9490,B,14235.0,2026-01-07 14:09:00
9491,C,14236.5,2026-01-07 14:10:00
9492,D,14238.0,2026-01-07 14:11:00
9493,A,14239.5,2026-01-07 14:12:00
9494,B,14241.0,2026-01-07 14:13:00
9495,C,14242.5,2026-01-07 14:14:00
9496,D,14244.0,2026-01-07 14:15:00
9497,A,14245.5,2026-01-07 14:16:00
9498,B,14247.0,2026-01-07 14:17:00
9499,C,14248.5,2026-01-07 14:18:00
9500,D,14250.0,2026-01-07 14:19:00
9501,A,14251.5,2026-01-07 14:20:00
9502,B,14253.0,2026-01-07 14:21:00
9503,C,14254.5,2026-01-07 14:22:00
9504,D,14256.0,2026-01-07 14:23:00
9505,A,14257.5,2026-01-07 14:24:00
9506,B,14259.0,2026-01-07 14:25:00
9507,C,14260.5,2026-01-07 14:26:00
9508,D,14262.0,2026-01-07 14:27:00
9509,A,14263.5,2026-01-07 14:28:00
9510,B,14265.0,2026-01-07 14:29:00
9511,C,14266.5,2026-01-07 14:30:00
9512,D,14268.0,2026-01-07 14:31:00
9513,A,14269.5,2026-01-07 14:32:00
9514,B,14271.0,2026-01-07 14:33:00
9515,C,14272.5,2026-01-07 14:34:00
9516,D,14274.0,2026-01-07 14:35:00
9517,A,14275.5,2026-01-07 14:36:00
9518,B,14277.0,2026-01-07 14:37:00
9519,C,14278.5,2026-01-07 14:38:00
9520,D,14280.0,2026-01-07 14:39:00
9521,A,14281.5,2026-01-07 14:40:00
9522,B,14283.0,2026-01-07 14:41:00
9523,C,14284.5,2026-01-07 14:42:00
9524,D,14286.0,2026-01-07 14:43:00
9525,A,14287.5,2026-01-07 14:44:00
9526,B,14289.0,2026-01-07 14:45:00
9527,C,14290.5,2026-01-07 14:46:00
9528,D,14292.0,2026-01-07 14:47:00
9529,A,14293.5,2026-01-07 14:48:00
9530,B,14295.0,2026-01-07 14:49:00
9531,C,14296.5,2026-01-07 14:50:00
9532,D,14298.0,2026-01-07 14:51:00
9533,A,14299.5,2026-01-07 14:52:00
9534,B,14301.0,2026-01-07 14:53:00
9535,C,14302.5,2026-01-07 14:54:00
9536,D,14304.0,2026-01-07 14:55:00
9537,A,14305.5,2026-01-07 14:56:00
9538,B,14307.0,2026-01-07 14:57:00
9539,C,14308.5,2026-01-07 14:58:00
9540,D,14310.0,2026-01-07 14:59:00
9541,A,14311.5,2026-01-07 15:00:00
9542,B,14313.0,2026-01-07 15:01:00
9543,C,14314.5,2026-01-07 15:02:00
9544,D,14316.0,2026-01-07 15:03:00
9545,A,14317.5,2026-01-07 15:04:00
9546,B,14319.0,2026-01-07 15:05:00
9547,C,14320.5,2026-01-07 15:06:00
9548,D,14322.0,2026-01-07 15:07:00
9549,A,14323.5,2026-01-07 15:08:00
9550,B,14325.0,2026-01-07 15:09:00
9551,C,14326.5,2026-01-07 15:10:00
9552,D,14328.0,2026-01-07 15:11:00
9553,A,14329.5,2026-01-07 15:12:00
9554,B,14331.0,2026-01-07 15:13:00
9555,C,14332.5,2026-01-07 15:14:00
9556,D,14334.0,2026-01-07 15:15:00
9557,A,14335.5,2026-01-07 15:16:00
9558,B,14337.0,2026-01-07 15:17:00
9559,C,14338.5,2026-01-07 15:18:00
9560,D,14340.0,2026-01-07 15:19:00
9561,A,14341.5,2026-01-07 15:20:00
9562,B,14343.0,2026-01-07 15:21:00
9563,C,14344.5,2026-01-07 15:22:00
9564,D,14346.0,2026-01-07 15:23:00
9565,A,14347.5,2026-01-07 15:24:00
9566,B,14349.0,2026-01-07 15:25:00
9567,C,14350.5,2026-01-07 15:26:00
9568,D,14352.0,2026-01-07 15:27:00
9569,A,14353.5,2026-01-07 15:28:00
9570,B,14355.0,2026-01-07 15:29:00
9571,C,14356.5,2026-01-07 15:30:00
9572,D,14358.0,2026-01-07 15:31:00
9573,A,14359.5,2026-01-07 15:32:00
9574,B,14361.0,2026-01-07 15:33:00
9575,C,14362.5,2026-01-07 15:34:00
9576,D,14364.0,2026-01-07 15:35:00
9577,A,14365.5,2026-01-07 15:36:00
9578,B,14367.0,2026-01-07 15:37:00
9579,C,14368.5,2026-01-07 15:38:00
9580,D,14370.0,2026-01-07 15:39:00
9581,A,14371.5,2026-01-07 15:40:00
9582,B,14373.0,2026-01-07 15:41:00
9583,C,14374.5,2026-01-07 15:42:00
9584,D,14376.0,2026-01-07 15:43:00
9585,A,14377.5,2026-01-07 15:44:00
9586,B,14379.0,2026-01-07 15:45:00
9587,C,14380.5,2026-01-07 15:46:00
9588,D,14382.0,2026-01-07 15:47:00
9589,A,14383.5,2026-01-07 15:48:00
9590,B,14385.0,2026-01-07 15:49:00
9591,C,14386.5,2026-01-07 15:50:00
9592,D,14388.0,2026-01-07 15:51:00
9593,A,14389.5,2026-01-07 15:52:00
9594,B,14391.0,2026-01-07 15:53:00
9595,C,14392.5,2026-01-07 15:54:00
9596,D,14394.0,2026-01-07 15:55:00
9597,A,14395.5,2026-01-07 15:56:00
9598,B,14397.0,2026-01-07 15:57:00
9599,C,14398.5,2026-01-07 15:58:00
9600,D,14400.0,2026-01-07 15:59:00
9601,A,14401.5,2026-01-07 16:00:00
9602,B,14403.0,2026-01-07 16:01:00
9603,C,14404.5,2026-01-07 16:02:00
9604,D,14406.0,2026-01-07 16:03:00
9605,A,14407.5,2026-01-07 16:04:00
9606,B,14409.0,2026-01-07 16:05:00
9607,C,14410.5,2026-01-07 16:06:00
9608,D,14412.0,2026-01-07 16:07:00
9609,A,14413.5,2026-01-07 16:08:00
9610,B,14415.0,2026-01-07 16:09:00
9611,C,14416.5,2026-01-07 16:10:00
9612,D,14418.0,2026-01-07 16:11:00
9613,A,14419.5,2026-01-07 16:12:00
9614,B,14421.0,2026-01-07 16:13:00
9615,C,14422.5,2026-01-07 16:14:00
9616,D,14424.0,2026-01-07 16:15:00
9617,A,14425.5,2026-01-07 16:16:00
9618,B,14427.0,2026-01-07 16:17:00
9619,C,14428.5,2026-01-07 16:18:00
9620,D,14430.0,2026-01-07 16:19:00
9621,A,14431.5,2026-01-07 16:20:00
9622,B,14433.0,2026-01-07 16:21:00
9623,C,14434.5,2026-01-07 16:22:00
9624,D,14436.0,2026-01-07 16:23:00
9625,A,14437.5,2026-01-07 16:24:00
9626,B,14439.0,2026-01-07 16:25:00
9627,C,14440.5,2026-01-07 16:26:00
9628,D,14442.0,2026-01-07 16:27:00
9629,A,14443.5,2026-01-07 16:28:00
9630,B,14445.0,2026-01-07 16:29:00
9631,C,14446.5,2026-01-07 16:30:00
9632,D,14448.0,2026-01-07 16:31:00
9633,A,14449.5,2026-01-07 16:32:00
9634,B,14451.0,2026-01-07 16:33:00
9635,C,14452.5,2026-01-07 16:34:00
9636,D,14454.0,2026-01-07 16:35:00
9637,A,14455.5,2026-01-07 16:36:00
9638,B,14457.0,2026-01-07 16:37:00
9639,C,14458.5,2026-01-07 16:38:00
9640,D,14460.0,2026-01-07 16:39:00
9641,A,14461.5,2026-01-07 16:40:00
9642,B,14463.0,2026-01-07 16:41:00
9643,C,14464.5,2026-01-07 16:42:00
9644,D,14466.0,2026-01-07 16:43:00
9645,A,14467.5,2026-01-07 16:44:00
9646,B,14469.0,2026-01-07 16:45:00
9647,C,14470.5,2026-01-07 16:46:00
9648,D,14472.0,2026-01-07 16:47:00
9649,A,14473.5,2026-01-07 16:48:00
9650,B,14475.0,2026-01-07 16:49:00
9651,C,14476.5,2026-01-07 16:50:00
9652,D,14478.0,2026-01-07 16:51:00
9653,A,14479.5,2026-01-07 16:52:00
9654,B,14481.0,2026-01-07 16:53:00
9655,C,14482.5,2026-01-07 16:54:00
9656,D,14484.0,2026-01-07 16:55:00
9657,A,14485.5,2026-01-07 16:56:00
9658,B,14487.0,2026-01-07 16:57:00
9659,C,14488.5,2026-01-07 16:58:00
9660,D,14490.0,2026-01-07 16:59:00
9661,A,14491.5,2026-01-07 17:00:00
9662,B,14493.0,2026-01-07 17:01:00
9663,C,14494.5,2026-01-07 17:02:00
9664,D,14496.0,2026-01-07 17:03:00
9665,A,14497.5,2026-01-07 17:04:00
9666,B,14499.0,2026-01-07 17:05:00
9667,C,14500.5,2026-01-07 17:06:00
9668,D,14502.0,2026-01-07 17:07:00
9669,A,14503.5,2026-01-07 17:08:00
9670,B,14505.0,2026-01-07 17:09:00
9671,C,14506.5,2026-01-07 17:10:00
9672,D,14508.0,2026-01-07 17:11:00
9673,A,14509.5,2026-01-07 17:12:00
9674,B,14511.0,2026-01-07 17:13:00
9675,C,14512.5,2026-01-07 17:14:00
9676,D,14514.0,2026-01-07 17:15:00
9677,A,14515.5,2026-01-07 17:16:00
9678,B,14517.0,2026-01-07 17:17:00
9679,C,14518.5,2026-01-07 17:18:00
9680,D,14520.0,2026-01-07 17:19:00
9681,A,14521.5,2026-01-07 17:20:00
9682,B,14523.0,2026-01-07 17:21:00
9683,C,14524.5,2026-01-07 17:22:00
9684,D,14526.0,2026-01-07 17:23:00
9685,A,14527.5,2026-01-07 17:24:00
9686,B,14529.0,2026-01-07 17:25:00
9687,C,14530.5,2026-01-07 17:26:00
9688,D,14532.0,2026-01-07 17:27:00
9689,A,14533.5,2026-01-07 17:28:00
9690,B,14535.0,2026-01-07 17:29:00
9691,C,14536.5,2026-01-07 17:30:00
9692,D,14538.0,2026-01-07 17:31:00
9693,A,14539.5,2026-01-07 17:32:00
9694,B,14541.0,2026-01-07 17:33:00
9695,C,14542.5,2026-01-07 17:34:00
9696,D,14544.0,2026-01-07 17:35:00
9697,A,14545.5,2026-01-07 17:36:00
9698,B,14547.0,2026-01-07 17:37:00
9699,C,14548.5,2026-01-07 17:38:00
9700,D,14550.0,2026-01-07 17:39:00
9701,A,14551.5,2026-01-07 17:40:00
9702,B,14553.0,2026-01-07 17:41:00
9703,C,14554.5,2026-01-07 17:42:00
9704,D,14556.0,2026-01-07 17:43:00
9705,A,14557.5,2026-01-07 17:44:00
9706,B,14559.0,2026-01-07 17:45:00
9707,C,14560.5,2026-01-07 17:46:00
9708,D,14562.0,2026-01-07 17:47:00
9709,A,14563.5,2026-01-07 17:48:00
9710,B,14565.0,2026-01-07 17:49:00
9711,C,14566.5,2026-01-07 17:50:00
9712,D,14568.0,2026-01-07 17:51:00
9713,A,14569.5,2026-01-07 17:52:00
9714,B,14571.0,2026-01-07 17:53:00
9715,C,14572.5,2026-01-07 17:54:00
9716,D,14574.0,2026-01-07 17:55:00
9717,A,14575.5,2026-01-07 17:56:00
9718,B,14577.0,2026-01-07 17:57:00
9719,C,14578.5,2026-01-07 17:58:00
9720,D,14580.0,2026-01-07 17:59:00
9721,A,14581.5,2026-01-07 18:00:00
9722,B,14583.0,2026-01-07 18:01:00
9723,C,14584.5,2026-01-07 18:02:00
9724,D,14586.0,2026-01-07 18:03:00
9725,A,14587.5,2026-01-07 18:04:00
9726,B,14589.0,2026-01-07 18:05:00
9727,C,14590.5,2026-01-07 18:06:00
9728,D,14592.0,2026-01-07 18:07:00
9729,A,14593.5,2026-01-07 18:08:00
9730,B,14595.0,2026-01-07 18:09:00
9731,C,14596.5,2026-01-07 18:10:00
9732,D,14598.0,2026-01-07 18:11:00
9733,A,14599.5,2026-01-07 18:12:00
9734,B,14601.0,2026-01-07 18:13:00
9735,C,14602.5,2026-01-07 18:14:00
9736,D,14604.0,2026-01-07 18:15:00
9737,A,14605.5,2026-01-07 18:16:00
9738,B,14607.0,2026-01-07 18:17:00
9739,C,14608.5,2026-01-07 18:18:00
9740,D,14610.0,2026-01-07 18:19:00
9741,A,14611.5,2026-01-07 18:20:00
9742,B,14613.0,2026-01-07 18:21:00
9743,C,14614.5,2026-01-07 18:22:00
9744,D,14616.0,2026-01-07 18:23:00
9745,A,14617.5,2026-01-07 18:24:00
9746,B,14619.0,2026-01-07 18:25:00
9747,C,14620.5,2026-01-07 18:26:00
9748,D,14622.0,2026-01-07 18:27:00
9749,A,14623.5,2026-01-07 18:28:00
9750,B,14625.0,2026-01-07 18:29:00
9751,C,14626.5,2026-01-07 18:30:00
9752,D,14628.0,2026-01-07 18:31:00
9753,A,14629.5,2026-01-07 18:32:00
9754,B,14631.0,2026-01-07 18:33:00
9755,C,14632.5,2026-01-07 18:34:00
9756,D,14634.0,2026-01-07 18:35:00
9757,A,14635.5,2026-01-07 18:36:00
9758,B,14637.0,2026-01-07 18:37:00
9759,C,14638.5,2026-01-07 18:38:00
9760,D,14640.0,2026-01-07 18:39:00
9761,A,14641.5,2026-01-07 18:40:00
9762,B,14643.0,2026-01-07 18:41:00
9763,C,14644.5,2026-01-07 18:42:00
9764,D,14646.0,2026-01-07 18:43:00
9765,A,14647.5,2026-01-07 18:44:00
9766,B,14649.0,2026-01-07 18:45:00
9767,C,14650.5,2026-01-07 18:46:00
9768,D,14652.0,2026-01-07 18:47:00
9769,A,14653.5,2026-01-07 18:48:00
9770,B,14655.0,2026-01-07 18:49:00
9771,C,14656.5,2026-01-07 18:50:00
9772,D,14658.0,2026-01-07 18:51:00
9773,A,14659.5,2026-01-07 18:52:00
9774,B,14661.0,2026-01-07 18:53:00
9775,C,14662.5,2026-01-07 18:54:00
9776,D,14664.0,2026-01-07 18:55:00
9777,A,14665.5,2026-01-07 18:56:00
9778,B,14667.0,2026-01-07 18:57:00
9779,C,14668.5,2026-01-07 18:58:00
9780,D,14670.0,2026-01-07 18:59:00
9781,A,14671.5,2026-01-07 19:00:00
9782,B,14673.0,2026-01-07 19:01:00
9783,C,14674.5,2026-01-07 19:02:00
9784,D,14676.0,2026-01-07 19:03:00
9785,A,14677.5,2026-01-07 19:04:00
9786,B,14679.0,2026-01-07 19:05:00
9787,C,14680.5,2026-01-07 19:06:00
9788,D,14682.0,2026-01-07 19:07:00
9789,A,14683.5,2026-01-07 19:08:00
9790,B,14685.0,2026-01-07 19:09:00
9791,C,14686.5,2026-01-07 19:10:00
9792,D,14688.0,2026-01-07 19:11:00
9793,A,14689.5,2026-01-07 19:12:00
9794,B,14691.0,2026-01-07 19:13:00
9795,C,14692.5,2026-01-07 19:14:00
9796,D,14694.0,2026-01-07 19:15:00
9797,A,14695.5,2026-01-07 19:16:00
9798,B,14697.0,2026-01-07 19:17:00
9799,C,14698.5,2026-01-07 19:18:00
9800,D,14700.0,2026-01-07 19:19:00
9801,A,14701.5,2026-01-07 19:20:00
9802,B,14703.0,2026-01-07 19:21:00
9803,C,14704.5,2026-01-07 19:22:00
9804,D,14706.0,2026-01-07 19:23:00
9805,A,14707.5,2026-01-07 19:24:00
9806,B,14709.0,2026-01-07 19:25:00
9807,C,14710.5,2026-01-07 19:26:00
9808,D,14712.0,2026-01-07 19:27:00
9809,A,14713.5,2026-01-07 19:28:00
9810,B,14715.0,2026-01-07 19:29:00
9811,C,14716.5,2026-01-07 19:30:00
9812,D,14718.0,2026-01-07 19:31:00
9813,A,14719.5,2026-01-07 19:32:00
9814,B,14721.0,2026-01-07 19:33:00
9815,C,14722.5,2026-01-07 19:34:00
9816,D,14724.0,2026-01-07 19:35:00
9817,A,14725.5,2026-01-07 19:36:00
9818,B,14727.0,2026-01-07 19:37:00
9819,C,14728.5,2026-01-07 19:38:00
9820,D,14730.0,2026-01-07 19:39:00
9821,A,14731.5,2026-01-07 19:40:00
9822,B,14733.0,2026-01-07 19:41:00
9823,C,14734.5,2026-01-07 19:42:00
9824,D,14736.0,2026-01-07 19:43:00
9825,A,14737.5,2026-01-07 19:44:00
9826,B,14739.0,2026-01-07 19:45:00
9827,C,14740.5,2026-01-07 19:46:00
9828,D,14742.0,2026-01-07 19:47:00
9829,A,14743.5,2026-01-07 19:48:00
9830,B,14745.0,2026-01-07 19:49:00
9831,C,14746.5,2026-01-07 19:50:00
9832,D,14748.0,2026-01-07 19:51:00
9833,A,14749.5,2026-01-07 19:52:00
9834,B,14751.0,2026-01-07 19:53:00
9835,C,14752.5,2026-01-07 19:54:00
9836,D,14754.0,2026-01-07 19:55:00
9837,A,14755.5,2026-01-07 19:56:00
9838,B,14757.0,2026-01-07 19:57:00
9839,C,14758.5,2026-01-07 19:58:00
9840,D,14760.0,2026-01-07 19:59:00
9841,A,14761.5,2026-01-07 20:00:00
9842,B,14763.0,2026-01-07 20:01:00
9843,C,14764.5,2026-01-07 20:02:00
9844,D,14766.0,2026-01-07 20:03:00
9845,A,14767.5,2026-01-07 20:04:00
9846,B,14769.0,2026-01-07 20:05:00
9847,C,14770.5,2026-01-07 20:06:00
9848,D,14772.0,2026-01-07 20:07:00
9849,A,14773.5,2026-01-07 20:08:00
9850,B,14775.0,2026-01-07 20:09:00
9851,C,14776.5,2026-01-07 20:10:00
9852,D,14778.0,2026-01-07 20:11:00
9853,A,14779.5,2026-01-07 20:12:00
9854,B,14781.0,2026-01-07 20:13:00
9855,C,14782.5,2026-01-07 20:14:00
9856,D,14784.0,2026-01-07 20:15:00
9857,A,14785.5,2026-01-07 20:16:00
9858,B,14787.0,2026-01-07 20:17:00
9859,C,14788.5,2026-01-07 20:18:00
9860,D,14790.0,2026-01-07 20:19:00
9861,A,14791.5,2026-01-07 20:20:00
9862,B,14793.0,2026-01-07 20:21:00
9863,C,14794.5,2026-01-07 20:22:00
9864,D,14796.0,2026-01-07 20:23:00
9865,A,14797.5,2026-01-07 20:24:00
9866,B,14799.0,2026-01-07 20:25:00
9867,C,14800.5,2026-01-07 20:26:00
9868,D,14802.0,2026-01-07 20:27:00
9869,A,14803.5,2026-01-07 20:28:00
9870,B,14805.0,2026-01-07 20:29:00
9871,C,14806.5,2026-01-07 20:30:00
9872,D,14808.0,2026-01-07 20:31:00
9873,A,14809.5,2026-01-07 20:32:00
9874,B,14811.0,2026-01-07 20:33:00
9875,C,14812.5,2026-01-07 20:34:00
9876,D,14814.0,2026-01-07 20:35:00
9877,A,14815.5,2026-01-07 20:36:00
9878,B,14817.0,2026-01-07 20:37:00
9879,C,14818.5,2026-01-07 20:38:00
9880,D,14820.0,2026-01-07 20:39:00
9881,A,14821.5,2026-01-07 20:40:00
9882,B,14823.0,2026-01-07 20:41:00
9883,C,14824.5,2026-01-07 20:42:00
9884,D,14826.0,2026-01-07 20:43:00
9885,A,14827.5,2026-01-07 20:44:00
9886,B,14829.0,2026-01-07 20:45:00
9887,C,14830.5,2026-01-07 20:46:00
9888,D,14832.0,2026-01-07 20:47:00
9889,A,14833.5,2026-01-07 20:48:00
9890,B,14835.0,2026-01-07 20:49:00
9891,C,14836.5,2026-01-07 20:50:00
9892,D,14838.0,2026-01-07 20:51:00
9893,A,14839.5,2026-01-07 20:52:00
9894,B,14841.0,2026-01-07 20:53:00
9895,C,14842.5,2026-01-07 20:54:00
9896,D,14844.0,2026-01-07 20:55:00
9897,A,14845.5,2026-01-07 20:56:00
9898,B,14847.0,2026-01-07 20:57:00
9899,C,14848.5,2026-01-07 20:58:00
9900,D,14850.0,2026-01-07 20:59:00
9901,A,14851.5,2026-01-07 21:00:00
9902,B,14853.0,2026-01-07 21:01:00
9903,C,14854.5,2026-01-07 21:02:00
9904,D,14856.0,2026-01-07 21:03:00
9905,A,14857.5,2026-01-07 21:04:00
9906,B,14859.0,2026-01-07 21:05:00
9907,C,14860.5,2026-01-07 21:06:00
9908,D,14862.0,2026-01-07 21:07:00
9909,A,14863.5,2026-01-07 21:08:00
9910,B,14865.0,2026-01-07 21:09:00
9911,C,14866.5,2026-01-07 21:10:00
9912,D,14868.0,2026-01-07 21:11:00
9913,A,14869.5,2026-01-07 21:12:00
9914,B,14871.0,2026-01-07 21:13:00
9915,C,14872.5,2026-01-07 21:14:00
9916,D,14874.0,2026-01-07 21:15:00
9917,A,14875.5,2026-01-07 21:16:00
9918,B,14877.0,2026-01-07 21:17:00
9919,C,14878.5,2026-01-07 21:18:00
9920,D,14880.0,2026-01-07 21:19:00
9921,A,14881.5,2026-01-07 21:20:00
9922,B,14883.0,2026-01-07 21:21:00
9923,C,14884.5,2026-01-07 21:22:00
9924,D,14886.0,2026-01-07 21:23:00
9925,A,14887.5,2026-01-07 21:24:00
9926,B,14889.0,2026-01-07 21:25:00
9927,C,14890.5,2026-01-07 21:26:00
9928,D,14892.0,2026-01-07 21:27:00
9929,A,14893.5,2026-01-07 21:28:00
9930,B,14895.0,2026-01-07 21:29:00
9931,C,14896.5,2026-01-07 21:30:00
9932,D,14898.0,2026-01-07 21:31:00
9933,A,14899.5,2026-01-07 21:32:00
9934,B,14901.0,2026-01-07 21:33:00
9935,C,14902.5,2026-01-07 21:34:00
9936,D,14904.0,2026-01-07 21:35:00
9937,A,14905.5,2026-01-07 21:36:00
9938,B,14907.0,2026-01-07 21:37:00
9939,C,14908.5,2026-01-07 21:38:00
9940,D,14910.0,2026-01-07 21:39:00
9941,A,14911.5,2026-01-07 21:40:00
9942,B,14913.0,2026-01-07 21:41:00
9943,C,14914.5,2026-01-07 21:42:00
9944,D,14916.0,2026-01-07 21:43:00
9945,A,14917.5,2026-01-07 21:44:00
9946,B,14919.0,2026-01-07 21:45:00
9947,C,14920.5,2026-01-07 21:46:00
9948,D,14922.0,2026-01-07 21:47:00
9949,A,14923.5,2026-01-07 21:48:00
9950,B,14925.0,2026-01-07 21:49:00
9951,C,14926.5,2026-01-07 21:50:00
9952,D,14928.0,2026-01-07 21:51:00
9953,A,14929.5,2026-01-07 21:52:00
9954,B,14931.0,2026-01-07 21:53:00
9955,C,14932.5,2026-01-07 21:54:00
9956,D,14934.0,2026-01-07 21:55:00
9957,A,14935.5,2026-01-07 21:56:00
9958,B,14937.0,2026-01-07 21:57:00
9959,C,14938.5,2026-01-07 21:58:00
9960,D,14940.0,2026-01-07 21:59:00
9961,A,14941.5,2026-01-07 22:00:00
9962,B,14943.0,2026-01-07 22:01:00
9963,C,14944.5,2026-01-07 22:02:00
9964,D,14946.0,2026-01-07 22:03:00
9965,A,14947.5,2026-01-07 22:04:00
9966,B,14949.0,2026-01-07 22:05:00
9967,C,14950.5,2026-01-07 22:06:00
9968,D,14952.0,2026-01-07 22:07:00
9969,A,14953.5,2026-01-07 22:08:00
9970,B,14955.0,2026-01-07 22:09:00
9971,C,14956.5,2026-01-07 22:10:00
9972,D,14958.0,2026-01-07 22:11:00
9973,A,14959.5,2026-01-07 22:12:00
9974,B,14961.0,2026-01-07 22:13:00
9975,C,14962.5,2026-01-07 22:14:00
9976,D,14964.0,2026-01-07 22:15:00
9977,A,14965.5,2026-01-07 22:16:00
9978,B,14967.0,2026-01-07 22:17:00
9979,C,14968.5,2026-01-07 22:18:00
9980,D,14970.0,2026-01-07 22:19:00
9981,A,14971.5,2026-01-07 22:20:00
9982,B,14973.0,2026-01-07 22:21:00
9983,C,14974.5,2026-01-07 22:22:00
9984,D,14976.0,2026-01-07 22:23:00
9985,A,14977.5,2026-01-07 22:24:00
9986,B,14979.0,2026-01-07 22:25:00
9987,C,14980.5,2026-01-07 22:26:00
9988,D,14982.0,2026-01-07 22:27:00
9989,A,14983.5,2026-01-07 22:28:00
9990,B,14985.0,2026-01-07 22:29:00
9991,C,14986.5,2026-01-07 22:30:00
9992,D,14988.0,2026-01-07 22:31:00
9993,A,14989.5,2026-01-07 22:32:00
9994,B,14991.0,2026-01-07 22:33:00
9995,C,14992.5,2026-01-07 22:34:00
9996,D,14994.0,2026-01-07 22:35:00
9997,A,14995.5,2026-01-07 22:36:00
9998,B,14997.0,2026-01-07 22:37:00
9999,C,14998.5,2026-01-07 22:38:00
10000,D,15000.0,2026-01-07 22:39:00
