Nombre,Precio,Cambio_24h,Market_Cap
Bitcoin,68018.0,3.28113,1359599804911
Ethereum,2013.13,4.5704,243006096158
Tether,0.999443,0.0764,185612251868
BNB,634.99,0.37052,86582464722
XRP,1.4,3.15225,85185631860
USDC,0.999729,-0.00916,72620249740
Solana,84.92,5.10526,48173295787
TRON,0.274001,1.685,25952723288
Dogecoin,0.095492,2.23769,16101621174
Figure Heloc,1.028,-0.29742,15421855072
